                                                                                      
                                       ``:oss/                                        
                           `.+s+.     .+ys--yh+     `./ss+.                           
                          -sh//yy+`   +yy   +yy    -+h+-oyy                           
                          -yh- .oyy/.-sh.   .syo-.:sy-  /yh                           
                 `.-.`    `yh+   -oyyyo.     `/syys:    oys      `.`                  
               `/+ssys+-` `sh+      `                   oys`   .:osyo`                
               -yh- ./syyooyo`                          .sys+/oyo--yh/                
               `yy+    .-:-.                             `-/+/:`  -sh-                
                /yh.                                              oys                 
          ``..---hho---------`   .---------..`      `.-----.`    -hd+---.             
       `./osmNMMMMMMMMMMMMMMMs. +NNMMMMMMMMNNmh+.   yNMMMMMNm-  oNMMMMMNmo++:`        
       +sy--/sdMMMhyyyyyyyNMMh- .oyNMMmyyyyyhNMMm+` -yMMMdyyo:` .oyyNMMNhs+syy`       
       -yy/   /MMM+.`-+/``mMMy-   `mMMh:`````.dMMN:` `MMMy-`-dhhy```mMMy:``+hs        
        -yy+` /MMMo:-mMM+`-oo/.    mMMh:     `dMMN/`  dMMm:`dMMMMy..MMMo-.+yo`        
         .sys`/MMMMNNMMMs-         mMMmyooooymMMNo:   oMMM/sMMMMMM++MMN//oh:          
          `sh+/MMMhyyMMMs- `-`     mMMMMMMMMMNmy+-`   -MMMhMMMsmMMmdMMd/yy+           
    `-/+++oyy-/MMM+.`/hh/.`mNm:`   mMMd+/////:-.`      NMMMMMd/:NMMMMMy:/yyo/:.`      
   +os+//:-..-oMMMo:--:::-/MMMo. .-mMMd+---`           hMMMMN+. oMMMMMo. `-+osyso:`   
   syo     `mNMMMMMNNNNNNNNMMMo.oNNMMMMMNNNN:`         +MMMMs:`  dMMMN/`     ``:syo   
   /yh`     :syyyyyyyyyyyyyyyy+.`+syyyyyyyyo:`         .oyys:`   .oyys:`        +yh   
   -yh-        ````````````````    `````````              ``        ``          oys   
   -+h/------------------------::::::::://////++++++++++++++++++++++///////::::/yd:   
   shdddddddddddddddddddddddddddddhhhhhhhhyyyyyssssssssssssssssyyyyyyyhhhhhhhddddh`   
                                                                                      
 Lee, H., Poncé, S., Bushick, K., Hajinazar, S., Lafuente-Bartolome, J.,Leveillee, J.,
    Lian, C., Lihm, J., Macheda, F., Mori, H., Paudyal, H., Sio, W., Tiwari, S.,      
 Zacharias, M., Zhang, X., Bonini, N., Kioupakis, E., Margine, E.R., and Giustino F., 
                                                     npj Comput Mater 9, 156 (2023)   
                                                                                      

     Program EPW v.5.8.1 starts on  4Dec2025 at 10:54:48 

     This program is part of the open-source Quantum ESPRESSO suite
     for quantum simulation of materials; please cite
         "P. Giannozzi et al., J. Phys.:Condens. Matter 21 395502 (2009);
         "P. Giannozzi et al., J. Phys.:Condens. Matter 29 465901 (2017);
         "P. Giannozzi et al., J. Chem. Phys. 152 154105 (2020);
          URL http://www.quantum-espresso.org", 
     in publications or presentations arising from this work. More details at
     http://www.quantum-espresso.org/quote

     Parallel version (MPI & OpenMP), running on       8 processor cores
     Number of MPI processes:                 8
     Threads/MPI process:                     1

     MPI processes distributed on     1 nodes
     K-points division:     npool     =       8
     501108 MiB available memory on the printing compute node when the environment starts

     Waiting for input...
     Reading input from standard input
      Title line not specified: using 'default'.

     WARNING: The specified dis_win_min is ignored.
              You should instead use bands_skipped = 'exclude_bands = ...'
              to control the lower bound of band manifold.

     Reading supplied temperature list.

     Reading xml data from directory:

     ./gan.save/

     IMPORTANT: XC functional enforced from input :
     Exchange-correlation= PZ
                           (   1   1   0   0   0   0   0)
     Any further DFT definition will be discarded
     Please, verify this is what you really want


     G-vector sticks info
     --------------------
     sticks:   dense  smooth     PW     G-vecs:    dense   smooth      PW
     Sum         385     385    139                10179    10179    2069

     Using Slab Decomposition


     Check: negative core charge=   -0.000043
     Reading collected, re-writing distributed wavefunctions
  autoval = -.1853E+01
     Irreps are as follows:

                     mode #   1
                     (   0.00000  -0.00000   ) 
                     (   0.00000  -0.00000   ) 
                     (   0.00000  -0.00000   ) 
                     (  -0.70711  -0.00000   ) 
                     (   0.00079  -0.00000   ) 
                     (  -0.00000  -0.00000   ) 
                     (  -0.00000  -0.00000   ) 
                     (  -0.00000  -0.00000   ) 
                     (  -0.00000  -0.00000   ) 
                     (  -0.70711  -0.00000   ) 
                     (   0.00079  -0.00000   ) 
                     (   0.00000  -0.00000   ) 
  autoval = -.1853E+01
     Irreps are as follows:

                     mode #   2
                     (   0.00000   0.00000   ) 
                     (   0.00000   0.00000   ) 
                     (  -0.00000  -0.00000   ) 
                     (  -0.00079  -0.00000   ) 
                     (  -0.70711  -0.00000   ) 
                     (  -0.00000  -0.00000   ) 
                     (  -0.00000  -0.00000   ) 
                     (  -0.00000  -0.00000   ) 
                     (   0.00000   0.00000   ) 
                     (  -0.00079  -0.00000   ) 
                     (  -0.70711  -0.00000   ) 
                     (  -0.00000  -0.00000   ) 
  autoval = -.7565E+00
     Irreps are as follows:

                     mode #   3
                     (   0.00000  -0.00000   ) 
                     (   0.00000  -0.00000   ) 
                     (   0.00000  -0.00000   ) 
                     (   0.00000  -0.00000   ) 
                     (   0.00000  -0.00000   ) 
                     (  -0.70711  -0.00000   ) 
                     (  -0.00000  -0.00000   ) 
                     (  -0.00000  -0.00000   ) 
                     (  -0.00000  -0.00000   ) 
                     (  -0.00000  -0.00000   ) 
                     (   0.00000  -0.00000   ) 
                     (  -0.70711  -0.00000   ) 
  autoval = -.9675E-01
     Irreps are as follows:

                     mode #   4
                     (  -0.00000  -0.00000   ) 
                     (   0.00000  -0.00000   ) 
                     (  -0.70711  -0.00000   ) 
                     (  -0.00000  -0.00000   ) 
                     (  -0.00000  -0.00000   ) 
                     (   0.00000  -0.00000   ) 
                     (   0.00000  -0.00000   ) 
                     (  -0.00000  -0.00000   ) 
                     (   0.70711  -0.00000   ) 
                     (   0.00000  -0.00000   ) 
                     (   0.00000  -0.00000   ) 
                     (  -0.00000  -0.00000   ) 
  autoval = 0.8843E-01
     Irreps are as follows:

                     mode #   5
                     (  -0.00000  -0.00000   ) 
                     (   0.00000   0.00000   ) 
                     (  -0.70711  -0.00000   ) 
                     (   0.00000   0.00000   ) 
                     (   0.00000   0.00000   ) 
                     (  -0.00000  -0.00000   ) 
                     (   0.00000   0.00000   ) 
                     (  -0.00000  -0.00000   ) 
                     (  -0.70711  -0.00000   ) 
                     (  -0.00000  -0.00000   ) 
                     (  -0.00000  -0.00000   ) 
                     (   0.00000   0.00000   ) 
  autoval = 0.9636E-01
     Irreps are as follows:

                     mode #   6
                     (  -0.00000  -0.00000   ) 
                     (  -0.00000  -0.00000   ) 
                     (   0.00000  -0.00000   ) 
                     (  -0.00000  -0.00000   ) 
                     (   0.00000  -0.00000   ) 
                     (  -0.70711  -0.00000   ) 
                     (   0.00000  -0.00000   ) 
                     (   0.00000  -0.00000   ) 
                     (   0.00000  -0.00000   ) 
                     (   0.00000  -0.00000   ) 
                     (  -0.00000  -0.00000   ) 
                     (   0.70711  -0.00000   ) 
  autoval = 0.2026E+00
     Irreps are as follows:

                     mode #   7
                     (  -0.00084  -0.00000   ) 
                     (  -0.70711  -0.00000   ) 
                     (  -0.00000  -0.00000   ) 
                     (  -0.00000  -0.00000   ) 
                     (  -0.00000  -0.00000   ) 
                     (   0.00000   0.00000   ) 
                     (   0.00084   0.00000   ) 
                     (   0.70711   0.00000   ) 
                     (  -0.00000  -0.00000   ) 
                     (   0.00000   0.00000   ) 
                     (   0.00000   0.00000   ) 
                     (   0.00000   0.00000   ) 
  autoval = 0.2026E+00
     Irreps are as follows:

                     mode #   8
                     (  -0.70711  -0.00000   ) 
                     (   0.00084  -0.00000   ) 
                     (   0.00000  -0.00000   ) 
                     (  -0.00000  -0.00000   ) 
                     (  -0.00000  -0.00000   ) 
                     (  -0.00000  -0.00000   ) 
                     (   0.70711  -0.00000   ) 
                     (  -0.00084  -0.00000   ) 
                     (  -0.00000  -0.00000   ) 
                     (  -0.00000  -0.00000   ) 
                     (  -0.00000  -0.00000   ) 
                     (  -0.00000  -0.00000   ) 
  autoval = 0.8859E+00
     Irreps are as follows:

                     mode #   9
                     (  -0.00000  -0.00000   ) 
                     (   0.00000  -0.00000   ) 
                     (  -0.00000  -0.00000   ) 
                     (  -0.00160  -0.00000   ) 
                     (  -0.70710  -0.00000   ) 
                     (   0.00000  -0.00000   ) 
                     (  -0.00000  -0.00000   ) 
                     (  -0.00000  -0.00000   ) 
                     (  -0.00000  -0.00000   ) 
                     (   0.00160  -0.00000   ) 
                     (   0.70710  -0.00000   ) 
                     (   0.00000  -0.00000   ) 
  autoval = 0.8859E+00
     Irreps are as follows:

                     mode #  10
                     (  -0.00000  -0.00000   ) 
                     (   0.00000   0.00000   ) 
                     (  -0.00000  -0.00000   ) 
                     (  -0.70710  -0.00000   ) 
                     (   0.00160   0.00000   ) 
                     (   0.00000   0.00000   ) 
                     (  -0.00000  -0.00000   ) 
                     (  -0.00000  -0.00000   ) 
                     (  -0.00000  -0.00000   ) 
                     (   0.70710   0.00000   ) 
                     (  -0.00160  -0.00000   ) 
                     (  -0.00000  -0.00000   ) 
  autoval = 0.1400E+01
     Irreps are as follows:

                     mode #  11
                     (  -0.00082  -0.00000   ) 
                     (   0.70711   0.00000   ) 
                     (   0.00000   0.00000   ) 
                     (   0.00000   0.00000   ) 
                     (   0.00000   0.00000   ) 
                     (  -0.00000  -0.00000   ) 
                     (  -0.00082  -0.00000   ) 
                     (   0.70711   0.00000   ) 
                     (  -0.00000  -0.00000   ) 
                     (  -0.00000  -0.00000   ) 
                     (  -0.00000  -0.00000   ) 
                     (   0.00000   0.00000   ) 
  autoval = 0.1400E+01
     Irreps are as follows:

                     mode #  12
                     (  -0.70711  -0.00000   ) 
                     (  -0.00082  -0.00000   ) 
                     (   0.00000  -0.00000   ) 
                     (   0.00000  -0.00000   ) 
                     (   0.00000  -0.00000   ) 
                     (  -0.00000  -0.00000   ) 
                     (  -0.70711  -0.00000   ) 
                     (  -0.00082  -0.00000   ) 
                     (  -0.00000  -0.00000   ) 
                     (  -0.00000  -0.00000   ) 
                     (  -0.00000  -0.00000   ) 
                     (   0.00000  -0.00000   ) 

     default                                                                    

     bravais-lattice index     =            4
     lattice parameter (a_0)   =       5.9612  a.u.
     unit-cell volume          =     299.0148 (a.u.)^3
     number of atoms/cell      =            4
     number of atomic types    =            2
     kinetic-energy cut-off    =      40.0000  Ry
     charge density cut-off    =     160.0000  Ry
     Exchange-correlation= PZ
                           (   1   1   0   0   0   0   0)


     celldm(1)=    5.96120  celldm(2)=    0.00000  celldm(3)=    1.62990
     celldm(4)=    0.00000  celldm(5)=    0.00000  celldm(6)=    0.00000

     crystal axes: (cart. coord. in units of a_0)
               a(1) = (  1.0000  0.0000  0.0000 )  
               a(2) = ( -0.5000  0.8660  0.0000 )  
               a(3) = (  0.0000  0.0000  1.6299 )  

     reciprocal axes: (cart. coord. in units 2 pi/a_0)
               b(1) = (  1.0000  0.5774 -0.0000 )  
               b(2) = (  0.0000  1.1547  0.0000 )  
               b(3) = (  0.0000 -0.0000  0.6135 )  


     Atoms inside the unit cell: 

   Cartesian axes

     site n.  atom      mass           positions (a_0 units)
        1     Ga     69.7230   tau( 1) = (    0.50000    0.28868    0.00000  )
        2     N      14.0070   tau( 2) = (    0.50000    0.28868    0.61359  )
        3     Ga     69.7230   tau( 3) = (   -0.00000    0.57735    0.81495  )
        4     N      14.0070   tau( 4) = (   -0.00000    0.57735    1.42854  )

     13 Sym.Ops. (with q -> -q+G )

                                    s                        frac. trans.

      isym =  1     identity                                     

 cryst.   s( 1) = (     1     0     0 )
                  (     0          1          0      )
                  (     0          0          1      )

 cart.   s( 1) = (  1.0000000  0.0000000  0.0000000 )
                  (  0.0000000  1.0000000  0.0000000 )
                  (  0.0000000  0.0000000  1.0000000 )


      isym =  2     180 deg rotation - cart. axis [0,0,1]        

 cryst.   s( 2) = (    -1     0     0 )    f =(  0.0000000 )
                  (     0         -1          0      )       (  0.0000000 )
                  (     0          0          1      )       (  0.5000000 )

 cart.   s( 2) = ( -1.0000000  0.0000000  0.0000000 )    f =(  0.0000000 )
                  (  0.0000000 -1.0000000  0.0000000 )       (  0.0000000 )
                  (  0.0000000  0.0000000  1.0000000 )       (  0.8149500 )


      isym =  3      60 deg rotation - cryst. axis [0,0,1]       

 cryst.   s( 3) = (     1     1     0 )    f =( -0.0000000 )
                  (    -1          0          0      )       (  0.0000000 )
                  (     0          0          1      )       (  0.5000000 )

 cart.   s( 3) = (  0.5000000 -0.8660254  0.0000000 )    f =( -0.0000000 )
                  (  0.8660254  0.5000000  0.0000000 )       (  0.0000000 )
                  (  0.0000000  0.0000000  1.0000000 )       (  0.8149500 )


      isym =  4      60 deg rotation - cryst. axis [0,0,-1]      

 cryst.   s( 4) = (     0    -1     0 )    f =(  0.0000000 )
                  (     1          1          0      )       (  0.0000000 )
                  (     0          0          1      )       (  0.5000000 )

 cart.   s( 4) = (  0.5000000  0.8660254  0.0000000 )    f =( -0.0000000 )
                  ( -0.8660254  0.5000000  0.0000000 )       (  0.0000000 )
                  (  0.0000000  0.0000000  1.0000000 )       (  0.8149500 )


      isym =  5     120 deg rotation - cryst. axis [0,0,1]       

 cryst.   s( 5) = (     0     1     0 )
                  (    -1         -1          0      )
                  (     0          0          1      )

 cart.   s( 5) = ( -0.5000000 -0.8660254  0.0000000 )
                  (  0.8660254 -0.5000000  0.0000000 )
                  (  0.0000000  0.0000000  1.0000000 )


      isym =  6     120 deg rotation - cryst. axis [0,0,-1]      

 cryst.   s( 6) = (    -1    -1     0 )
                  (     1          0          0      )
                  (     0          0          1      )

 cart.   s( 6) = ( -0.5000000  0.8660254  0.0000000 )
                  ( -0.8660254 -0.5000000  0.0000000 )
                  (  0.0000000  0.0000000  1.0000000 )


      isym =  7     inv. 180 deg rotation - cart. axis [0,1,0]   

 cryst.   s( 7) = (     1     0     0 )    f =( -0.0000000 )
                  (    -1         -1          0      )       (  0.0000000 )
                  (     0          0          1      )       (  0.5000000 )

 cart.   s( 7) = (  1.0000000  0.0000000  0.0000000 )    f =( -0.0000000 )
                  (  0.0000000 -1.0000000  0.0000000 )       (  0.0000000 )
                  (  0.0000000  0.0000000  1.0000000 )       (  0.8149500 )


      isym =  8     inv. 180 deg rotation - cart. axis [1,0,0]   

 cryst.   s( 8) = (    -1     0     0 )
                  (     1          1          0      )
                  (     0          0          1      )

 cart.   s( 8) = ( -1.0000000  0.0000000  0.0000000 )
                  (  0.0000000  1.0000000  0.0000000 )
                  (  0.0000000  0.0000000  1.0000000 )


      isym =  9     inv. 180 deg rotation - cryst. axis [1,-1,0] 

 cryst.   s( 9) = (     0     1     0 )    f =(  0.0000000 )
                  (     1          0          0      )       (  0.0000000 )
                  (     0          0          1      )       (  0.5000000 )

 cart.   s( 9) = ( -0.5000000  0.8660254  0.0000000 )    f =(  0.0000000 )
                  (  0.8660254  0.5000000  0.0000000 )       (  0.0000000 )
                  (  0.0000000  0.0000000  1.0000000 )       (  0.8149500 )


      isym = 10     inv. 180 deg rotation - cryst. axis [2,1,0]  

 cryst.   s(10) = (    -1    -1     0 )    f =(  0.0000000 )
                  (     0          1          0      )       (  0.0000000 )
                  (     0          0          1      )       (  0.5000000 )

 cart.   s(10) = ( -0.5000000 -0.8660254  0.0000000 )    f =( -0.0000000 )
                  ( -0.8660254  0.5000000  0.0000000 )       (  0.0000000 )
                  (  0.0000000  0.0000000  1.0000000 )       (  0.8149500 )


      isym = 11     inv. 180 deg rotation - cryst. axis [0,1,0]  

 cryst.   s(11) = (     1     1     0 )
                  (     0         -1          0      )
                  (     0          0          1      )

 cart.   s(11) = (  0.5000000  0.8660254  0.0000000 )
                  (  0.8660254 -0.5000000  0.0000000 )
                  (  0.0000000  0.0000000  1.0000000 )


      isym = 12     inv. 180 deg rotation - cryst. axis [1,1,0]  

 cryst.   s(12) = (     0    -1     0 )
                  (    -1          0          0      )
                  (     0          0          1      )

 cart.   s(12) = (  0.5000000 -0.8660254  0.0000000 )
                  ( -0.8660254 -0.5000000  0.0000000 )
                  (  0.0000000  0.0000000  1.0000000 )


     This transformation sends q -> -q+G

      isym = 13     identity                                     

 cryst.   s(13) = (     1     0     0 )
                  (     0          1          0      )
                  (     0          0          1      )

 cart.   s(13) = (  1.0000000  0.0000000  0.0000000 )
                  (  0.0000000  1.0000000  0.0000000 )
                  (  0.0000000  0.0000000  1.0000000 )


     G cutoff =  144.0216  (  10179 G-vectors)     FFT grid: ( 25, 25, 40)
     number of k points=    8
                       cart. coord. in units 2pi/a_0
        k(    1) = (   0.0000000   0.0000000   0.0000000), wk =   0.2500000
        k(    2) = (   0.0000000   0.0000000   0.3067673), wk =   0.2500000
        k(    3) = (   0.0000000   0.5773503   0.0000000), wk =   0.2500000
        k(    4) = (   0.0000000   0.5773503   0.3067673), wk =   0.2500000
        k(    5) = (   0.5000000   0.2886751   0.0000000), wk =   0.2500000
        k(    6) = (   0.5000000   0.2886751   0.3067673), wk =   0.2500000
        k(    7) = (   0.5000000   0.8660254   0.0000000), wk =   0.2500000
        k(    8) = (   0.5000000   0.8660254   0.3067673), wk =   0.2500000

                       cryst. coord.
        k(    1) = (   0.0000000   0.0000000   0.0000000), wk =   0.2500000
        k(    2) = (   0.0000000   0.0000000   0.5000000), wk =   0.2500000
        k(    3) = (   0.0000000   0.5000000   0.0000000), wk =   0.2500000
        k(    4) = (   0.0000000   0.5000000   0.5000000), wk =   0.2500000
        k(    5) = (   0.5000000  -0.0000000   0.0000000), wk =   0.2500000
        k(    6) = (   0.5000000  -0.0000000   0.5000000), wk =   0.2500000
        k(    7) = (   0.5000000   0.5000000   0.0000000), wk =   0.2500000
        k(    8) = (   0.5000000   0.5000000   0.5000000), wk =   0.2500000

     PseudoPot. # 1 for Ga read from file:
     ./Ga-LDA.upf
     MD5 check sum: 876592653117dae7654c8939816812b6
     Pseudo is Norm-conserving + core correction, Zval = 13.0
     Generated using ONCVPSP code by D. R. Hamann
     Using radial grid of 1858 points,  6 beta functions with: 
                l(1) =   0
                l(2) =   0
                l(3) =   1
                l(4) =   1
                l(5) =   2
                l(6) =   2

     PseudoPot. # 2 for N  read from file:
     ./N-LDA.upf
     MD5 check sum: 866fc8d98626a2fc4e4cda8444e99222
     Pseudo is Norm-conserving + core correction, Zval =  5.0
     Generated using ONCVPSP code by D. R. Hamann
     Using radial grid of 1058 points,  4 beta functions with: 
                l(1) =   0
                l(2) =   0
                l(3) =   1
                l(4) =   1
     EPW          :      0.41s CPU      0.45s WALL

     EPW          :      0.41s CPU      0.45s WALL


     -------------------------------------------------------------------
     Using gan.ukk from disk
     -------------------------------------------------------------------


     Calculating kgmap

     Progress kgmap: ########################################
     kmaps        :      0.02s CPU      0.05s WALL (       1 calls)
     Estimated size of gmap: ngxx = 1928
     Symmetries of Bravais lattice:  24
     Symmetries of crystal:          12


     ===================================================================
     irreducible q point #    1
     ===================================================================

     Symmetries of small group of q: 12
          in addition sym. q -> -q+G:

     Number of q in the star =    1
     List of q in the star:
          1   0.000000000   0.000000000   0.000000000
     Imposing acoustic sum rule on the dynamical matrix
     Read dielectric tensor and effective charges
     Frequencies of the matrix for the current q in the star (cm^-1)
    -0.00000     0.00000     0.00001   167.37506   167.37506   376.56430
   573.07312   617.48995   617.48995   618.66564   618.66564   686.17670

        q(    1 ) = (   0.0000000   0.0000000   0.0000000 )
                                    s                        frac. trans.

      isym =  1     identity                                     

 cryst.   s( 1) = (     1          0          0      )
                  (     0          1          0      )
                  (     0          0          1      )

 cart.    s( 1) = (  1.0000000  0.0000000  0.0000000 )
                  (  0.0000000  1.0000000  0.0000000 )
                  (  0.0000000  0.0000000  1.0000000 )


      isym =  2     180 deg rotation - cart. axis [0,0,1]        

 cryst.   s( 2) = (    -1          0          0      )    f =( -0.0000000 )
                  (     0         -1          0      )       ( -0.0000000 )
                  (     0          0          1      )       (  0.5000000 )

 cart.    s( 2) = ( -1.0000000  0.0000000  0.0000000 )    f =( -0.0000000 )
                  (  0.0000000 -1.0000000  0.0000000 )       ( -0.0000000 )
                  (  0.0000000  0.0000000  1.0000000 )       (  0.8149500 )


      isym =  3     inv. 180 deg rotation - cart. axis [0,1,0]   

 cryst.   s( 3) = (     1          0          0      )    f =( -0.0000000 )
                  (    -1         -1          0      )       ( -0.0000000 )
                  (     0          0          1      )       (  0.5000000 )

 cart.    s( 3) = (  1.0000000  0.0000000  0.0000000 )    f =( -0.0000000 )
                  (  0.0000000 -1.0000000  0.0000000 )       ( -0.0000000 )
                  (  0.0000000  0.0000000  1.0000000 )       (  0.8149500 )


      isym =  4     inv. 180 deg rotation - cart. axis [1,0,0]   

 cryst.   s( 4) = (    -1          0          0      )
                  (     1          1          0      )
                  (     0          0          1      )

 cart.    s( 4) = ( -1.0000000  0.0000000  0.0000000 )
                  (  0.0000000  1.0000000  0.0000000 )
                  (  0.0000000  0.0000000  1.0000000 )


      isym =  5     120 deg rotation - cryst. axis [0,0,1]       

 cryst.   s( 5) = (     0          1          0      )
                  (    -1         -1          0      )
                  (     0          0          1      )

 cart.    s( 5) = ( -0.5000000 -0.8660254  0.0000000 )
                  (  0.8660254 -0.5000000  0.0000000 )
                  (  0.0000000  0.0000000  1.0000000 )


      isym =  6     120 deg rotation - cryst. axis [0,0,-1]      

 cryst.   s( 6) = (    -1         -1          0      )
                  (     1          0          0      )
                  (     0          0          1      )

 cart.    s( 6) = ( -0.5000000  0.8660254  0.0000000 )
                  ( -0.8660254 -0.5000000  0.0000000 )
                  (  0.0000000  0.0000000  1.0000000 )


      isym =  7      60 deg rotation - cryst. axis [0,0,1]       

 cryst.   s( 7) = (     1          1          0      )    f =( -0.0000000 )
                  (    -1          0          0      )       ( -0.0000000 )
                  (     0          0          1      )       (  0.5000000 )

 cart.    s( 7) = (  0.5000000 -0.8660254  0.0000000 )    f =( -0.0000000 )
                  (  0.8660254  0.5000000  0.0000000 )       ( -0.0000000 )
                  (  0.0000000  0.0000000  1.0000000 )       (  0.8149500 )


      isym =  8      60 deg rotation - cryst. axis [0,0,-1]      

 cryst.   s( 8) = (     0         -1          0      )    f =(  0.0000000 )
                  (     1          1          0      )       (  0.0000000 )
                  (     0          0          1      )       (  0.5000000 )

 cart.    s( 8) = (  0.5000000  0.8660254  0.0000000 )    f =( -0.0000000 )
                  ( -0.8660254  0.5000000  0.0000000 )       (  0.0000000 )
                  (  0.0000000  0.0000000  1.0000000 )       (  0.8149500 )


      isym =  9     inv. 180 deg rotation - cryst. axis [1,-1,0] 

 cryst.   s( 9) = (     0          1          0      )    f =(  0.0000000 )
                  (     1          0          0      )       ( -0.0000000 )
                  (     0          0          1      )       (  0.5000000 )

 cart.    s( 9) = ( -0.5000000  0.8660254  0.0000000 )    f =(  0.0000000 )
                  (  0.8660254  0.5000000  0.0000000 )       ( -0.0000000 )
                  (  0.0000000  0.0000000  1.0000000 )       (  0.8149500 )


      isym = 10     inv. 180 deg rotation - cryst. axis [2,1,0]  

 cryst.   s(10) = (    -1         -1          0      )    f =( -0.0000000 )
                  (     0          1          0      )       (  0.0000000 )
                  (     0          0          1      )       (  0.5000000 )

 cart.    s(10) = ( -0.5000000 -0.8660254  0.0000000 )    f =( -0.0000000 )
                  ( -0.8660254  0.5000000  0.0000000 )       (  0.0000000 )
                  (  0.0000000  0.0000000  1.0000000 )       (  0.8149500 )


      isym = 11     inv. 180 deg rotation - cryst. axis [0,1,0]  

 cryst.   s(11) = (     1          1          0      )
                  (     0         -1          0      )
                  (     0          0          1      )

 cart.    s(11) = (  0.5000000  0.8660254  0.0000000 )
                  (  0.8660254 -0.5000000  0.0000000 )
                  (  0.0000000  0.0000000  1.0000000 )


      isym = 12     inv. 180 deg rotation - cryst. axis [1,1,0]  

 cryst.   s(12) = (     0         -1          0      )
                  (    -1          0          0      )
                  (     0          0          1      )

 cart.    s(12) = (  0.5000000 -0.8660254  0.0000000 )
                  ( -0.8660254 -0.5000000  0.0000000 )
                  (  0.0000000  0.0000000  1.0000000 )

 iq, i, isym, nog, non_symmorphic
    1    1    1  T  F
    1    2    2  T  T
    1    3    3  T  T
    1    4    4  T  F
    1    5    5  T  F
    1    6    6  T  F
    1    7    7  T  T
    1    8    8  T  T
    1    9    9  T  T
    1   10   10  T  T
    1   11   11  T  F
    1   12   12  T  F
     Frequencies of the matrix for the first q in the star (cm^{-1})
    -0.00000     0.00000     0.00001   167.37506   167.37506   376.56430
   573.07312   617.48995   617.48995   618.66564   618.66564   686.17670
     Frequencies of the matrix for the first q in the star (meV)
    -0.00000     0.00000     0.00000    20.75186    20.75186    46.68802
    71.05201    76.55900    76.55900    76.70476    76.70476    85.07507
   0.0000000000   0.0000000000
   0.0000000000   0.0000000000
   0.0000000000   0.0000000000
   0.0000000000   0.0000000000
   0.0000000000   0.0000000000
   0.0000000000   0.0000000000
   0.0000000000   0.0000000000
   0.0000000000   0.0000000000
   0.0000000000   0.0000000000
   0.0000000000   0.0000000000
   0.0000000000   0.0000000000
   0.0000000000   0.0000000000
   0.0000000000   0.0000000000
   0.0000000000   0.0000000000
   0.0000000000   0.0000000000
   0.0000000000   0.0000000000
  -0.0000000000   0.0000000000
   0.0000000000   0.0000000000
   0.0000000000   0.0000000000
  -0.0000000000   0.0000000000
   0.0000000000   0.0000000000
   0.0000000000   0.0000000000
  -0.0000000000   0.0000000000
   0.0000000000   0.0000000000
   0.0000000000   0.0000000000
   0.0000000000   0.0000000000
   0.0000000000   0.0000000000
   0.0000000000   0.0000000000
   0.0000000000   0.0000000000
  -0.0000000000   0.0000000000
   0.0000000000   0.0000000000
   0.0000000000   0.0000000000
  -0.0000000000   0.0000000000
   0.0000000000   0.0000000000
   0.0000000000   0.0000000000
  -0.0000000000   0.0000000000
   0.0000000000   0.0000000000
   0.0000000000   0.0000000000
   0.0000000000   0.0000000000
   0.0000000000   0.0000000000
   0.0000000000   0.0000000000
   0.0000000000   0.0000000000
   0.0000000000   0.0000000000
   0.0000000000   0.0000000000
   0.0000000000   0.0000000000
   0.0000000000   0.0000000000
   0.0000000000   0.0000000000
   0.0000000000   0.0000000000
   0.0000000000   0.0000000000
  -0.0000000000   0.0000000000
   0.0000000000   0.0000000000
   0.0000000000   0.0000000000
   0.0000000000   0.0000000000
   0.0000000000   0.0000000000
   0.0000000000   0.0000000000
  -0.0000000000   0.0000000000
   0.0000000000   0.0000000000
   0.0000000000   0.0000000000
  -0.0000000000   0.0000000000
   0.0000000000   0.0000000000
   0.0000000000   0.0000000000
   0.0000000000   0.0000000000
  -0.0000000000   0.0000000000
   0.0000000000   0.0000000000
   0.0000000000   0.0000000000
   0.0000000000   0.0000000000
   0.0000000000   0.0000000000
   0.0000000000   0.0000000000
  -0.0000000000   0.0000000000
   0.0000000000   0.0000000000
   0.0000000000   0.0000000000
  -0.0000000000   0.0000000000
   0.0000000000   0.0000000000
   0.0000000000   0.0000000000
   0.0000000000   0.0000000000
   0.0000000000   0.0000000000
   0.0000000000   0.0000000000
   0.0000000000   0.0000000000
   0.0000000000   0.0000000000
   0.0000000000   0.0000000000
   0.0000000000   0.0000000000
   0.0000000000   0.0000000000
   0.0000000000   0.0000000000
   0.0000000000   0.0000000000
   0.0000000000   0.0000000000
  -0.0000000000   0.0000000000
   0.0000000000   0.0000000000
   0.0000000000   0.0000000000
  -0.0000000000   0.0000000000
   0.0000000000   0.0000000000
   0.0000000000   0.0000000000
   0.0000000000   0.0000000000
   0.0000000000   0.0000000000
   0.0000000000   0.0000000000
  -0.0000000000   0.0000000000
   0.0000000000   0.0000000000
   0.0000000000   0.0000000000
   0.0000000000   0.0000000000
  -0.0000000000   0.0000000000
   0.0000000000   0.0000000000
   0.0000000000   0.0000000000
  -0.0000000000   0.0000000000
   0.0000000000   0.0000000000
   0.0000000000   0.0000000000
   0.0000000000   0.0000000000
   0.0000000000   0.0000000000
   0.0000000000   0.0000000000
  -0.0000000000   0.0000000000
   0.0000000000   0.0000000000
   0.0000000000   0.0000000000
   0.0000000000   0.0000000000
   0.0000000000   0.0000000000
   0.0000000000   0.0000000000
   0.0000000000   0.0000000000
   0.0000000000   0.0000000000
   0.0000000000   0.0000000000
   0.0000000000   0.0000000000
   0.0000000000   0.0000000000
   0.0000000000   0.0000000000
   0.0000000000   0.0000000000
   0.0000000000   0.0000000000
  -0.0000000000   0.0000000000
   0.0000000000   0.0000000000
   0.0000000000   0.0000000000
  -0.0000000000   0.0000000000
   0.0000000000   0.0000000000
   0.0000000000   0.0000000000
  -0.0000000000   0.0000000000
   0.0000000000   0.0000000000
   0.0000000000   0.0000000000
   0.0000000000   0.0000000000
   0.0000000000   0.0000000000
   0.0000000000   0.0000000000
   0.0000000000   0.0000000000
  -0.0000000000   0.0000000000
   0.0000000000   0.0000000000
   0.0000000000   0.0000000000
  -0.0000000000   0.0000000000
   0.0000000000   0.0000000000
   0.0000000000   0.0000000000
  -0.0000000000   0.0000000000
   0.0000000000   0.0000000000
   0.0000000000   0.0000000000
   0.0000000000   0.0000000000
     Frequencies of the matrix for the current q in the star (cm^{-1})
     0.00000     0.00001     0.00001   167.37506   167.37506   376.56430
   573.07312   617.48995   617.48995   618.66564   618.66564   686.17670


     ===================================================================
     irreducible q point #    2
     ===================================================================

     Symmetries of small group of q: 12
          in addition sym. q -> -q+G:

     Number of q in the star =    1
     List of q in the star:
          1   0.000000000   0.000000000  -0.306767286
     Frequencies of the matrix for the current q in the star (cm^-1)
   153.45149   153.45149   153.45149   153.45149   293.57251   293.57251
   619.65328   619.65328   619.65328   619.65328   726.63933   726.63933
     Message from routine init_vloc:
     Interpolation table for Vloc re-allocated

        q(    2 ) = (   0.0000000   0.0000000  -0.3067673 )
                                    s                        frac. trans.

      isym =  1     identity                                     

 cryst.   s( 1) = (     1          0          0      )
                  (     0          1          0      )
                  (     0          0          1      )

 cart.    s( 1) = (  1.0000000  0.0000000  0.0000000 )
                  (  0.0000000  1.0000000  0.0000000 )
                  (  0.0000000  0.0000000  1.0000000 )


      isym =  2     180 deg rotation - cart. axis [0,0,1]        

 cryst.   s( 2) = (    -1          0          0      )    f =( -0.0000000 )
                  (     0         -1          0      )       ( -0.0000000 )
                  (     0          0          1      )       (  0.5000000 )

 cart.    s( 2) = ( -1.0000000  0.0000000  0.0000000 )    f =( -0.0000000 )
                  (  0.0000000 -1.0000000  0.0000000 )       ( -0.0000000 )
                  (  0.0000000  0.0000000  1.0000000 )       (  0.8149500 )


      isym =  3     inv. 180 deg rotation - cart. axis [0,1,0]   

 cryst.   s( 3) = (     1          0          0      )    f =( -0.0000000 )
                  (    -1         -1          0      )       ( -0.0000000 )
                  (     0          0          1      )       (  0.5000000 )

 cart.    s( 3) = (  1.0000000  0.0000000  0.0000000 )    f =( -0.0000000 )
                  (  0.0000000 -1.0000000  0.0000000 )       ( -0.0000000 )
                  (  0.0000000  0.0000000  1.0000000 )       (  0.8149500 )


      isym =  4     inv. 180 deg rotation - cart. axis [1,0,0]   

 cryst.   s( 4) = (    -1          0          0      )
                  (     1          1          0      )
                  (     0          0          1      )

 cart.    s( 4) = ( -1.0000000  0.0000000  0.0000000 )
                  (  0.0000000  1.0000000  0.0000000 )
                  (  0.0000000  0.0000000  1.0000000 )


      isym =  5     120 deg rotation - cryst. axis [0,0,1]       

 cryst.   s( 5) = (     0          1          0      )
                  (    -1         -1          0      )
                  (     0          0          1      )

 cart.    s( 5) = ( -0.5000000 -0.8660254  0.0000000 )
                  (  0.8660254 -0.5000000  0.0000000 )
                  (  0.0000000  0.0000000  1.0000000 )


      isym =  6     120 deg rotation - cryst. axis [0,0,-1]      

 cryst.   s( 6) = (    -1         -1          0      )
                  (     1          0          0      )
                  (     0          0          1      )

 cart.    s( 6) = ( -0.5000000  0.8660254  0.0000000 )
                  ( -0.8660254 -0.5000000  0.0000000 )
                  (  0.0000000  0.0000000  1.0000000 )


      isym =  7      60 deg rotation - cryst. axis [0,0,1]       

 cryst.   s( 7) = (     1          1          0      )    f =( -0.0000000 )
                  (    -1          0          0      )       ( -0.0000000 )
                  (     0          0          1      )       (  0.5000000 )

 cart.    s( 7) = (  0.5000000 -0.8660254  0.0000000 )    f =( -0.0000000 )
                  (  0.8660254  0.5000000  0.0000000 )       ( -0.0000000 )
                  (  0.0000000  0.0000000  1.0000000 )       (  0.8149500 )


      isym =  8      60 deg rotation - cryst. axis [0,0,-1]      

 cryst.   s( 8) = (     0         -1          0      )    f =(  0.0000000 )
                  (     1          1          0      )       (  0.0000000 )
                  (     0          0          1      )       (  0.5000000 )

 cart.    s( 8) = (  0.5000000  0.8660254  0.0000000 )    f =( -0.0000000 )
                  ( -0.8660254  0.5000000  0.0000000 )       (  0.0000000 )
                  (  0.0000000  0.0000000  1.0000000 )       (  0.8149500 )


      isym =  9     inv. 180 deg rotation - cryst. axis [1,-1,0] 

 cryst.   s( 9) = (     0          1          0      )    f =(  0.0000000 )
                  (     1          0          0      )       ( -0.0000000 )
                  (     0          0          1      )       (  0.5000000 )

 cart.    s( 9) = ( -0.5000000  0.8660254  0.0000000 )    f =(  0.0000000 )
                  (  0.8660254  0.5000000  0.0000000 )       ( -0.0000000 )
                  (  0.0000000  0.0000000  1.0000000 )       (  0.8149500 )


      isym = 10     inv. 180 deg rotation - cryst. axis [2,1,0]  

 cryst.   s(10) = (    -1         -1          0      )    f =( -0.0000000 )
                  (     0          1          0      )       (  0.0000000 )
                  (     0          0          1      )       (  0.5000000 )

 cart.    s(10) = ( -0.5000000 -0.8660254  0.0000000 )    f =( -0.0000000 )
                  ( -0.8660254  0.5000000  0.0000000 )       (  0.0000000 )
                  (  0.0000000  0.0000000  1.0000000 )       (  0.8149500 )


      isym = 11     inv. 180 deg rotation - cryst. axis [0,1,0]  

 cryst.   s(11) = (     1          1          0      )
                  (     0         -1          0      )
                  (     0          0          1      )

 cart.    s(11) = (  0.5000000  0.8660254  0.0000000 )
                  (  0.8660254 -0.5000000  0.0000000 )
                  (  0.0000000  0.0000000  1.0000000 )


      isym = 12     inv. 180 deg rotation - cryst. axis [1,1,0]  

 cryst.   s(12) = (     0         -1          0      )
                  (    -1          0          0      )
                  (     0          0          1      )

 cart.    s(12) = (  0.5000000 -0.8660254  0.0000000 )
                  ( -0.8660254 -0.5000000  0.0000000 )
                  (  0.0000000  0.0000000  1.0000000 )

 iq, i, isym, nog, non_symmorphic
    1    1    1  T  F
    1    2    2  T  T
    1    3    3  T  T
    1    4    4  T  F
    1    5    5  T  F
    1    6    6  T  F
    1    7    7  T  T
    1    8    8  T  T
    1    9    9  T  T
    1   10   10  T  T
    1   11   11  T  F
    1   12   12  T  F
     Frequencies of the matrix for the first q in the star (cm^{-1})
   153.45149   153.45149   153.45149   153.45149   293.57251   293.57251
   619.65328   619.65328   619.65328   619.65328   726.63933   726.63933
     Frequencies of the matrix for the first q in the star (meV)
    19.02556    19.02556    19.02556    19.02556    36.39835    36.39835
    76.82722    76.82722    76.82722    76.82722    90.09179    90.09179
   0.0000000000   0.0000000000
   0.0000000000   0.0000000000
   0.0000000000   0.0000000000
   0.0000000000   0.0000000000
   0.0000000000   0.0000000000
   0.0000000000   0.0000000000
   0.0000000000   0.0000000000
   0.0000000000   0.0000000000
   0.0000000000   0.0000000000
   0.0000000000   0.0000000000
   0.0000000000   0.0000000000
   0.0000000000   0.0000000000
   0.0000000000   0.0000000000
   0.0000000000   0.0000000000
   0.0000000000   0.0000000000
   0.0000000000   0.0000000000
  -0.0000000000   0.0000000000
   0.0000000000   0.0000000000
   0.0000000000   0.0000000000
   0.0000000000   0.0000000000
   0.0000000000   0.0000000000
   0.0000000000   0.0000000000
   0.0000000000   0.0000000000
   0.0000000000   0.0000000000
   0.0000000000   0.0000000000
   0.0000000000   0.0000000000
   0.0000000000   0.0000000000
   0.0000000000   0.0000000000
   0.0000000000   0.0000000000
  -0.0000000000   0.0000000000
   0.0000000000   0.0000000000
   0.0000000000   0.0000000000
   0.0000000000   0.0000000000
   0.0000000000   0.0000000000
   0.0000000000   0.0000000000
   0.0000000000   0.0000000000
   0.0000000000   0.0000000000
   0.0000000000   0.0000000000
   0.0000000000   0.0000000000
   0.0000000000   0.0000000000
   0.0000000000   0.0000000000
   0.0000000000   0.0000000000
   0.0000000000   0.0000000000
   0.0000000000   0.0000000000
   0.0000000000   0.0000000000
   0.0000000000   0.0000000000
   0.0000000000   0.0000000000
   0.0000000000   0.0000000000
   0.0000000000   0.0000000000
  -0.0000000000   0.0000000000
   0.0000000000   0.0000000000
   0.0000000000   0.0000000000
   0.0000000000   0.0000000000
   0.0000000000   0.0000000000
   0.0000000000   0.0000000000
  -0.0000000000   0.0000000000
   0.0000000000   0.0000000000
   0.0000000000   0.0000000000
   0.0000000000   0.0000000000
   0.0000000000   0.0000000000
   0.0000000000   0.0000000000
   0.0000000000   0.0000000000
  -0.0000000000   0.0000000000
   0.0000000000   0.0000000000
   0.0000000000   0.0000000000
   0.0000000000   0.0000000000
   0.0000000000   0.0000000000
   0.0000000000   0.0000000000
  -0.0000000000   0.0000000000
   0.0000000000   0.0000000000
   0.0000000000   0.0000000000
   0.0000000000   0.0000000000
   0.0000000000   0.0000000000
   0.0000000000   0.0000000000
   0.0000000000   0.0000000000
   0.0000000000   0.0000000000
   0.0000000000   0.0000000000
   0.0000000000   0.0000000000
   0.0000000000   0.0000000000
   0.0000000000   0.0000000000
   0.0000000000   0.0000000000
   0.0000000000   0.0000000000
   0.0000000000   0.0000000000
   0.0000000000   0.0000000000
   0.0000000000   0.0000000000
   0.0000000000   0.0000000000
   0.0000000000   0.0000000000
   0.0000000000   0.0000000000
  -0.0000000000   0.0000000000
   0.0000000000   0.0000000000
   0.0000000000   0.0000000000
   0.0000000000   0.0000000000
   0.0000000000   0.0000000000
   0.0000000000   0.0000000000
  -0.0000000000   0.0000000000
   0.0000000000   0.0000000000
   0.0000000000   0.0000000000
   0.0000000000   0.0000000000
   0.0000000000   0.0000000000
   0.0000000000   0.0000000000
   0.0000000000   0.0000000000
  -0.0000000000   0.0000000000
   0.0000000000   0.0000000000
   0.0000000000   0.0000000000
   0.0000000000   0.0000000000
   0.0000000000   0.0000000000
   0.0000000000   0.0000000000
  -0.0000000000   0.0000000000
   0.0000000000   0.0000000000
   0.0000000000   0.0000000000
   0.0000000000   0.0000000000
   0.0000000000   0.0000000000
   0.0000000000   0.0000000000
   0.0000000000   0.0000000000
   0.0000000000   0.0000000000
   0.0000000000   0.0000000000
   0.0000000000   0.0000000000
   0.0000000000   0.0000000000
   0.0000000000   0.0000000000
   0.0000000000   0.0000000000
   0.0000000000   0.0000000000
   0.0000000000   0.0000000000
   0.0000000000   0.0000000000
   0.0000000000   0.0000000000
   0.0000000000   0.0000000000
   0.0000000000   0.0000000000
   0.0000000000   0.0000000000
  -0.0000000000   0.0000000000
   0.0000000000   0.0000000000
   0.0000000000   0.0000000000
   0.0000000000   0.0000000000
   0.0000000000   0.0000000000
   0.0000000000   0.0000000000
   0.0000000000   0.0000000000
   0.0000000000   0.0000000000
   0.0000000000   0.0000000000
   0.0000000000   0.0000000000
   0.0000000000   0.0000000000
   0.0000000000   0.0000000000
   0.0000000000   0.0000000000
  -0.0000000000   0.0000000000
   0.0000000000   0.0000000000
   0.0000000000   0.0000000000
   0.0000000000   0.0000000000
     Frequencies of the matrix for the current q in the star (cm^{-1})
   153.45149   153.45149   153.45149   153.45149   293.57251   293.57251
   619.65328   619.65328   619.65328   619.65328   726.63933   726.63933


     ===================================================================
     irreducible q point #    3
     ===================================================================

     Symmetries of small group of q:  4
          in addition sym. q -> -q+G:

     Number of q in the star =    3
     List of q in the star:
          1   0.000000000  -0.577350269   0.000000000
          2   0.500000000   0.288675135   0.000000000
          3  -0.500000000   0.288675135   0.000000000
     Frequencies of the matrix for the current q in the star (cm^-1)
   176.93627   234.91747   262.62790   293.33979   416.22055   444.85910
   562.29381   576.01498   579.73397   612.38527   672.29178   681.15429
     Frequencies of the matrix for the current q in the star (cm^-1)
   176.93627   234.91747   262.62790   293.33979   416.22055   444.85910
   562.29381   576.01498   579.73397   612.38527   672.29178   681.15429
     Frequencies of the matrix for the current q in the star (cm^-1)
   176.93627   234.91747   262.62790   293.33979   416.22055   444.85910
   562.29381   576.01498   579.73397   612.38527   672.29178   681.15429

        q(    3 ) = (   0.0000000  -0.5773503   0.0000000 )
                                    s                        frac. trans.

      isym =  1     identity                                     

 cryst.   s( 1) = (     1          0          0      )
                  (     0          1          0      )
                  (     0          0          1      )

 cart.    s( 1) = (  1.0000000  0.0000000  0.0000000 )
                  (  0.0000000  1.0000000  0.0000000 )
                  (  0.0000000  0.0000000  1.0000000 )


      isym =  2     180 deg rotation - cart. axis [0,0,1]        

 cryst.   s( 2) = (    -1          0          0      )    f =( -0.0000000 )
                  (     0         -1          0      )       ( -0.0000000 )
                  (     0          0          1      )       (  0.5000000 )

 cart.    s( 2) = ( -1.0000000  0.0000000  0.0000000 )    f =( -0.0000000 )
                  (  0.0000000 -1.0000000  0.0000000 )       ( -0.0000000 )
                  (  0.0000000  0.0000000  1.0000000 )       (  0.8149500 )


      isym =  3     inv. 180 deg rotation - cart. axis [0,1,0]   

 cryst.   s( 3) = (     1          0          0      )    f =( -0.0000000 )
                  (    -1         -1          0      )       ( -0.0000000 )
                  (     0          0          1      )       (  0.5000000 )

 cart.    s( 3) = (  1.0000000  0.0000000  0.0000000 )    f =( -0.0000000 )
                  (  0.0000000 -1.0000000  0.0000000 )       ( -0.0000000 )
                  (  0.0000000  0.0000000  1.0000000 )       (  0.8149500 )


      isym =  4     inv. 180 deg rotation - cart. axis [1,0,0]   

 cryst.   s( 4) = (    -1          0          0      )
                  (     1          1          0      )
                  (     0          0          1      )

 cart.    s( 4) = ( -1.0000000  0.0000000  0.0000000 )
                  (  0.0000000  1.0000000  0.0000000 )
                  (  0.0000000  0.0000000  1.0000000 )


      isym =  5     120 deg rotation - cryst. axis [0,0,1]       

 cryst.   s( 5) = (     0          1          0      )
                  (    -1         -1          0      )
                  (     0          0          1      )

 cart.    s( 5) = ( -0.5000000 -0.8660254  0.0000000 )
                  (  0.8660254 -0.5000000  0.0000000 )
                  (  0.0000000  0.0000000  1.0000000 )


      isym =  6     120 deg rotation - cryst. axis [0,0,-1]      

 cryst.   s( 6) = (    -1         -1          0      )
                  (     1          0          0      )
                  (     0          0          1      )

 cart.    s( 6) = ( -0.5000000  0.8660254  0.0000000 )
                  ( -0.8660254 -0.5000000  0.0000000 )
                  (  0.0000000  0.0000000  1.0000000 )


      isym =  7      60 deg rotation - cryst. axis [0,0,1]       

 cryst.   s( 7) = (     1          1          0      )    f =( -0.0000000 )
                  (    -1          0          0      )       ( -0.0000000 )
                  (     0          0          1      )       (  0.5000000 )

 cart.    s( 7) = (  0.5000000 -0.8660254  0.0000000 )    f =( -0.0000000 )
                  (  0.8660254  0.5000000  0.0000000 )       ( -0.0000000 )
                  (  0.0000000  0.0000000  1.0000000 )       (  0.8149500 )


      isym =  8      60 deg rotation - cryst. axis [0,0,-1]      

 cryst.   s( 8) = (     0         -1          0      )    f =(  0.0000000 )
                  (     1          1          0      )       (  0.0000000 )
                  (     0          0          1      )       (  0.5000000 )

 cart.    s( 8) = (  0.5000000  0.8660254  0.0000000 )    f =( -0.0000000 )
                  ( -0.8660254  0.5000000  0.0000000 )       (  0.0000000 )
                  (  0.0000000  0.0000000  1.0000000 )       (  0.8149500 )


      isym =  9     inv. 180 deg rotation - cryst. axis [1,-1,0] 

 cryst.   s( 9) = (     0          1          0      )    f =(  0.0000000 )
                  (     1          0          0      )       ( -0.0000000 )
                  (     0          0          1      )       (  0.5000000 )

 cart.    s( 9) = ( -0.5000000  0.8660254  0.0000000 )    f =(  0.0000000 )
                  (  0.8660254  0.5000000  0.0000000 )       ( -0.0000000 )
                  (  0.0000000  0.0000000  1.0000000 )       (  0.8149500 )


      isym = 10     inv. 180 deg rotation - cryst. axis [2,1,0]  

 cryst.   s(10) = (    -1         -1          0      )    f =( -0.0000000 )
                  (     0          1          0      )       (  0.0000000 )
                  (     0          0          1      )       (  0.5000000 )

 cart.    s(10) = ( -0.5000000 -0.8660254  0.0000000 )    f =( -0.0000000 )
                  ( -0.8660254  0.5000000  0.0000000 )       (  0.0000000 )
                  (  0.0000000  0.0000000  1.0000000 )       (  0.8149500 )


      isym = 11     inv. 180 deg rotation - cryst. axis [0,1,0]  

 cryst.   s(11) = (     1          1          0      )
                  (     0         -1          0      )
                  (     0          0          1      )

 cart.    s(11) = (  0.5000000  0.8660254  0.0000000 )
                  (  0.8660254 -0.5000000  0.0000000 )
                  (  0.0000000  0.0000000  1.0000000 )


      isym = 12     inv. 180 deg rotation - cryst. axis [1,1,0]  

 cryst.   s(12) = (     0         -1          0      )
                  (    -1          0          0      )
                  (     0          0          1      )

 cart.    s(12) = (  0.5000000 -0.8660254  0.0000000 )
                  ( -0.8660254 -0.5000000  0.0000000 )
                  (  0.0000000  0.0000000  1.0000000 )

 iq, i, isym, nog, non_symmorphic
    1    1    1  T  F
    1    2    2  F  T
    1    3    3  F  T
    1    4    4  T  F
     Frequencies of the matrix for the first q in the star (cm^{-1})
   176.93627   234.91747   262.62790   293.33979   416.22055   444.85910
   562.29381   576.01498   579.73397   612.38527   672.29178   681.15429
     Frequencies of the matrix for the first q in the star (meV)
    21.93730    29.12605    32.56171    36.36950    51.60477    55.15550
    69.71555    71.41676    71.87785    75.92610    83.35356    84.45237
   0.0000000000   0.0000000000
   0.0000000000   0.0000000000
   0.0000000000   0.0000000000
   0.0000000000   0.0000000000
   0.0000000000   0.0000000000
   0.0000000000   0.0000000000
   0.0000000000   0.0000000000
   0.0000000000   0.0000000000
   0.0000000000   0.0000000000
   0.0000000000   0.0000000000
   0.0000000000   0.0000000000
   0.0000000000   0.0000000000
   0.0000000000   0.0000000000
   0.0000000000   0.0000000000
  -0.0000000000   0.0000000000
   0.0000000000   0.0000000000
  -0.0000000000   0.0000000000
  -0.0000000000   0.0000000000
   0.0000000000   0.0000000000
   0.0000000000   0.0000000000
   0.0000000000   0.0000000000
   0.0000000000   0.0000000000
   0.0000000000   0.0000000000
   0.0000000000   0.0000000000
   0.0000000000   0.0000000000
  -0.0000000000   0.0000000000
   0.0000000000   0.0000000000
   0.0000000000   0.0000000000
   0.0000000000   0.0000000000
  -0.0000000000   0.0000000000
   0.0000000000   0.0000000000
  -0.0000000000   0.0000000000
  -0.0000000000   0.0000000000
   0.0000000000   0.0000000000
   0.0000000000   0.0000000000
  -0.0000000000   0.0000000000
   0.0000000000   0.0000000000
   0.0000000000   0.0000000000
   0.0000000000   0.0000000000
   0.0000000000   0.0000000000
   0.0000000000   0.0000000000
   0.0000000000   0.0000000000
   0.0000000000   0.0000000000
   0.0000000000   0.0000000000
   0.0000000000   0.0000000000
   0.0000000000   0.0000000000
   0.0000000000   0.0000000000
   0.0000000000   0.0000000000
   0.0000000000   0.0000000000
  -0.0000000000   0.0000000000
   0.0000000000   0.0000000000
   0.0000000000   0.0000000000
   0.0000000000   0.0000000000
   0.0000000000   0.0000000000
   0.0000000000   0.0000000000
   0.0000000000   0.0000000000
  -0.0000000000   0.0000000000
   0.0000000000   0.0000000000
   0.0000000000   0.0000000000
   0.0000000000   0.0000000000
   0.0000000000   0.0000000000
  -0.0000000000   0.0000000000
  -0.0000000000   0.0000000000
   0.0000000000   0.0000000000
   0.0000000000   0.0000000000
   0.0000000000   0.0000000000
   0.0000000000   0.0000000000
  -0.0000000000   0.0000000000
  -0.0000000000   0.0000000000
   0.0000000000   0.0000000000
  -0.0000000000   0.0000000000
  -0.0000000000   0.0000000000
   0.0000000000   0.0000000000
   0.0000000000   0.0000000000
   0.0000000000   0.0000000000
   0.0000000000   0.0000000000
   0.0000000000   0.0000000000
   0.0000000000   0.0000000000
   0.0000000000   0.0000000000
   0.0000000000   0.0000000000
   0.0000000000   0.0000000000
   0.0000000000   0.0000000000
   0.0000000000   0.0000000000
   0.0000000000   0.0000000000
   0.0000000000   0.0000000000
   0.0000000000   0.0000000000
  -0.0000000000   0.0000000000
   0.0000000000   0.0000000000
   0.0000000000   0.0000000000
  -0.0000000000   0.0000000000
   0.0000000000   0.0000000000
   0.0000000000   0.0000000000
   0.0000000000   0.0000000000
   0.0000000000   0.0000000000
  -0.0000000000   0.0000000000
   0.0000000000   0.0000000000
   0.0000000000   0.0000000000
   0.0000000000   0.0000000000
  -0.0000000000   0.0000000000
   0.0000000000   0.0000000000
  -0.0000000000   0.0000000000
  -0.0000000000   0.0000000000
   0.0000000000   0.0000000000
   0.0000000000   0.0000000000
   0.0000000000   0.0000000000
   0.0000000000   0.0000000000
  -0.0000000000   0.0000000000
  -0.0000000000   0.0000000000
   0.0000000000   0.0000000000
   0.0000000000   0.0000000000
   0.0000000000   0.0000000000
   0.0000000000   0.0000000000
   0.0000000000   0.0000000000
   0.0000000000   0.0000000000
   0.0000000000   0.0000000000
   0.0000000000   0.0000000000
   0.0000000000   0.0000000000
   0.0000000000   0.0000000000
   0.0000000000   0.0000000000
   0.0000000000   0.0000000000
   0.0000000000   0.0000000000
   0.0000000000   0.0000000000
   0.0000000000   0.0000000000
   0.0000000000   0.0000000000
   0.0000000000   0.0000000000
  -0.0000000000   0.0000000000
   0.0000000000   0.0000000000
  -0.0000000000   0.0000000000
  -0.0000000000   0.0000000000
   0.0000000000   0.0000000000
   0.0000000000   0.0000000000
  -0.0000000000   0.0000000000
   0.0000000000   0.0000000000
   0.0000000000   0.0000000000
  -0.0000000000   0.0000000000
   0.0000000000   0.0000000000
   0.0000000000   0.0000000000
  -0.0000000000   0.0000000000
   0.0000000000   0.0000000000
   0.0000000000   0.0000000000
  -0.0000000000   0.0000000000
   0.0000000000   0.0000000000
  -0.0000000000   0.0000000000
   0.0000000000   0.0000000000
     Frequencies of the matrix for the current q in the star (cm^{-1})
   176.93627   234.91747   262.62790   293.33979   416.22055   444.85910
   562.29381   576.01498   579.73397   612.38527   672.29178   681.15429
        q(    4 ) = (   0.5000000   0.2886751   0.0000000 )
                                    s                        frac. trans.

      isym =  1     identity                                     

 cryst.   s( 1) = (     1          0          0      )
                  (     0          1          0      )
                  (     0          0          1      )

 cart.    s( 1) = (  1.0000000  0.0000000  0.0000000 )
                  (  0.0000000  1.0000000  0.0000000 )
                  (  0.0000000  0.0000000  1.0000000 )


      isym =  2     180 deg rotation - cart. axis [0,0,1]        

 cryst.   s( 2) = (    -1          0          0      )    f =( -0.0000000 )
                  (     0         -1          0      )       ( -0.0000000 )
                  (     0          0          1      )       (  0.5000000 )

 cart.    s( 2) = ( -1.0000000  0.0000000  0.0000000 )    f =( -0.0000000 )
                  (  0.0000000 -1.0000000  0.0000000 )       ( -0.0000000 )
                  (  0.0000000  0.0000000  1.0000000 )       (  0.8149500 )


      isym =  3     inv. 180 deg rotation - cart. axis [0,1,0]   

 cryst.   s( 3) = (     1          0          0      )    f =( -0.0000000 )
                  (    -1         -1          0      )       ( -0.0000000 )
                  (     0          0          1      )       (  0.5000000 )

 cart.    s( 3) = (  1.0000000  0.0000000  0.0000000 )    f =( -0.0000000 )
                  (  0.0000000 -1.0000000  0.0000000 )       ( -0.0000000 )
                  (  0.0000000  0.0000000  1.0000000 )       (  0.8149500 )


      isym =  4     inv. 180 deg rotation - cart. axis [1,0,0]   

 cryst.   s( 4) = (    -1          0          0      )
                  (     1          1          0      )
                  (     0          0          1      )

 cart.    s( 4) = ( -1.0000000  0.0000000  0.0000000 )
                  (  0.0000000  1.0000000  0.0000000 )
                  (  0.0000000  0.0000000  1.0000000 )


      isym =  5     120 deg rotation - cryst. axis [0,0,1]       

 cryst.   s( 5) = (     0          1          0      )
                  (    -1         -1          0      )
                  (     0          0          1      )

 cart.    s( 5) = ( -0.5000000 -0.8660254  0.0000000 )
                  (  0.8660254 -0.5000000  0.0000000 )
                  (  0.0000000  0.0000000  1.0000000 )


      isym =  6     120 deg rotation - cryst. axis [0,0,-1]      

 cryst.   s( 6) = (    -1         -1          0      )
                  (     1          0          0      )
                  (     0          0          1      )

 cart.    s( 6) = ( -0.5000000  0.8660254  0.0000000 )
                  ( -0.8660254 -0.5000000  0.0000000 )
                  (  0.0000000  0.0000000  1.0000000 )


      isym =  7      60 deg rotation - cryst. axis [0,0,1]       

 cryst.   s( 7) = (     1          1          0      )    f =( -0.0000000 )
                  (    -1          0          0      )       ( -0.0000000 )
                  (     0          0          1      )       (  0.5000000 )

 cart.    s( 7) = (  0.5000000 -0.8660254  0.0000000 )    f =( -0.0000000 )
                  (  0.8660254  0.5000000  0.0000000 )       ( -0.0000000 )
                  (  0.0000000  0.0000000  1.0000000 )       (  0.8149500 )


      isym =  8      60 deg rotation - cryst. axis [0,0,-1]      

 cryst.   s( 8) = (     0         -1          0      )    f =(  0.0000000 )
                  (     1          1          0      )       (  0.0000000 )
                  (     0          0          1      )       (  0.5000000 )

 cart.    s( 8) = (  0.5000000  0.8660254  0.0000000 )    f =( -0.0000000 )
                  ( -0.8660254  0.5000000  0.0000000 )       (  0.0000000 )
                  (  0.0000000  0.0000000  1.0000000 )       (  0.8149500 )


      isym =  9     inv. 180 deg rotation - cryst. axis [1,-1,0] 

 cryst.   s( 9) = (     0          1          0      )    f =(  0.0000000 )
                  (     1          0          0      )       ( -0.0000000 )
                  (     0          0          1      )       (  0.5000000 )

 cart.    s( 9) = ( -0.5000000  0.8660254  0.0000000 )    f =(  0.0000000 )
                  (  0.8660254  0.5000000  0.0000000 )       ( -0.0000000 )
                  (  0.0000000  0.0000000  1.0000000 )       (  0.8149500 )


      isym = 10     inv. 180 deg rotation - cryst. axis [2,1,0]  

 cryst.   s(10) = (    -1         -1          0      )    f =( -0.0000000 )
                  (     0          1          0      )       (  0.0000000 )
                  (     0          0          1      )       (  0.5000000 )

 cart.    s(10) = ( -0.5000000 -0.8660254  0.0000000 )    f =( -0.0000000 )
                  ( -0.8660254  0.5000000  0.0000000 )       (  0.0000000 )
                  (  0.0000000  0.0000000  1.0000000 )       (  0.8149500 )


      isym = 11     inv. 180 deg rotation - cryst. axis [0,1,0]  

 cryst.   s(11) = (     1          1          0      )
                  (     0         -1          0      )
                  (     0          0          1      )

 cart.    s(11) = (  0.5000000  0.8660254  0.0000000 )
                  (  0.8660254 -0.5000000  0.0000000 )
                  (  0.0000000  0.0000000  1.0000000 )


      isym = 12     inv. 180 deg rotation - cryst. axis [1,1,0]  

 cryst.   s(12) = (     0         -1          0      )
                  (    -1          0          0      )
                  (     0          0          1      )

 cart.    s(12) = (  0.5000000 -0.8660254  0.0000000 )
                  ( -0.8660254 -0.5000000  0.0000000 )
                  (  0.0000000  0.0000000  1.0000000 )

 iq, i, isym, nog, non_symmorphic
    2    1    5  T  F
    2    2    8  F  T
    2    3    9  F  T
    2    4   12  T  F
     Frequencies of the matrix for the first q in the star (cm^{-1})
   176.93627   234.91747   262.62790   293.33979   416.22055   444.85910
   562.29381   576.01498   579.73397   612.38527   672.29178   681.15429
     Frequencies of the matrix for the first q in the star (meV)
    21.93730    29.12605    32.56171    36.36950    51.60477    55.15550
    69.71555    71.41676    71.87785    75.92610    83.35356    84.45237
  -0.0000000000  -0.0000000000
  -0.0000000000  -0.0000000000
  -0.0000000000   0.0000000000
   0.0000000000   0.0000000000
   0.0000000000   0.0000000000
   0.0000000000   0.0000000000
   0.0000000000   0.0000000000
   0.0000000000   0.0000000000
   0.0000000000  -0.0000000000
   0.0000000000  -0.0000000000
  -0.0000000000   0.0000000000
  -0.0000000000  -0.0000000000
  -0.0000000000   0.0000000000
   0.0000000000   0.0000000000
   0.0000000000   0.0000000000
   0.0000000000  -0.0000000000
   0.0000000000   0.0000000000
   0.0000000000   0.0000000000
   0.0000000000   0.0000000000
   0.0000000000  -0.0000000000
   0.0000000000  -0.0000000000
   0.0000000000   0.0000000000
   0.0000000000  -0.0000000000
  -0.0000000000  -0.0000000000
  -0.0000000000  -0.0000000000
   0.0000000000   0.0000000000
   0.0000000000   0.0000000000
   0.0000000000   0.0000000000
  -0.0000000000  -0.0000000000
   0.0000000000   0.0000000000
   0.0000000000   0.0000000000
   0.0000000000   0.0000000000
   0.0000000000  -0.0000000000
   0.0000000000  -0.0000000000
   0.0000000000  -0.0000000000
   0.0000000000  -0.0000000000
   0.0000000000   0.0000000000
   0.0000000000   0.0000000000
   0.0000000000  -0.0000000000
   0.0000000000   0.0000000000
   0.0000000000   0.0000000000
  -0.0000000000   0.0000000000
   0.0000000000  -0.0000000000
  -0.0000000000   0.0000000000
  -0.0000000000   0.0000000000
   0.0000000000   0.0000000000
  -0.0000000000   0.0000000000
   0.0000000000  -0.0000000000
   0.0000000000  -0.0000000000
   0.0000000000   0.0000000000
  -0.0000000000  -0.0000000000
  -0.0000000000  -0.0000000000
   0.0000000000  -0.0000000000
  -0.0000000000   0.0000000000
   0.0000000000   0.0000000000
   0.0000000000  -0.0000000000
  -0.0000000000   0.0000000000
   0.0000000000   0.0000000000
   0.0000000000  -0.0000000000
   0.0000000000  -0.0000000000
   0.0000000000   0.0000000000
   0.0000000000   0.0000000000
   0.0000000000   0.0000000000
  -0.0000000000   0.0000000000
  -0.0000000000   0.0000000000
   0.0000000000   0.0000000000
  -0.0000000000   0.0000000000
   0.0000000000   0.0000000000
   0.0000000000  -0.0000000000
   0.0000000000   0.0000000000
   0.0000000000   0.0000000000
   0.0000000000  -0.0000000000
   0.0000000000  -0.0000000000
   0.0000000000  -0.0000000000
   0.0000000000  -0.0000000000
   0.0000000000   0.0000000000
  -0.0000000000  -0.0000000000
   0.0000000000  -0.0000000000
  -0.0000000000  -0.0000000000
  -0.0000000000   0.0000000000
   0.0000000000   0.0000000000
   0.0000000000  -0.0000000000
   0.0000000000   0.0000000000
   0.0000000000   0.0000000000
   0.0000000000  -0.0000000000
   0.0000000000   0.0000000000
   0.0000000000  -0.0000000000
   0.0000000000  -0.0000000000
   0.0000000000   0.0000000000
   0.0000000000  -0.0000000000
  -0.0000000000   0.0000000000
   0.0000000000   0.0000000000
   0.0000000000   0.0000000000
   0.0000000000  -0.0000000000
   0.0000000000   0.0000000000
   0.0000000000   0.0000000000
  -0.0000000000   0.0000000000
   0.0000000000   0.0000000000
   0.0000000000   0.0000000000
   0.0000000000  -0.0000000000
  -0.0000000000  -0.0000000000
   0.0000000000   0.0000000000
   0.0000000000   0.0000000000
   0.0000000000   0.0000000000
   0.0000000000   0.0000000000
  -0.0000000000   0.0000000000
   0.0000000000   0.0000000000
   0.0000000000   0.0000000000
   0.0000000000   0.0000000000
  -0.0000000000  -0.0000000000
   0.0000000000   0.0000000000
   0.0000000000  -0.0000000000
  -0.0000000000  -0.0000000000
   0.0000000000  -0.0000000000
   0.0000000000  -0.0000000000
   0.0000000000   0.0000000000
  -0.0000000000   0.0000000000
   0.0000000000   0.0000000000
   0.0000000000   0.0000000000
   0.0000000000   0.0000000000
   0.0000000000  -0.0000000000
   0.0000000000   0.0000000000
   0.0000000000   0.0000000000
   0.0000000000  -0.0000000000
   0.0000000000   0.0000000000
   0.0000000000  -0.0000000000
   0.0000000000  -0.0000000000
   0.0000000000   0.0000000000
   0.0000000000   0.0000000000
  -0.0000000000   0.0000000000
   0.0000000000   0.0000000000
   0.0000000000   0.0000000000
   0.0000000000   0.0000000000
  -0.0000000000   0.0000000000
   0.0000000000   0.0000000000
   0.0000000000   0.0000000000
   0.0000000000   0.0000000000
   0.0000000000   0.0000000000
   0.0000000000  -0.0000000000
   0.0000000000   0.0000000000
   0.0000000000   0.0000000000
   0.0000000000   0.0000000000
   0.0000000000   0.0000000000
   0.0000000000   0.0000000000
     Frequencies of the matrix for the current q in the star (cm^{-1})
   176.93627   234.91747   262.62790   293.33979   416.22055   444.85910
   562.29381   576.01498   579.73397   612.38527   672.29178   681.15429
        q(    5 ) = (  -0.5000000   0.2886751   0.0000000 )
                                    s                        frac. trans.

      isym =  1     identity                                     

 cryst.   s( 1) = (     1          0          0      )
                  (     0          1          0      )
                  (     0          0          1      )

 cart.    s( 1) = (  1.0000000  0.0000000  0.0000000 )
                  (  0.0000000  1.0000000  0.0000000 )
                  (  0.0000000  0.0000000  1.0000000 )


      isym =  2     180 deg rotation - cart. axis [0,0,1]        

 cryst.   s( 2) = (    -1          0          0      )    f =( -0.0000000 )
                  (     0         -1          0      )       ( -0.0000000 )
                  (     0          0          1      )       (  0.5000000 )

 cart.    s( 2) = ( -1.0000000  0.0000000  0.0000000 )    f =( -0.0000000 )
                  (  0.0000000 -1.0000000  0.0000000 )       ( -0.0000000 )
                  (  0.0000000  0.0000000  1.0000000 )       (  0.8149500 )


      isym =  3     inv. 180 deg rotation - cart. axis [0,1,0]   

 cryst.   s( 3) = (     1          0          0      )    f =( -0.0000000 )
                  (    -1         -1          0      )       ( -0.0000000 )
                  (     0          0          1      )       (  0.5000000 )

 cart.    s( 3) = (  1.0000000  0.0000000  0.0000000 )    f =( -0.0000000 )
                  (  0.0000000 -1.0000000  0.0000000 )       ( -0.0000000 )
                  (  0.0000000  0.0000000  1.0000000 )       (  0.8149500 )


      isym =  4     inv. 180 deg rotation - cart. axis [1,0,0]   

 cryst.   s( 4) = (    -1          0          0      )
                  (     1          1          0      )
                  (     0          0          1      )

 cart.    s( 4) = ( -1.0000000  0.0000000  0.0000000 )
                  (  0.0000000  1.0000000  0.0000000 )
                  (  0.0000000  0.0000000  1.0000000 )


      isym =  5     120 deg rotation - cryst. axis [0,0,1]       

 cryst.   s( 5) = (     0          1          0      )
                  (    -1         -1          0      )
                  (     0          0          1      )

 cart.    s( 5) = ( -0.5000000 -0.8660254  0.0000000 )
                  (  0.8660254 -0.5000000  0.0000000 )
                  (  0.0000000  0.0000000  1.0000000 )


      isym =  6     120 deg rotation - cryst. axis [0,0,-1]      

 cryst.   s( 6) = (    -1         -1          0      )
                  (     1          0          0      )
                  (     0          0          1      )

 cart.    s( 6) = ( -0.5000000  0.8660254  0.0000000 )
                  ( -0.8660254 -0.5000000  0.0000000 )
                  (  0.0000000  0.0000000  1.0000000 )


      isym =  7      60 deg rotation - cryst. axis [0,0,1]       

 cryst.   s( 7) = (     1          1          0      )    f =( -0.0000000 )
                  (    -1          0          0      )       ( -0.0000000 )
                  (     0          0          1      )       (  0.5000000 )

 cart.    s( 7) = (  0.5000000 -0.8660254  0.0000000 )    f =( -0.0000000 )
                  (  0.8660254  0.5000000  0.0000000 )       ( -0.0000000 )
                  (  0.0000000  0.0000000  1.0000000 )       (  0.8149500 )


      isym =  8      60 deg rotation - cryst. axis [0,0,-1]      

 cryst.   s( 8) = (     0         -1          0      )    f =(  0.0000000 )
                  (     1          1          0      )       (  0.0000000 )
                  (     0          0          1      )       (  0.5000000 )

 cart.    s( 8) = (  0.5000000  0.8660254  0.0000000 )    f =( -0.0000000 )
                  ( -0.8660254  0.5000000  0.0000000 )       (  0.0000000 )
                  (  0.0000000  0.0000000  1.0000000 )       (  0.8149500 )


      isym =  9     inv. 180 deg rotation - cryst. axis [1,-1,0] 

 cryst.   s( 9) = (     0          1          0      )    f =(  0.0000000 )
                  (     1          0          0      )       ( -0.0000000 )
                  (     0          0          1      )       (  0.5000000 )

 cart.    s( 9) = ( -0.5000000  0.8660254  0.0000000 )    f =(  0.0000000 )
                  (  0.8660254  0.5000000  0.0000000 )       ( -0.0000000 )
                  (  0.0000000  0.0000000  1.0000000 )       (  0.8149500 )


      isym = 10     inv. 180 deg rotation - cryst. axis [2,1,0]  

 cryst.   s(10) = (    -1         -1          0      )    f =( -0.0000000 )
                  (     0          1          0      )       (  0.0000000 )
                  (     0          0          1      )       (  0.5000000 )

 cart.    s(10) = ( -0.5000000 -0.8660254  0.0000000 )    f =( -0.0000000 )
                  ( -0.8660254  0.5000000  0.0000000 )       (  0.0000000 )
                  (  0.0000000  0.0000000  1.0000000 )       (  0.8149500 )


      isym = 11     inv. 180 deg rotation - cryst. axis [0,1,0]  

 cryst.   s(11) = (     1          1          0      )
                  (     0         -1          0      )
                  (     0          0          1      )

 cart.    s(11) = (  0.5000000  0.8660254  0.0000000 )
                  (  0.8660254 -0.5000000  0.0000000 )
                  (  0.0000000  0.0000000  1.0000000 )


      isym = 12     inv. 180 deg rotation - cryst. axis [1,1,0]  

 cryst.   s(12) = (     0         -1          0      )
                  (    -1          0          0      )
                  (     0          0          1      )

 cart.    s(12) = (  0.5000000 -0.8660254  0.0000000 )
                  ( -0.8660254 -0.5000000  0.0000000 )
                  (  0.0000000  0.0000000  1.0000000 )

 iq, i, isym, nog, non_symmorphic
    3    1    6  T  F
    3    2    7  F  T
    3    3   10  F  T
    3    4   11  T  F
     Frequencies of the matrix for the first q in the star (cm^{-1})
   176.93627   234.91747   262.62790   293.33979   416.22055   444.85910
   562.29381   576.01498   579.73397   612.38527   672.29178   681.15429
     Frequencies of the matrix for the first q in the star (meV)
    21.93730    29.12605    32.56171    36.36950    51.60477    55.15550
    69.71555    71.41676    71.87785    75.92610    83.35356    84.45237
  -0.0000000000   0.0000000000
   0.0000000000   0.0000000000
   0.0000000000  -0.0000000000
   0.0000000000   0.0000000000
   0.0000000000  -0.0000000000
   0.0000000000   0.0000000000
   0.0000000000   0.0000000000
   0.0000000000   0.0000000000
   0.0000000000   0.0000000000
  -0.0000000000   0.0000000000
  -0.0000000000   0.0000000000
  -0.0000000000   0.0000000000
   0.0000000000  -0.0000000000
   0.0000000000   0.0000000000
   0.0000000000   0.0000000000
   0.0000000000   0.0000000000
   0.0000000000   0.0000000000
   0.0000000000   0.0000000000
   0.0000000000   0.0000000000
  -0.0000000000   0.0000000000
   0.0000000000   0.0000000000
   0.0000000000   0.0000000000
  -0.0000000000  -0.0000000000
   0.0000000000   0.0000000000
   0.0000000000   0.0000000000
   0.0000000000   0.0000000000
   0.0000000000  -0.0000000000
  -0.0000000000   0.0000000000
  -0.0000000000  -0.0000000000
   0.0000000000  -0.0000000000
   0.0000000000   0.0000000000
   0.0000000000   0.0000000000
   0.0000000000  -0.0000000000
   0.0000000000   0.0000000000
  -0.0000000000   0.0000000000
   0.0000000000   0.0000000000
   0.0000000000   0.0000000000
   0.0000000000  -0.0000000000
  -0.0000000000   0.0000000000
   0.0000000000   0.0000000000
  -0.0000000000  -0.0000000000
   0.0000000000   0.0000000000
  -0.0000000000   0.0000000000
  -0.0000000000   0.0000000000
  -0.0000000000   0.0000000000
  -0.0000000000  -0.0000000000
  -0.0000000000  -0.0000000000
   0.0000000000  -0.0000000000
   0.0000000000   0.0000000000
   0.0000000000   0.0000000000
  -0.0000000000  -0.0000000000
   0.0000000000  -0.0000000000
   0.0000000000   0.0000000000
  -0.0000000000   0.0000000000
   0.0000000000   0.0000000000
  -0.0000000000  -0.0000000000
   0.0000000000  -0.0000000000
   0.0000000000  -0.0000000000
  -0.0000000000   0.0000000000
   0.0000000000   0.0000000000
   0.0000000000   0.0000000000
   0.0000000000   0.0000000000
   0.0000000000  -0.0000000000
   0.0000000000   0.0000000000
  -0.0000000000   0.0000000000
   0.0000000000   0.0000000000
  -0.0000000000  -0.0000000000
  -0.0000000000   0.0000000000
   0.0000000000   0.0000000000
   0.0000000000   0.0000000000
   0.0000000000  -0.0000000000
  -0.0000000000  -0.0000000000
   0.0000000000  -0.0000000000
   0.0000000000   0.0000000000
   0.0000000000   0.0000000000
  -0.0000000000   0.0000000000
  -0.0000000000   0.0000000000
   0.0000000000   0.0000000000
  -0.0000000000   0.0000000000
   0.0000000000  -0.0000000000
  -0.0000000000   0.0000000000
   0.0000000000  -0.0000000000
   0.0000000000   0.0000000000
   0.0000000000   0.0000000000
   0.0000000000   0.0000000000
  -0.0000000000   0.0000000000
   0.0000000000   0.0000000000
   0.0000000000   0.0000000000
  -0.0000000000   0.0000000000
  -0.0000000000   0.0000000000
   0.0000000000  -0.0000000000
   0.0000000000   0.0000000000
   0.0000000000   0.0000000000
   0.0000000000   0.0000000000
   0.0000000000   0.0000000000
   0.0000000000   0.0000000000
  -0.0000000000   0.0000000000
   0.0000000000   0.0000000000
   0.0000000000   0.0000000000
   0.0000000000  -0.0000000000
   0.0000000000   0.0000000000
   0.0000000000   0.0000000000
  -0.0000000000   0.0000000000
   0.0000000000   0.0000000000
   0.0000000000   0.0000000000
   0.0000000000  -0.0000000000
   0.0000000000  -0.0000000000
   0.0000000000   0.0000000000
  -0.0000000000   0.0000000000
  -0.0000000000   0.0000000000
   0.0000000000  -0.0000000000
  -0.0000000000   0.0000000000
  -0.0000000000  -0.0000000000
   0.0000000000  -0.0000000000
   0.0000000000  -0.0000000000
   0.0000000000   0.0000000000
   0.0000000000   0.0000000000
   0.0000000000   0.0000000000
  -0.0000000000   0.0000000000
  -0.0000000000   0.0000000000
   0.0000000000   0.0000000000
  -0.0000000000   0.0000000000
  -0.0000000000   0.0000000000
   0.0000000000   0.0000000000
  -0.0000000000   0.0000000000
   0.0000000000   0.0000000000
   0.0000000000   0.0000000000
   0.0000000000   0.0000000000
   0.0000000000  -0.0000000000
   0.0000000000  -0.0000000000
   0.0000000000   0.0000000000
   0.0000000000   0.0000000000
   0.0000000000  -0.0000000000
   0.0000000000   0.0000000000
   0.0000000000   0.0000000000
   0.0000000000   0.0000000000
   0.0000000000  -0.0000000000
  -0.0000000000   0.0000000000
   0.0000000000   0.0000000000
   0.0000000000   0.0000000000
   0.0000000000   0.0000000000
  -0.0000000000   0.0000000000
   0.0000000000   0.0000000000
   0.0000000000   0.0000000000
     Frequencies of the matrix for the current q in the star (cm^{-1})
   176.93627   234.91747   262.62790   293.33979   416.22055   444.85910
   562.29381   576.01498   579.73397   612.38527   672.29178   681.15429


     ===================================================================
     irreducible q point #    4
     ===================================================================

     Symmetries of small group of q:  4
          in addition sym. q -> -q+G:

     Number of q in the star =    3
     List of q in the star:
          1   0.000000000  -0.577350269  -0.306767286
          2   0.500000000   0.288675135  -0.306767286
          3  -0.500000000   0.288675135  -0.306767286
     Frequencies of the matrix for the current q in the star (cm^-1)
   194.55281   194.55281   240.50250   240.50250   456.61190   456.61190
   576.36208   576.36208   586.45700   586.45700   666.83447   666.83447
     Frequencies of the matrix for the current q in the star (cm^-1)
   194.55281   194.55281   240.50250   240.50250   456.61190   456.61190
   576.36208   576.36208   586.45700   586.45700   666.83447   666.83447
     Frequencies of the matrix for the current q in the star (cm^-1)
   194.55281   194.55281   240.50250   240.50250   456.61190   456.61190
   576.36208   576.36208   586.45700   586.45700   666.83447   666.83447

        q(    6 ) = (   0.0000000  -0.5773503  -0.3067673 )
                                    s                        frac. trans.

      isym =  1     identity                                     

 cryst.   s( 1) = (     1          0          0      )
                  (     0          1          0      )
                  (     0          0          1      )

 cart.    s( 1) = (  1.0000000  0.0000000  0.0000000 )
                  (  0.0000000  1.0000000  0.0000000 )
                  (  0.0000000  0.0000000  1.0000000 )


      isym =  2     180 deg rotation - cart. axis [0,0,1]        

 cryst.   s( 2) = (    -1          0          0      )    f =( -0.0000000 )
                  (     0         -1          0      )       ( -0.0000000 )
                  (     0          0          1      )       (  0.5000000 )

 cart.    s( 2) = ( -1.0000000  0.0000000  0.0000000 )    f =( -0.0000000 )
                  (  0.0000000 -1.0000000  0.0000000 )       ( -0.0000000 )
                  (  0.0000000  0.0000000  1.0000000 )       (  0.8149500 )


      isym =  3     inv. 180 deg rotation - cart. axis [0,1,0]   

 cryst.   s( 3) = (     1          0          0      )    f =( -0.0000000 )
                  (    -1         -1          0      )       ( -0.0000000 )
                  (     0          0          1      )       (  0.5000000 )

 cart.    s( 3) = (  1.0000000  0.0000000  0.0000000 )    f =( -0.0000000 )
                  (  0.0000000 -1.0000000  0.0000000 )       ( -0.0000000 )
                  (  0.0000000  0.0000000  1.0000000 )       (  0.8149500 )


      isym =  4     inv. 180 deg rotation - cart. axis [1,0,0]   

 cryst.   s( 4) = (    -1          0          0      )
                  (     1          1          0      )
                  (     0          0          1      )

 cart.    s( 4) = ( -1.0000000  0.0000000  0.0000000 )
                  (  0.0000000  1.0000000  0.0000000 )
                  (  0.0000000  0.0000000  1.0000000 )


      isym =  5     120 deg rotation - cryst. axis [0,0,1]       

 cryst.   s( 5) = (     0          1          0      )
                  (    -1         -1          0      )
                  (     0          0          1      )

 cart.    s( 5) = ( -0.5000000 -0.8660254  0.0000000 )
                  (  0.8660254 -0.5000000  0.0000000 )
                  (  0.0000000  0.0000000  1.0000000 )


      isym =  6     120 deg rotation - cryst. axis [0,0,-1]      

 cryst.   s( 6) = (    -1         -1          0      )
                  (     1          0          0      )
                  (     0          0          1      )

 cart.    s( 6) = ( -0.5000000  0.8660254  0.0000000 )
                  ( -0.8660254 -0.5000000  0.0000000 )
                  (  0.0000000  0.0000000  1.0000000 )


      isym =  7      60 deg rotation - cryst. axis [0,0,1]       

 cryst.   s( 7) = (     1          1          0      )    f =( -0.0000000 )
                  (    -1          0          0      )       ( -0.0000000 )
                  (     0          0          1      )       (  0.5000000 )

 cart.    s( 7) = (  0.5000000 -0.8660254  0.0000000 )    f =( -0.0000000 )
                  (  0.8660254  0.5000000  0.0000000 )       ( -0.0000000 )
                  (  0.0000000  0.0000000  1.0000000 )       (  0.8149500 )


      isym =  8      60 deg rotation - cryst. axis [0,0,-1]      

 cryst.   s( 8) = (     0         -1          0      )    f =(  0.0000000 )
                  (     1          1          0      )       (  0.0000000 )
                  (     0          0          1      )       (  0.5000000 )

 cart.    s( 8) = (  0.5000000  0.8660254  0.0000000 )    f =( -0.0000000 )
                  ( -0.8660254  0.5000000  0.0000000 )       (  0.0000000 )
                  (  0.0000000  0.0000000  1.0000000 )       (  0.8149500 )


      isym =  9     inv. 180 deg rotation - cryst. axis [1,-1,0] 

 cryst.   s( 9) = (     0          1          0      )    f =(  0.0000000 )
                  (     1          0          0      )       ( -0.0000000 )
                  (     0          0          1      )       (  0.5000000 )

 cart.    s( 9) = ( -0.5000000  0.8660254  0.0000000 )    f =(  0.0000000 )
                  (  0.8660254  0.5000000  0.0000000 )       ( -0.0000000 )
                  (  0.0000000  0.0000000  1.0000000 )       (  0.8149500 )


      isym = 10     inv. 180 deg rotation - cryst. axis [2,1,0]  

 cryst.   s(10) = (    -1         -1          0      )    f =( -0.0000000 )
                  (     0          1          0      )       (  0.0000000 )
                  (     0          0          1      )       (  0.5000000 )

 cart.    s(10) = ( -0.5000000 -0.8660254  0.0000000 )    f =( -0.0000000 )
                  ( -0.8660254  0.5000000  0.0000000 )       (  0.0000000 )
                  (  0.0000000  0.0000000  1.0000000 )       (  0.8149500 )


      isym = 11     inv. 180 deg rotation - cryst. axis [0,1,0]  

 cryst.   s(11) = (     1          1          0      )
                  (     0         -1          0      )
                  (     0          0          1      )

 cart.    s(11) = (  0.5000000  0.8660254  0.0000000 )
                  (  0.8660254 -0.5000000  0.0000000 )
                  (  0.0000000  0.0000000  1.0000000 )


      isym = 12     inv. 180 deg rotation - cryst. axis [1,1,0]  

 cryst.   s(12) = (     0         -1          0      )
                  (    -1          0          0      )
                  (     0          0          1      )

 cart.    s(12) = (  0.5000000 -0.8660254  0.0000000 )
                  ( -0.8660254 -0.5000000  0.0000000 )
                  (  0.0000000  0.0000000  1.0000000 )

 iq, i, isym, nog, non_symmorphic
    1    1    1  T  F
    1    2    2  F  T
    1    3    3  F  T
    1    4    4  T  F
     Frequencies of the matrix for the first q in the star (cm^{-1})
   194.55281   194.55281   240.50250   240.50250   456.61190   456.61190
   576.36208   576.36208   586.45700   586.45700   666.83447   666.83447
     Frequencies of the matrix for the first q in the star (meV)
    24.12147    24.12147    29.81851    29.81851    56.61266    56.61266
    71.45979    71.45979    72.71140    72.71140    82.67694    82.67694
   0.0000000000   0.0000000000
   0.0000000000   0.0000000000
   0.0000000000   0.0000000000
   0.0000000000   0.0000000000
   0.0000000000   0.0000000000
   0.0000000000   0.0000000000
   0.0000000000   0.0000000000
   0.0000000000   0.0000000000
   0.0000000000   0.0000000000
   0.0000000000   0.0000000000
   0.0000000000   0.0000000000
   0.0000000000   0.0000000000
   0.0000000000   0.0000000000
   0.0000000000   0.0000000000
  -0.0000000000   0.0000000000
   0.0000000000   0.0000000000
  -0.0000000000   0.0000000000
   0.0000000000   0.0000000000
   0.0000000000   0.0000000000
   0.0000000000   0.0000000000
  -0.0000000000   0.0000000000
   0.0000000000   0.0000000000
  -0.0000000000   0.0000000000
  -0.0000000000   0.0000000000
   0.0000000000   0.0000000000
  -0.0000000000   0.0000000000
   0.0000000000   0.0000000000
   0.0000000000   0.0000000000
   0.0000000000   0.0000000000
  -0.0000000000   0.0000000000
   0.0000000000   0.0000000000
  -0.0000000000   0.0000000000
   0.0000000000   0.0000000000
   0.0000000000   0.0000000000
  -0.0000000000   0.0000000000
   0.0000000000   0.0000000000
   0.0000000000   0.0000000000
   0.0000000000   0.0000000000
   0.0000000000   0.0000000000
   0.0000000000   0.0000000000
   0.0000000000   0.0000000000
   0.0000000000   0.0000000000
   0.0000000000   0.0000000000
   0.0000000000   0.0000000000
   0.0000000000   0.0000000000
   0.0000000000   0.0000000000
   0.0000000000   0.0000000000
   0.0000000000   0.0000000000
   0.0000000000   0.0000000000
  -0.0000000000   0.0000000000
   0.0000000000   0.0000000000
   0.0000000000   0.0000000000
   0.0000000000   0.0000000000
   0.0000000000   0.0000000000
   0.0000000000   0.0000000000
   0.0000000000   0.0000000000
  -0.0000000000   0.0000000000
   0.0000000000   0.0000000000
   0.0000000000   0.0000000000
  -0.0000000000   0.0000000000
   0.0000000000   0.0000000000
   0.0000000000   0.0000000000
  -0.0000000000   0.0000000000
   0.0000000000   0.0000000000
   0.0000000000   0.0000000000
   0.0000000000   0.0000000000
   0.0000000000   0.0000000000
  -0.0000000000   0.0000000000
  -0.0000000000   0.0000000000
   0.0000000000   0.0000000000
  -0.0000000000   0.0000000000
   0.0000000000   0.0000000000
   0.0000000000   0.0000000000
   0.0000000000   0.0000000000
   0.0000000000   0.0000000000
   0.0000000000   0.0000000000
   0.0000000000   0.0000000000
   0.0000000000   0.0000000000
   0.0000000000   0.0000000000
   0.0000000000   0.0000000000
   0.0000000000   0.0000000000
   0.0000000000   0.0000000000
   0.0000000000   0.0000000000
   0.0000000000   0.0000000000
   0.0000000000   0.0000000000
   0.0000000000   0.0000000000
  -0.0000000000   0.0000000000
   0.0000000000   0.0000000000
   0.0000000000   0.0000000000
  -0.0000000000   0.0000000000
   0.0000000000   0.0000000000
   0.0000000000   0.0000000000
   0.0000000000   0.0000000000
   0.0000000000   0.0000000000
  -0.0000000000   0.0000000000
  -0.0000000000   0.0000000000
   0.0000000000   0.0000000000
  -0.0000000000   0.0000000000
   0.0000000000   0.0000000000
   0.0000000000   0.0000000000
  -0.0000000000   0.0000000000
  -0.0000000000   0.0000000000
   0.0000000000   0.0000000000
   0.0000000000   0.0000000000
   0.0000000000   0.0000000000
   0.0000000000   0.0000000000
  -0.0000000000   0.0000000000
  -0.0000000000   0.0000000000
   0.0000000000   0.0000000000
   0.0000000000   0.0000000000
   0.0000000000   0.0000000000
   0.0000000000   0.0000000000
   0.0000000000   0.0000000000
   0.0000000000   0.0000000000
   0.0000000000   0.0000000000
   0.0000000000   0.0000000000
   0.0000000000   0.0000000000
   0.0000000000   0.0000000000
   0.0000000000   0.0000000000
   0.0000000000   0.0000000000
   0.0000000000   0.0000000000
  -0.0000000000   0.0000000000
  -0.0000000000   0.0000000000
   0.0000000000   0.0000000000
   0.0000000000   0.0000000000
  -0.0000000000   0.0000000000
   0.0000000000   0.0000000000
  -0.0000000000   0.0000000000
  -0.0000000000   0.0000000000
   0.0000000000   0.0000000000
   0.0000000000   0.0000000000
  -0.0000000000   0.0000000000
   0.0000000000   0.0000000000
  -0.0000000000   0.0000000000
   0.0000000000   0.0000000000
   0.0000000000   0.0000000000
  -0.0000000000   0.0000000000
   0.0000000000   0.0000000000
   0.0000000000   0.0000000000
  -0.0000000000   0.0000000000
  -0.0000000000   0.0000000000
   0.0000000000   0.0000000000
  -0.0000000000   0.0000000000
   0.0000000000   0.0000000000
     Frequencies of the matrix for the current q in the star (cm^{-1})
   194.55281   194.55281   240.50250   240.50250   456.61190   456.61190
   576.36208   576.36208   586.45700   586.45700   666.83447   666.83447
        q(    7 ) = (   0.5000000   0.2886751  -0.3067673 )
                                    s                        frac. trans.

      isym =  1     identity                                     

 cryst.   s( 1) = (     1          0          0      )
                  (     0          1          0      )
                  (     0          0          1      )

 cart.    s( 1) = (  1.0000000  0.0000000  0.0000000 )
                  (  0.0000000  1.0000000  0.0000000 )
                  (  0.0000000  0.0000000  1.0000000 )


      isym =  2     180 deg rotation - cart. axis [0,0,1]        

 cryst.   s( 2) = (    -1          0          0      )    f =( -0.0000000 )
                  (     0         -1          0      )       ( -0.0000000 )
                  (     0          0          1      )       (  0.5000000 )

 cart.    s( 2) = ( -1.0000000  0.0000000  0.0000000 )    f =( -0.0000000 )
                  (  0.0000000 -1.0000000  0.0000000 )       ( -0.0000000 )
                  (  0.0000000  0.0000000  1.0000000 )       (  0.8149500 )


      isym =  3     inv. 180 deg rotation - cart. axis [0,1,0]   

 cryst.   s( 3) = (     1          0          0      )    f =( -0.0000000 )
                  (    -1         -1          0      )       ( -0.0000000 )
                  (     0          0          1      )       (  0.5000000 )

 cart.    s( 3) = (  1.0000000  0.0000000  0.0000000 )    f =( -0.0000000 )
                  (  0.0000000 -1.0000000  0.0000000 )       ( -0.0000000 )
                  (  0.0000000  0.0000000  1.0000000 )       (  0.8149500 )


      isym =  4     inv. 180 deg rotation - cart. axis [1,0,0]   

 cryst.   s( 4) = (    -1          0          0      )
                  (     1          1          0      )
                  (     0          0          1      )

 cart.    s( 4) = ( -1.0000000  0.0000000  0.0000000 )
                  (  0.0000000  1.0000000  0.0000000 )
                  (  0.0000000  0.0000000  1.0000000 )


      isym =  5     120 deg rotation - cryst. axis [0,0,1]       

 cryst.   s( 5) = (     0          1          0      )
                  (    -1         -1          0      )
                  (     0          0          1      )

 cart.    s( 5) = ( -0.5000000 -0.8660254  0.0000000 )
                  (  0.8660254 -0.5000000  0.0000000 )
                  (  0.0000000  0.0000000  1.0000000 )


      isym =  6     120 deg rotation - cryst. axis [0,0,-1]      

 cryst.   s( 6) = (    -1         -1          0      )
                  (     1          0          0      )
                  (     0          0          1      )

 cart.    s( 6) = ( -0.5000000  0.8660254  0.0000000 )
                  ( -0.8660254 -0.5000000  0.0000000 )
                  (  0.0000000  0.0000000  1.0000000 )


      isym =  7      60 deg rotation - cryst. axis [0,0,1]       

 cryst.   s( 7) = (     1          1          0      )    f =( -0.0000000 )
                  (    -1          0          0      )       ( -0.0000000 )
                  (     0          0          1      )       (  0.5000000 )

 cart.    s( 7) = (  0.5000000 -0.8660254  0.0000000 )    f =( -0.0000000 )
                  (  0.8660254  0.5000000  0.0000000 )       ( -0.0000000 )
                  (  0.0000000  0.0000000  1.0000000 )       (  0.8149500 )


      isym =  8      60 deg rotation - cryst. axis [0,0,-1]      

 cryst.   s( 8) = (     0         -1          0      )    f =(  0.0000000 )
                  (     1          1          0      )       (  0.0000000 )
                  (     0          0          1      )       (  0.5000000 )

 cart.    s( 8) = (  0.5000000  0.8660254  0.0000000 )    f =( -0.0000000 )
                  ( -0.8660254  0.5000000  0.0000000 )       (  0.0000000 )
                  (  0.0000000  0.0000000  1.0000000 )       (  0.8149500 )


      isym =  9     inv. 180 deg rotation - cryst. axis [1,-1,0] 

 cryst.   s( 9) = (     0          1          0      )    f =(  0.0000000 )
                  (     1          0          0      )       ( -0.0000000 )
                  (     0          0          1      )       (  0.5000000 )

 cart.    s( 9) = ( -0.5000000  0.8660254  0.0000000 )    f =(  0.0000000 )
                  (  0.8660254  0.5000000  0.0000000 )       ( -0.0000000 )
                  (  0.0000000  0.0000000  1.0000000 )       (  0.8149500 )


      isym = 10     inv. 180 deg rotation - cryst. axis [2,1,0]  

 cryst.   s(10) = (    -1         -1          0      )    f =( -0.0000000 )
                  (     0          1          0      )       (  0.0000000 )
                  (     0          0          1      )       (  0.5000000 )

 cart.    s(10) = ( -0.5000000 -0.8660254  0.0000000 )    f =( -0.0000000 )
                  ( -0.8660254  0.5000000  0.0000000 )       (  0.0000000 )
                  (  0.0000000  0.0000000  1.0000000 )       (  0.8149500 )


      isym = 11     inv. 180 deg rotation - cryst. axis [0,1,0]  

 cryst.   s(11) = (     1          1          0      )
                  (     0         -1          0      )
                  (     0          0          1      )

 cart.    s(11) = (  0.5000000  0.8660254  0.0000000 )
                  (  0.8660254 -0.5000000  0.0000000 )
                  (  0.0000000  0.0000000  1.0000000 )


      isym = 12     inv. 180 deg rotation - cryst. axis [1,1,0]  

 cryst.   s(12) = (     0         -1          0      )
                  (    -1          0          0      )
                  (     0          0          1      )

 cart.    s(12) = (  0.5000000 -0.8660254  0.0000000 )
                  ( -0.8660254 -0.5000000  0.0000000 )
                  (  0.0000000  0.0000000  1.0000000 )

 iq, i, isym, nog, non_symmorphic
    2    1    5  T  F
    2    2    8  F  T
    2    3    9  F  T
    2    4   12  T  F
     Frequencies of the matrix for the first q in the star (cm^{-1})
   194.55281   194.55281   240.50250   240.50250   456.61190   456.61190
   576.36208   576.36208   586.45700   586.45700   666.83447   666.83447
     Frequencies of the matrix for the first q in the star (meV)
    24.12147    24.12147    29.81851    29.81851    56.61266    56.61266
    71.45979    71.45979    72.71140    72.71140    82.67694    82.67694
   0.0000000000   0.0000000000
   0.0000000000  -0.0000000000
   0.0000000000   0.0000000000
   0.0000000000   0.0000000000
  -0.0000000000  -0.0000000000
   0.0000000000   0.0000000000
   0.0000000000   0.0000000000
   0.0000000000   0.0000000000
   0.0000000000   0.0000000000
   0.0000000000   0.0000000000
   0.0000000000  -0.0000000000
   0.0000000000   0.0000000000
   0.0000000000   0.0000000000
   0.0000000000   0.0000000000
  -0.0000000000  -0.0000000000
  -0.0000000000   0.0000000000
   0.0000000000   0.0000000000
   0.0000000000   0.0000000000
   0.0000000000   0.0000000000
   0.0000000000   0.0000000000
   0.0000000000   0.0000000000
   0.0000000000  -0.0000000000
   0.0000000000   0.0000000000
   0.0000000000   0.0000000000
   0.0000000000   0.0000000000
  -0.0000000000  -0.0000000000
   0.0000000000   0.0000000000
  -0.0000000000  -0.0000000000
   0.0000000000   0.0000000000
   0.0000000000  -0.0000000000
   0.0000000000   0.0000000000
   0.0000000000   0.0000000000
   0.0000000000   0.0000000000
   0.0000000000   0.0000000000
  -0.0000000000   0.0000000000
  -0.0000000000   0.0000000000
   0.0000000000   0.0000000000
  -0.0000000000  -0.0000000000
  -0.0000000000   0.0000000000
   0.0000000000   0.0000000000
   0.0000000000   0.0000000000
   0.0000000000   0.0000000000
   0.0000000000  -0.0000000000
   0.0000000000   0.0000000000
  -0.0000000000   0.0000000000
   0.0000000000   0.0000000000
   0.0000000000   0.0000000000
   0.0000000000   0.0000000000
  -0.0000000000   0.0000000000
   0.0000000000   0.0000000000
   0.0000000000   0.0000000000
   0.0000000000   0.0000000000
   0.0000000000   0.0000000000
   0.0000000000   0.0000000000
   0.0000000000   0.0000000000
   0.0000000000  -0.0000000000
  -0.0000000000   0.0000000000
   0.0000000000   0.0000000000
   0.0000000000   0.0000000000
   0.0000000000   0.0000000000
   0.0000000000   0.0000000000
   0.0000000000   0.0000000000
   0.0000000000  -0.0000000000
   0.0000000000   0.0000000000
   0.0000000000   0.0000000000
  -0.0000000000   0.0000000000
   0.0000000000   0.0000000000
   0.0000000000   0.0000000000
   0.0000000000  -0.0000000000
   0.0000000000   0.0000000000
   0.0000000000   0.0000000000
   0.0000000000   0.0000000000
   0.0000000000   0.0000000000
   0.0000000000   0.0000000000
   0.0000000000  -0.0000000000
   0.0000000000   0.0000000000
   0.0000000000  -0.0000000000
   0.0000000000  -0.0000000000
   0.0000000000   0.0000000000
   0.0000000000  -0.0000000000
   0.0000000000   0.0000000000
   0.0000000000   0.0000000000
  -0.0000000000  -0.0000000000
   0.0000000000  -0.0000000000
   0.0000000000   0.0000000000
   0.0000000000   0.0000000000
   0.0000000000  -0.0000000000
   0.0000000000  -0.0000000000
   0.0000000000   0.0000000000
   0.0000000000  -0.0000000000
   0.0000000000  -0.0000000000
   0.0000000000   0.0000000000
   0.0000000000   0.0000000000
  -0.0000000000  -0.0000000000
   0.0000000000   0.0000000000
   0.0000000000   0.0000000000
   0.0000000000  -0.0000000000
   0.0000000000  -0.0000000000
   0.0000000000   0.0000000000
   0.0000000000  -0.0000000000
  -0.0000000000  -0.0000000000
   0.0000000000   0.0000000000
   0.0000000000   0.0000000000
   0.0000000000   0.0000000000
   0.0000000000   0.0000000000
   0.0000000000   0.0000000000
   0.0000000000  -0.0000000000
   0.0000000000   0.0000000000
   0.0000000000  -0.0000000000
   0.0000000000   0.0000000000
  -0.0000000000  -0.0000000000
   0.0000000000   0.0000000000
   0.0000000000   0.0000000000
   0.0000000000  -0.0000000000
   0.0000000000   0.0000000000
  -0.0000000000  -0.0000000000
   0.0000000000  -0.0000000000
   0.0000000000   0.0000000000
   0.0000000000   0.0000000000
   0.0000000000  -0.0000000000
   0.0000000000   0.0000000000
   0.0000000000  -0.0000000000
  -0.0000000000  -0.0000000000
   0.0000000000   0.0000000000
   0.0000000000   0.0000000000
   0.0000000000  -0.0000000000
  -0.0000000000  -0.0000000000
   0.0000000000   0.0000000000
   0.0000000000  -0.0000000000
   0.0000000000   0.0000000000
   0.0000000000  -0.0000000000
  -0.0000000000   0.0000000000
   0.0000000000  -0.0000000000
   0.0000000000  -0.0000000000
  -0.0000000000  -0.0000000000
   0.0000000000  -0.0000000000
   0.0000000000  -0.0000000000
   0.0000000000   0.0000000000
   0.0000000000   0.0000000000
   0.0000000000   0.0000000000
   0.0000000000   0.0000000000
   0.0000000000   0.0000000000
  -0.0000000000   0.0000000000
  -0.0000000000   0.0000000000
     Frequencies of the matrix for the current q in the star (cm^{-1})
   194.55281   194.55281   240.50250   240.50250   456.61190   456.61190
   576.36208   576.36208   586.45700   586.45700   666.83447   666.83447
        q(    8 ) = (  -0.5000000   0.2886751  -0.3067673 )
                                    s                        frac. trans.

      isym =  1     identity                                     

 cryst.   s( 1) = (     1          0          0      )
                  (     0          1          0      )
                  (     0          0          1      )

 cart.    s( 1) = (  1.0000000  0.0000000  0.0000000 )
                  (  0.0000000  1.0000000  0.0000000 )
                  (  0.0000000  0.0000000  1.0000000 )


      isym =  2     180 deg rotation - cart. axis [0,0,1]        

 cryst.   s( 2) = (    -1          0          0      )    f =( -0.0000000 )
                  (     0         -1          0      )       ( -0.0000000 )
                  (     0          0          1      )       (  0.5000000 )

 cart.    s( 2) = ( -1.0000000  0.0000000  0.0000000 )    f =( -0.0000000 )
                  (  0.0000000 -1.0000000  0.0000000 )       ( -0.0000000 )
                  (  0.0000000  0.0000000  1.0000000 )       (  0.8149500 )


      isym =  3     inv. 180 deg rotation - cart. axis [0,1,0]   

 cryst.   s( 3) = (     1          0          0      )    f =( -0.0000000 )
                  (    -1         -1          0      )       ( -0.0000000 )
                  (     0          0          1      )       (  0.5000000 )

 cart.    s( 3) = (  1.0000000  0.0000000  0.0000000 )    f =( -0.0000000 )
                  (  0.0000000 -1.0000000  0.0000000 )       ( -0.0000000 )
                  (  0.0000000  0.0000000  1.0000000 )       (  0.8149500 )


      isym =  4     inv. 180 deg rotation - cart. axis [1,0,0]   

 cryst.   s( 4) = (    -1          0          0      )
                  (     1          1          0      )
                  (     0          0          1      )

 cart.    s( 4) = ( -1.0000000  0.0000000  0.0000000 )
                  (  0.0000000  1.0000000  0.0000000 )
                  (  0.0000000  0.0000000  1.0000000 )


      isym =  5     120 deg rotation - cryst. axis [0,0,1]       

 cryst.   s( 5) = (     0          1          0      )
                  (    -1         -1          0      )
                  (     0          0          1      )

 cart.    s( 5) = ( -0.5000000 -0.8660254  0.0000000 )
                  (  0.8660254 -0.5000000  0.0000000 )
                  (  0.0000000  0.0000000  1.0000000 )


      isym =  6     120 deg rotation - cryst. axis [0,0,-1]      

 cryst.   s( 6) = (    -1         -1          0      )
                  (     1          0          0      )
                  (     0          0          1      )

 cart.    s( 6) = ( -0.5000000  0.8660254  0.0000000 )
                  ( -0.8660254 -0.5000000  0.0000000 )
                  (  0.0000000  0.0000000  1.0000000 )


      isym =  7      60 deg rotation - cryst. axis [0,0,1]       

 cryst.   s( 7) = (     1          1          0      )    f =( -0.0000000 )
                  (    -1          0          0      )       ( -0.0000000 )
                  (     0          0          1      )       (  0.5000000 )

 cart.    s( 7) = (  0.5000000 -0.8660254  0.0000000 )    f =( -0.0000000 )
                  (  0.8660254  0.5000000  0.0000000 )       ( -0.0000000 )
                  (  0.0000000  0.0000000  1.0000000 )       (  0.8149500 )


      isym =  8      60 deg rotation - cryst. axis [0,0,-1]      

 cryst.   s( 8) = (     0         -1          0      )    f =(  0.0000000 )
                  (     1          1          0      )       (  0.0000000 )
                  (     0          0          1      )       (  0.5000000 )

 cart.    s( 8) = (  0.5000000  0.8660254  0.0000000 )    f =( -0.0000000 )
                  ( -0.8660254  0.5000000  0.0000000 )       (  0.0000000 )
                  (  0.0000000  0.0000000  1.0000000 )       (  0.8149500 )


      isym =  9     inv. 180 deg rotation - cryst. axis [1,-1,0] 

 cryst.   s( 9) = (     0          1          0      )    f =(  0.0000000 )
                  (     1          0          0      )       ( -0.0000000 )
                  (     0          0          1      )       (  0.5000000 )

 cart.    s( 9) = ( -0.5000000  0.8660254  0.0000000 )    f =(  0.0000000 )
                  (  0.8660254  0.5000000  0.0000000 )       ( -0.0000000 )
                  (  0.0000000  0.0000000  1.0000000 )       (  0.8149500 )


      isym = 10     inv. 180 deg rotation - cryst. axis [2,1,0]  

 cryst.   s(10) = (    -1         -1          0      )    f =( -0.0000000 )
                  (     0          1          0      )       (  0.0000000 )
                  (     0          0          1      )       (  0.5000000 )

 cart.    s(10) = ( -0.5000000 -0.8660254  0.0000000 )    f =( -0.0000000 )
                  ( -0.8660254  0.5000000  0.0000000 )       (  0.0000000 )
                  (  0.0000000  0.0000000  1.0000000 )       (  0.8149500 )


      isym = 11     inv. 180 deg rotation - cryst. axis [0,1,0]  

 cryst.   s(11) = (     1          1          0      )
                  (     0         -1          0      )
                  (     0          0          1      )

 cart.    s(11) = (  0.5000000  0.8660254  0.0000000 )
                  (  0.8660254 -0.5000000  0.0000000 )
                  (  0.0000000  0.0000000  1.0000000 )


      isym = 12     inv. 180 deg rotation - cryst. axis [1,1,0]  

 cryst.   s(12) = (     0         -1          0      )
                  (    -1          0          0      )
                  (     0          0          1      )

 cart.    s(12) = (  0.5000000 -0.8660254  0.0000000 )
                  ( -0.8660254 -0.5000000  0.0000000 )
                  (  0.0000000  0.0000000  1.0000000 )

 iq, i, isym, nog, non_symmorphic
    3    1    6  T  F
    3    2    7  F  T
    3    3   10  F  T
    3    4   11  T  F
     Frequencies of the matrix for the first q in the star (cm^{-1})
   194.55281   194.55281   240.50250   240.50250   456.61190   456.61190
   576.36208   576.36208   586.45700   586.45700   666.83447   666.83447
     Frequencies of the matrix for the first q in the star (meV)
    24.12147    24.12147    29.81851    29.81851    56.61266    56.61266
    71.45979    71.45979    72.71140    72.71140    82.67694    82.67694
   0.0000000000   0.0000000000
  -0.0000000000   0.0000000000
   0.0000000000   0.0000000000
   0.0000000000   0.0000000000
   0.0000000000  -0.0000000000
   0.0000000000   0.0000000000
   0.0000000000   0.0000000000
   0.0000000000   0.0000000000
   0.0000000000   0.0000000000
   0.0000000000  -0.0000000000
   0.0000000000   0.0000000000
   0.0000000000  -0.0000000000
  -0.0000000000  -0.0000000000
   0.0000000000   0.0000000000
  -0.0000000000   0.0000000000
   0.0000000000   0.0000000000
   0.0000000000  -0.0000000000
   0.0000000000   0.0000000000
   0.0000000000   0.0000000000
   0.0000000000   0.0000000000
   0.0000000000   0.0000000000
   0.0000000000   0.0000000000
   0.0000000000  -0.0000000000
   0.0000000000   0.0000000000
   0.0000000000   0.0000000000
  -0.0000000000   0.0000000000
   0.0000000000  -0.0000000000
   0.0000000000   0.0000000000
   0.0000000000   0.0000000000
   0.0000000000   0.0000000000
   0.0000000000   0.0000000000
   0.0000000000   0.0000000000
   0.0000000000   0.0000000000
   0.0000000000   0.0000000000
   0.0000000000   0.0000000000
   0.0000000000   0.0000000000
   0.0000000000   0.0000000000
   0.0000000000  -0.0000000000
   0.0000000000  -0.0000000000
   0.0000000000   0.0000000000
  -0.0000000000  -0.0000000000
   0.0000000000  -0.0000000000
   0.0000000000   0.0000000000
   0.0000000000   0.0000000000
  -0.0000000000   0.0000000000
   0.0000000000   0.0000000000
   0.0000000000   0.0000000000
   0.0000000000   0.0000000000
   0.0000000000   0.0000000000
   0.0000000000  -0.0000000000
   0.0000000000   0.0000000000
   0.0000000000  -0.0000000000
   0.0000000000  -0.0000000000
   0.0000000000   0.0000000000
   0.0000000000   0.0000000000
   0.0000000000   0.0000000000
   0.0000000000   0.0000000000
   0.0000000000   0.0000000000
   0.0000000000   0.0000000000
   0.0000000000  -0.0000000000
   0.0000000000   0.0000000000
   0.0000000000   0.0000000000
   0.0000000000   0.0000000000
   0.0000000000  -0.0000000000
   0.0000000000   0.0000000000
  -0.0000000000  -0.0000000000
   0.0000000000  -0.0000000000
   0.0000000000   0.0000000000
  -0.0000000000   0.0000000000
   0.0000000000   0.0000000000
   0.0000000000  -0.0000000000
   0.0000000000   0.0000000000
   0.0000000000   0.0000000000
   0.0000000000   0.0000000000
   0.0000000000   0.0000000000
   0.0000000000  -0.0000000000
   0.0000000000   0.0000000000
   0.0000000000   0.0000000000
   0.0000000000  -0.0000000000
  -0.0000000000   0.0000000000
   0.0000000000  -0.0000000000
   0.0000000000   0.0000000000
   0.0000000000  -0.0000000000
   0.0000000000   0.0000000000
   0.0000000000   0.0000000000
   0.0000000000   0.0000000000
   0.0000000000   0.0000000000
   0.0000000000   0.0000000000
   0.0000000000  -0.0000000000
   0.0000000000  -0.0000000000
  -0.0000000000   0.0000000000
   0.0000000000   0.0000000000
   0.0000000000   0.0000000000
   0.0000000000   0.0000000000
   0.0000000000   0.0000000000
   0.0000000000   0.0000000000
   0.0000000000  -0.0000000000
   0.0000000000   0.0000000000
   0.0000000000   0.0000000000
   0.0000000000  -0.0000000000
   0.0000000000   0.0000000000
  -0.0000000000   0.0000000000
   0.0000000000   0.0000000000
   0.0000000000   0.0000000000
   0.0000000000   0.0000000000
  -0.0000000000   0.0000000000
   0.0000000000   0.0000000000
   0.0000000000   0.0000000000
   0.0000000000   0.0000000000
   0.0000000000   0.0000000000
  -0.0000000000   0.0000000000
   0.0000000000   0.0000000000
   0.0000000000   0.0000000000
   0.0000000000   0.0000000000
   0.0000000000   0.0000000000
   0.0000000000  -0.0000000000
  -0.0000000000   0.0000000000
   0.0000000000   0.0000000000
  -0.0000000000   0.0000000000
   0.0000000000  -0.0000000000
   0.0000000000   0.0000000000
   0.0000000000   0.0000000000
   0.0000000000   0.0000000000
   0.0000000000   0.0000000000
   0.0000000000   0.0000000000
   0.0000000000   0.0000000000
   0.0000000000   0.0000000000
   0.0000000000   0.0000000000
   0.0000000000   0.0000000000
   0.0000000000  -0.0000000000
   0.0000000000  -0.0000000000
  -0.0000000000   0.0000000000
   0.0000000000   0.0000000000
   0.0000000000  -0.0000000000
   0.0000000000   0.0000000000
   0.0000000000   0.0000000000
   0.0000000000   0.0000000000
   0.0000000000   0.0000000000
   0.0000000000   0.0000000000
   0.0000000000   0.0000000000
   0.0000000000   0.0000000000
   0.0000000000   0.0000000000
  -0.0000000000   0.0000000000
  -0.0000000000   0.0000000000
     Frequencies of the matrix for the current q in the star (cm^{-1})
   194.55281   194.55281   240.50250   240.50250   456.61190   456.61190
   576.36208   576.36208   586.45700   586.45700   666.83447   666.83447

     Band disentanglement is used: nbndsub =   14

     Computes the analytic long-range interaction for polar materials [lpolar]
      
     Construct the Wigner-Seitz cell using Wannier centers and atomic positions 
     Number of WS vectors for electrons       35
     Number of WS vectors for phonons       25
     Number of WS vectors for electron-phonon       29
     Maximum number of cores for efficient parallelization      116

     Inside velocity step 1
 

     Velocity matrix elements calculated
 
 
     Bloch2wane:          1 /          8
     Bloch2wane:          2 /          8
     Bloch2wane:          3 /          8
     Bloch2wane:          4 /          8
     Bloch2wane:          5 /          8
     Bloch2wane:          6 /          8
     Bloch2wane:          7 /          8
     Bloch2wane:          8 /          8
     Bloch2wanp:          1 /          4
     Bloch2wanp:          2 /          4
     Bloch2wanp:          3 /          4
     Bloch2wanp:          4 /          4

     Writing Hamiltonian, Dynamical matrix and EP vertex in Wann rep to file

     ===================================================================
     Memory usage:  VmHWM =       198Mb
                   VmPeak =     10032Mb
     ===================================================================
     
     Using uniform q-mesh:    20   20   20
     Size of q point mesh for interpolation:       8000
     Using uniform MP k-mesh:    20   20   20
     Size of k point mesh for interpolation:       1760
     Max number of k points per pool:              220

     Fermi energy coarse grid =  11.381868 eV

     ===================================================================

     Fermi energy is read from the input file: Ef =  11.481872 eV

     ===================================================================

     Skipping the first   12 bands:

     The Fermi level will be determined with  12.00000 electrons

              ibndmin =     4  ebndmin =    11.082 eV
              ibndmax =     6  ebndmax =    11.382 eV


     Number of ep-matrix elements per pool :        11880 ~=   92.81 Kb (@ 8 bytes/ DP)
      
     A selecq.fmt file was found but re-created because selecqread == .FALSE. 
     Number selected, total            100            331
     Number selected, total            200            431
     Number selected, total            300            767
     Number selected, total            400           1123
     Number selected, total            500           1516
     Number selected, total            600           6423
     Number selected, total            700           6855
     Number selected, total            800           7230
     Number selected, total            900           7580
     Number selected, total           1000           7680
     We only need to compute     1084 q-points
      
     Valence band maximum    =  11.381868 eV
     Conduction band minimum =  13.076041 eV

     Temperature  200.000 K
     Mobility VB Fermi level =  11.646446 eV

     Temperature  225.000 K
     Mobility VB Fermi level =  11.682085 eV

     Temperature  250.000 K
     Mobility VB Fermi level =  11.718125 eV

     Temperature  275.000 K
     Mobility VB Fermi level =  11.754527 eV

     Temperature  300.000 K
     Mobility VB Fermi level =  11.791259 eV

     Temperature  325.000 K
     Mobility VB Fermi level =  11.828296 eV

     Temperature  350.000 K
     Mobility VB Fermi level =  11.865616 eV

     Temperature  375.000 K
     Mobility VB Fermi level =  11.903201 eV

     Temperature  400.000 K
     Mobility VB Fermi level =  11.941038 eV

     Temperature  425.000 K
     Mobility VB Fermi level =  11.979113 eV

     Temperature  450.000 K
     Mobility VB Fermi level =  12.017413 eV

     Temperature  475.000 K
     Mobility VB Fermi level =  12.055928 eV

     Temperature  500.000 K
     Mobility VB Fermi level =  12.094648 eV

     ===================================================================
     Scattering rate for IBTE
     ===================================================================

     Restart and restart_step inputs deactivated (restart point at every q-points).
     No intermediate mobility will be shown.

     Fermi Surface thickness =   0.400000 eV
     This is computed with respect to the fine Fermi level  11.481872 eV
     Only states between  11.081872 eV and  11.881872 eV will be included

     Save matrix elements larger than threshold:   0.173611111111E-24
      
     Progression iq (fine) =        100/      1084
       Adaptative smearing el-ph = Min:    23.207491 meV
                                   Max:    76.720534 meV
     Progression iq (fine) =        200/      1084
       Adaptative smearing el-ph = Min:    20.683427 meV
                                   Max:   181.364933 meV
     Progression iq (fine) =        300/      1084
       Adaptative smearing el-ph = Min:     9.745836 meV
                                   Max:   137.245381 meV
     Progression iq (fine) =        400/      1084
       Adaptative smearing el-ph = Min:    18.116274 meV
                                   Max:   155.640094 meV
     Progression iq (fine) =        500/      1084
       Adaptative smearing el-ph = Min:    24.083381 meV
                                   Max:   184.591115 meV
     Progression iq (fine) =        600/      1084
       Adaptative smearing el-ph = Min:    24.012139 meV
                                   Max:    77.953574 meV
     Progression iq (fine) =        700/      1084
       Adaptative smearing el-ph = Min:    24.001937 meV
                                   Max:    71.836582 meV
     Progression iq (fine) =        800/      1084
       Adaptative smearing el-ph = Min:    20.959919 meV
                                   Max:   106.830436 meV
     Progression iq (fine) =        900/      1084
       Adaptative smearing el-ph = Min:    14.004491 meV
                                   Max:   184.702034 meV
     Progression iq (fine) =       1000/      1084
       Adaptative smearing el-ph = Min:    28.597367 meV
                                   Max:    64.451982 meV
      200.000     11.6464       0.999999E+13
      225.000     11.6821       0.999995E+13
      250.000     11.7181       0.999996E+13
      275.000     11.7545       0.999991E+13
      300.000     11.7913       0.999995E+13
      325.000     11.8283       0.999995E+13
      350.000     11.8656       0.999998E+13
      375.000     11.9032       0.999999E+13
      400.000     11.9410       0.100001E+14
      425.000     11.9791       0.999991E+13
      450.000     12.0174       0.999997E+13
      475.000     12.0559       0.999999E+13
      500.000     12.0946       0.999990E+13
      
     epmatkqread automatically changed to .TRUE. as all scattering have been computed.
      
     ===================================================================
     Memory usage:  VmHWM =       201Mb
                   VmPeak =     10034Mb
     ===================================================================

     Number of elements per core      99499
     Symmetry mapping finished
      
     =============================================================================================
     BTE in the self-energy relaxation time approximation (SERTA)
     =============================================================================================

     =============================================================================================
       Temp     Fermi   Hole density  Population SR            Drift Hole mobility 
        [K]      [eV]     [cm^-3]      [h per cell]                    [cm^2/Vs]
     =============================================================================================

      200.000  11.6464   0.10000E+14   0.63109E-29    0.693865E+02   -0.387803E-19    0.620333E-18
                                       0.00000E+00    0.193901E-19    0.693865E+02    0.000000E+00
                                       0.25609E-07   -0.659568E-18    0.000000E+00    0.124117E+03
      225.000  11.6821   0.10000E+14   0.12824E-25    0.649969E+02   -0.775609E-19    0.155728E-18
                                       0.00000E+00   -0.155122E-18    0.649969E+02    0.000000E+00
                                       0.26745E-07   -0.774094E-18    0.000000E+00    0.100756E+03
      250.000  11.7181   0.10000E+14   0.25849E-25    0.595039E+02   -0.155122E-18   -0.313879E-18
                                       0.00000E+00   -0.310243E-18    0.595039E+02    0.000000E+00
                                       0.27067E-07    0.928306E-18    0.000000E+00    0.821897E+02
      275.000  11.7545   0.99999E+13   0.12117E-26    0.538500E+02   -0.310245E-18    0.969515E-20
                                       0.00000E+00    0.000000E+00    0.538500E+02    0.000000E+00
                                       0.26764E-07    0.249165E-17    0.000000E+00    0.675630E+02
      300.000  11.7913   0.99999E+13  -0.32312E-26    0.485159E+02   -0.620488E-18    0.250134E-17
                                       0.00000E+00   -0.318310E-15    0.485159E+02    0.000000E+00
                                       0.26025E-07    0.188085E-17    0.000000E+00    0.560714E+02
      325.000  11.8283   0.10000E+14   0.32312E-26    0.437040E+02   -0.159465E-15   -0.252073E-17
                                       0.00000E+00   -0.620487E-18    0.437040E+02    0.000000E+00
                                       0.25010E-07   -0.624365E-17    0.000000E+00    0.470265E+02
      350.000  11.8656   0.10000E+14  -0.93704E-25    0.394645E+02   -0.160085E-15    0.616608E-17
                                       0.00000E+00   -0.160085E-15    0.394645E+02    0.000000E+00
                                       0.23843E-07   -0.376169E-17    0.000000E+00    0.398726E+02
      375.000  11.9032   0.10000E+14   0.96935E-25    0.357728E+02   -0.160085E-15    0.228804E-17
                                       0.00000E+00   -0.124097E-17    0.357728E+02    0.000000E+00
                                       0.22614E-07   -0.624363E-17    0.000000E+00    0.341754E+02
      400.000  11.9410   0.10000E+14  -0.21326E-24    0.325732E+02   -0.160084E-15    0.511895E-17
                                       0.00000E+00   -0.161325E-15    0.325732E+02    0.000000E+00
                                       0.21381E-07   -0.255948E-17    0.000000E+00    0.296019E+02
      425.000  11.9791   0.99999E+13  -0.12925E-25    0.298010E+02   -0.160086E-15    0.000000E+00
                                       0.00000E+00   -0.239509E-15    0.298010E+02    0.000000E+00
                                       0.20181E-07    0.240440E-17    0.000000E+00    0.258988E+02
      450.000  12.0174   0.10000E+14   0.51699E-25    0.273935E+02   -0.161326E-15    0.573950E-17
                                       0.00000E+00   -0.819042E-16    0.273935E+02    0.000000E+00
                                       0.19039E-07    0.325755E-17    0.000000E+00    0.228737E+02
      475.000  12.0559   0.10000E+14   0.00000E+00    0.252947E+02   -0.161326E-15   -0.527412E-17
                                       0.00000E+00   -0.240748E-15    0.252947E+02    0.000000E+00
                                       0.17964E-07   -0.294730E-17    0.000000E+00    0.203807E+02
      500.000  12.0946   0.99999E+13   0.15510E-24    0.234564E+02   -0.161328E-15   -0.744589E-17
                                       0.00000E+00   -0.163809E-15    0.234564E+02    0.000000E+00
                                       0.16960E-07    0.248196E-17    0.000000E+00    0.183081E+02
      
     =============================================================================================
     Start solving iterative Boltzmann Transport Equation
     =============================================================================================

     Iteration number:         1

     =============================================================================================
       Temp     Fermi   Hole density  Population SR            Drift Hole mobility 
        [K]      [eV]     [cm^-3]      [h per cell]                    [cm^2/Vs]
     =============================================================================================

      200.000  11.6464   0.10000E+14   0.50487E-28    0.939507E+02   -0.775606E-19   -0.151486E-21
                                       0.00000E+00   -0.775606E-19    0.939507E+02    0.000000E+00
                                       0.43879E-07    0.777121E-19    0.000000E+00    0.126587E+03
      225.000  11.6821   0.10000E+14   0.12925E-25    0.875944E+02   -0.155122E-18    0.156334E-18
                                       0.00000E+00   -0.155122E-18    0.875944E+02    0.000000E+00
                                       0.53100E-07    0.605945E-21    0.000000E+00    0.104718E+03
      250.000  11.7181   0.10000E+14   0.25445E-25    0.798183E+02   -0.310243E-18    0.216928E-17
                                       0.00000E+00   -0.635689E-15    0.798183E+02    0.000000E+00
                                       0.59966E-07    0.307820E-18    0.000000E+00    0.869222E+02
      275.000  11.7545   0.99999E+13  -0.16156E-26    0.719216E+02   -0.318311E-15    0.249165E-17
                                       0.00000E+00    0.310245E-18    0.719216E+02    0.000000E+00
                                       0.64354E-07    0.000000E+00    0.000000E+00    0.725993E+02
      300.000  11.7913   0.99999E+13   0.10340E-24    0.645461E+02   -0.318310E-15   -0.376171E-17
                                       0.00000E+00   -0.320172E-15    0.645461E+02    0.000000E+00
                                       0.66607E-07    0.129915E-17    0.000000E+00    0.611308E+02
      325.000  11.8283   0.10000E+14  -0.10017E-24    0.579461E+02   -0.318931E-15    0.110912E-16
                                       0.00000E+00   -0.124097E-17    0.579461E+02    0.000000E+00
                                       0.67216E-07   -0.581707E-19    0.000000E+00    0.519517E+02
      350.000  11.8656   0.10000E+14   0.64623E-26    0.521694E+02   -0.124097E-17    0.775607E-19
                                       0.00000E+00   -0.124097E-17    0.521694E+02    0.000000E+00
                                       0.66651E-07    0.267584E-17    0.000000E+00    0.445828E+02
      375.000  11.9032   0.10000E+14  -0.21972E-24    0.471662E+02   -0.318929E-15    0.248194E-17
                                       0.00000E+00   -0.496388E-17    0.471662E+02    0.000000E+00
                                       0.65298E-07   -0.248194E-17    0.000000E+00    0.386354E+02
      400.000  11.9410   0.10000E+14   0.21972E-24    0.428488E+02   -0.161325E-15    0.224924E-17
                                       0.00000E+00   -0.163806E-15    0.428488E+02    0.000000E+00
                                       0.63448E-07    0.721307E-17    0.000000E+00    0.338028E+02
      425.000  11.9791   0.99999E+13   0.52927E-22    0.391214E+02   -0.161327E-15    0.158845E-15
                                       0.00000E+00   -0.158845E-15    0.391214E+02    0.000000E+00
                                       0.61308E-07   -0.775613E-17    0.000000E+00    0.298460E+02
      450.000  12.0174   0.10000E+14   0.38774E-24    0.358936E+02   -0.161326E-15    0.511901E-17
                                       0.00000E+00   -0.163808E-15    0.358936E+02    0.000000E+00
                                       0.59024E-07   -0.434340E-17    0.000000E+00    0.265802E+02
      475.000  12.0559   0.10000E+14   0.00000E+00    0.330863E+02   -0.161326E-15   -0.195453E-16
                                       0.00000E+00   -0.240748E-15    0.330863E+02    0.000000E+00
                                       0.56690E-07   -0.449852E-17    0.000000E+00    0.238627E+02
      500.000  12.0946   0.99999E+13   0.25849E-25    0.306320E+02   -0.161328E-15   -0.896609E-16
                                       0.00000E+00   -0.248196E-15    0.306320E+02    0.000000E+00
                                       0.54371E-07    0.558441E-17    0.000000E+00    0.215829E+02

                                                      0.126587E+03    Max error
     Iteration number:         2

     =============================================================================================
       Temp     Fermi   Hole density  Population SR            Drift Hole mobility 
        [K]      [eV]     [cm^-3]      [h per cell]                    [cm^2/Vs]
     =============================================================================================

      200.000  11.6464   0.10000E+14   0.25244E-28    0.102893E+03   -0.775606E-19    0.000000E+00
                                       0.00000E+00    0.000000E+00    0.102893E+03    0.000000E+00
                                       0.77997E-07    0.777121E-19    0.000000E+00    0.128473E+03
      225.000  11.6821   0.10000E+14   0.10097E-27    0.957834E+02   -0.155122E-18   -0.121189E-20
                                       0.00000E+00    0.000000E+00    0.957834E+02    0.000000E+00
                                       0.97089E-07   -0.153304E-18    0.000000E+00    0.106541E+03
      250.000  11.7181   0.10000E+14  -0.80779E-27    0.871394E+02   -0.635689E-15    0.000000E+00
                                       0.00000E+00   -0.310243E-18    0.871394E+02    0.000000E+00
                                       0.11147E-06   -0.307820E-18    0.000000E+00    0.886378E+02
      275.000  11.7545   0.99999E+13  -0.52507E-25    0.783963E+02   -0.318311E-15   -0.610795E-18
                                       0.00000E+00   -0.620490E-18    0.783963E+02    0.000000E+00
                                       0.12080E-06   -0.145427E-19    0.000000E+00    0.741930E+02
      300.000  11.7913   0.99999E+13   0.00000E+00    0.702553E+02   -0.318931E-15   -0.500268E-17
                                       0.00000E+00   -0.318931E-15    0.702553E+02    0.000000E+00
                                       0.12577E-06    0.313967E-15    0.000000E+00    0.626042E+02
      325.000  11.8283   0.10000E+14  -0.21003E-24    0.629894E+02   -0.318931E-15   -0.368414E-17
                                       0.00000E+00   -0.320172E-15    0.629894E+02    0.000000E+00
                                       0.12737E-06   -0.120219E-17    0.000000E+00    0.533141E+02
      350.000  11.8656   0.10000E+14  -0.19387E-25    0.566439E+02   -0.318930E-15   -0.100053E-16
                                       0.00000E+00   -0.318930E-15    0.566439E+02    0.000000E+00
                                       0.12659E-06    0.252072E-17    0.000000E+00    0.458458E+02
      375.000  11.9032   0.10000E+14  -0.20680E-24    0.511585E+02   -0.161326E-15    0.127199E-16
                                       0.00000E+00   -0.320170E-15    0.511585E+02    0.000000E+00
                                       0.12419E-06   -0.224926E-17    0.000000E+00    0.398108E+02
      400.000  11.9410   0.10000E+14   0.12925E-25    0.464325E+02   -0.320167E-15   -0.155120E-18
                                       0.00000E+00   -0.479010E-15    0.464325E+02    0.000000E+00
                                       0.12079E-06    0.312877E-15    0.000000E+00    0.349011E+02
      425.000  11.9791   0.99999E+13  -0.42652E-24    0.423582E+02   -0.320173E-15   -0.542929E-17
                                       0.00000E+00   -0.322655E-15    0.423582E+02    0.000000E+00
                                       0.11679E-06    0.263708E-17    0.000000E+00    0.308765E+02
      450.000  12.0174   0.10000E+14  -0.52578E-22    0.388340E+02   -0.320171E-15    0.164584E-15
                                       0.00000E+00   -0.320171E-15    0.388340E+02    0.000000E+00
                                       0.11248E-06    0.150468E-16    0.000000E+00    0.275506E+02
      475.000  12.0559   0.10000E+14   0.25849E-25    0.357719E+02   -0.320170E-15   -0.992776E-17
                                       0.00000E+00   -0.320170E-15    0.357719E+02    0.000000E+00
                                       0.10807E-06    0.851615E-16    0.000000E+00    0.247795E+02
      500.000  12.0946   0.99999E+13  -0.77548E-25    0.330971E+02   -0.240750E-15    0.797330E-16
                                       0.00000E+00   -0.240750E-15    0.330971E+02    0.000000E+00
                                       0.10367E-06   -0.158225E-16    0.000000E+00    0.224518E+02

                                                      0.579703E+01    Max error
     Iteration number:         3

     =============================================================================================
       Temp     Fermi   Hole density  Population SR            Drift Hole mobility 
        [K]      [eV]     [cm^-3]      [h per cell]                    [cm^2/Vs]
     =============================================================================================

      200.000  11.6464   0.10000E+14  -0.10097E-27    0.106136E+03   -0.775606E-19    0.775606E-19
                                       0.00000E+00   -0.775606E-19    0.106136E+03    0.000000E+00
                                       0.11613E-06    0.131891E-17    0.000000E+00    0.128746E+03
      225.000  11.6821   0.10000E+14  -0.20195E-27    0.987443E+02   -0.155122E-18    0.248195E-17
                                       0.00000E+00   -0.155122E-18    0.987443E+02    0.000000E+00
                                       0.14648E-06    0.248316E-17    0.000000E+00    0.106837E+03
      250.000  11.7181   0.10000E+14   0.00000E+00    0.897754E+02   -0.310243E-18    0.000000E+00
                                       0.00000E+00   -0.310243E-18    0.897754E+02    0.000000E+00
                                       0.16931E-06   -0.242378E-20    0.000000E+00    0.889415E+02
      275.000  11.7545   0.99999E+13   0.10663E-24    0.807167E+02   -0.636002E-15   -0.969515E-20
                                       0.00000E+00   -0.124098E-17    0.807167E+02    0.000000E+00
                                       0.18410E-06   -0.596252E-18    0.000000E+00    0.744954E+02
      300.000  11.7913   0.99999E+13  -0.16156E-26    0.722917E+02   -0.318931E-15    0.988902E-17
                                       0.00000E+00   -0.318931E-15    0.722917E+02    0.000000E+00
                                       0.19196E-06    0.376171E-17    0.000000E+00    0.629006E+02
      325.000  11.8283   0.10000E+14   0.12925E-25    0.647799E+02   -0.318931E-15    0.000000E+00
                                       0.00000E+00   -0.317690E-15    0.647799E+02    0.000000E+00
                                       0.19453E-06    0.996658E-17    0.000000E+00    0.536022E+02
      350.000  11.8656   0.10000E+14  -0.20033E-24    0.582256E+02   -0.318930E-15   -0.744583E-17
                                       0.00000E+00   -0.318930E-15    0.582256E+02    0.000000E+00
                                       0.19333E-06   -0.760095E-17    0.000000E+00    0.461248E+02
      375.000  11.9032   0.10000E+14   0.00000E+00    0.525642E+02   -0.320170E-15   -0.496388E-17
                                       0.00000E+00   -0.320170E-15    0.525642E+02    0.000000E+00
                                       0.18964E-06   -0.125648E-16    0.000000E+00    0.400806E+02
      400.000  11.9410   0.10000E+14   0.18095E-24    0.476899E+02   -0.161325E-15   -0.217168E-17
                                       0.00000E+00   -0.161325E-15    0.476899E+02    0.000000E+00
                                       0.18438E-06   -0.744575E-17    0.000000E+00    0.351618E+02
      425.000  11.9791   0.99999E+13   0.52965E-22    0.434902E+02   -0.161327E-15   -0.148142E-15
                                       0.00000E+00   -0.158845E-15    0.434902E+02    0.000000E+00
                                       0.17821E-06   -0.977272E-17    0.000000E+00    0.311286E+02
      450.000  12.0174   0.10000E+14   0.53379E-22    0.398595E+02   -0.161326E-15    0.496389E-17
                                       0.00000E+00   -0.161326E-15    0.398595E+02    0.000000E+00
                                       0.17157E-06    0.480877E-17    0.000000E+00    0.277944E+02
      475.000  12.0559   0.10000E+14   0.52940E-22    0.367062E+02   -0.161326E-15   -0.201658E-16
                                       0.00000E+00   -0.161326E-15    0.367062E+02    0.000000E+00
                                       0.16478E-06    0.153570E-16    0.000000E+00    0.250154E+02
      500.000  12.0946   0.99999E+13   0.38774E-24    0.339528E+02   -0.243232E-15   -0.527417E-17
                                       0.00000E+00   -0.248196E-15    0.339528E+02    0.000000E+00
                                       0.15800E-06   -0.558441E-17    0.000000E+00    0.226801E+02

                                                      0.232039E+01    Max error
     Iteration number:         4

     =============================================================================================
       Temp     Fermi   Hole density  Population SR            Drift Hole mobility 
        [K]      [eV]     [cm^-3]      [h per cell]                    [cm^2/Vs]
     =============================================================================================

      200.000  11.6464   0.10000E+14   0.00000E+00    0.107314E+03   -0.775606E-19    0.124036E-17
                                       0.00000E+00   -0.775606E-19    0.107314E+03    0.000000E+00
                                       0.15524E-06   -0.775606E-19    0.000000E+00    0.128811E+03
      225.000  11.6821   0.10000E+14  -0.25445E-25    0.998164E+02   -0.155122E-18   -0.121189E-20
                                       0.00000E+00   -0.620487E-18    0.998164E+02    0.000000E+00
                                       0.19739E-06    0.605945E-21    0.000000E+00    0.106907E+03
      250.000  11.7181   0.10000E+14   0.51699E-25    0.907259E+02   -0.310243E-18   -0.557953E-17
                                       0.00000E+00   -0.310243E-18    0.907259E+02    0.000000E+00
                                       0.22919E-06    0.309031E-18    0.000000E+00    0.890131E+02
      275.000  11.7545   0.99999E+13   0.10421E-24    0.815497E+02   -0.620490E-18   -0.494453E-17
                                       0.00000E+00   -0.620490E-18    0.815497E+02    0.000000E+00
                                       0.24986E-06    0.969515E-20    0.000000E+00    0.745673E+02
      300.000  11.7913   0.99999E+13   0.10340E-24    0.730196E+02   -0.318931E-15   -0.116341E-17
                                       0.00000E+00   -0.124098E-17    0.730196E+02    0.000000E+00
                                       0.26092E-06   -0.127006E-17    0.000000E+00    0.629721E+02
      325.000  11.8283   0.10000E+14   0.32312E-26    0.654174E+02   -0.124097E-17   -0.996658E-17
                                       0.00000E+00    0.000000E+00    0.654174E+02    0.000000E+00
                                       0.26461E-06   -0.318872E-15    0.000000E+00    0.536728E+02
      350.000  11.8656   0.10000E+14  -0.20680E-24    0.587867E+02   -0.124097E-17    0.729071E-17
                                       0.00000E+00   -0.124097E-17    0.587867E+02    0.000000E+00
                                       0.26310E-06   -0.248194E-17    0.000000E+00    0.461945E+02
      375.000  11.9032   0.10000E+14  -0.21972E-24    0.530612E+02   -0.320170E-15    0.126424E-16
                                       0.00000E+00   -0.320170E-15    0.530612E+02    0.000000E+00
                                       0.25813E-06    0.263706E-17    0.000000E+00    0.401492E+02
      400.000  11.9410   0.10000E+14  -0.25849E-25    0.481332E+02   -0.161325E-15   -0.155120E-18
                                       0.00000E+00   -0.158843E-15    0.481332E+02    0.000000E+00
                                       0.25099E-06   -0.255948E-17    0.000000E+00    0.352294E+02
      425.000  11.9791   0.99999E+13  -0.41359E-24    0.438884E+02   -0.161327E-15   -0.154192E-15
                                       0.00000E+00   -0.161327E-15    0.438884E+02    0.000000E+00
                                       0.24258E-06   -0.155123E-18    0.000000E+00    0.311951E+02
      450.000  12.0174   0.10000E+14  -0.52965E-22    0.402194E+02   -0.161326E-15   -0.195453E-16
                                       0.00000E+00   -0.315207E-15    0.402194E+02    0.000000E+00
                                       0.23353E-06   -0.465365E-17    0.000000E+00    0.278598E+02
      475.000  12.0559   0.10000E+14  -0.52914E-22    0.370334E+02   -0.320170E-15   -0.310242E-18
                                       0.00000E+00   -0.161326E-15    0.370334E+02    0.000000E+00
                                       0.22425E-06    0.741479E-16    0.000000E+00    0.250796E+02
      500.000  12.0946   0.99999E+13  -0.41359E-24    0.342519E+02   -0.243232E-15    0.152020E-16
                                       0.00000E+00   -0.248196E-15    0.342519E+02    0.000000E+00
                                       0.21499E-06   -0.943146E-16    0.000000E+00    0.227432E+02

                                                      0.950506E+00    Max error
     Iteration number:         5

     =============================================================================================
       Temp     Fermi   Hole density  Population SR            Drift Hole mobility 
        [K]      [eV]     [cm^-3]      [h per cell]                    [cm^2/Vs]
     =============================================================================================

      200.000  11.6464   0.10000E+14  -0.50487E-28    0.107742E+03   -0.775606E-19    0.124097E-17
                                       0.00000E+00    0.000000E+00    0.107742E+03    0.000000E+00
                                       0.19370E-06    0.774091E-19    0.000000E+00    0.128824E+03
      225.000  11.6821   0.10000E+14  -0.26253E-25    0.100204E+03   -0.155122E-18   -0.309032E-18
                                       0.00000E+00   -0.155122E-18    0.100204E+03    0.000000E+00
                                       0.24803E-06    0.496420E-17    0.000000E+00    0.106921E+03
      250.000  11.7181   0.10000E+14  -0.40390E-27    0.910684E+02   -0.310243E-18   -0.484755E-20
                                       0.00000E+00   -0.310243E-18    0.910684E+02    0.000000E+00
                                       0.28925E-06   -0.315091E-18    0.000000E+00    0.890286E+02
      275.000  11.7545   0.99999E+13   0.24234E-26    0.818487E+02   -0.636002E-15   -0.969515E-20
                                       0.00000E+00    0.000000E+00    0.818487E+02    0.000000E+00
                                       0.31622E-06   -0.615642E-18    0.000000E+00    0.745835E+02
      300.000  11.7913   0.99999E+13  -0.10017E-24    0.732797E+02   -0.318931E-15   -0.868683E-17
                                       0.00000E+00   -0.124098E-17    0.732797E+02    0.000000E+00
                                       0.33082E-06   -0.125067E-17    0.000000E+00    0.629887E+02
      325.000  11.8283   0.10000E+14  -0.32312E-26    0.656444E+02   -0.318931E-15    0.992780E-17
                                       0.00000E+00   -0.318931E-15    0.656444E+02    0.000000E+00
                                       0.33593E-06    0.868682E-17    0.000000E+00    0.536898E+02
      350.000  11.8656   0.10000E+14   0.20680E-24    0.589859E+02   -0.318930E-15    0.263706E-17
                                       0.00000E+00   -0.318930E-15    0.589859E+02    0.000000E+00
                                       0.33430E-06   -0.122934E-16    0.000000E+00    0.462117E+02
      375.000  11.9032   0.10000E+14   0.21972E-24    0.532371E+02   -0.320170E-15    0.760094E-17
                                       0.00000E+00   -0.248194E-17    0.532371E+02    0.000000E+00
                                       0.32818E-06   -0.756216E-17    0.000000E+00    0.401666E+02
      400.000  11.9410   0.10000E+14  -0.25849E-25    0.482898E+02   -0.161325E-15    0.232680E-17
                                       0.00000E+00   -0.161325E-15    0.482898E+02    0.000000E+00
                                       0.31924E-06   -0.992766E-17    0.000000E+00    0.352469E+02
      425.000  11.9791   0.99999E+13   0.51699E-25    0.440286E+02   -0.161327E-15    0.103932E-16
                                       0.00000E+00   -0.320173E-15    0.440286E+02    0.000000E+00
                                       0.30863E-06    0.961760E-17    0.000000E+00    0.312127E+02
      450.000  12.0174   0.10000E+14  -0.25849E-25    0.403459E+02   -0.161326E-15   -0.105483E-16
                                       0.00000E+00   -0.156362E-15    0.403459E+02    0.000000E+00
                                       0.29718E-06   -0.145814E-16    0.000000E+00    0.278774E+02
      475.000  12.0559   0.10000E+14   0.49114E-24    0.371483E+02   -0.320170E-15    0.465364E-17
                                       0.00000E+00   -0.168772E-15    0.371483E+02    0.000000E+00
                                       0.28540E-06    0.152019E-16    0.000000E+00    0.250973E+02
      500.000  12.0946   0.99999E+13   0.00000E+00    0.343568E+02   -0.243232E-15    0.930736E-18
                                       0.00000E+00   -0.769408E-16    0.343568E+02    0.000000E+00
                                       0.27363E-06   -0.527417E-17    0.000000E+00    0.227608E+02

                                                      0.342527E+00    Max error
     Iteration number:         6

     =============================================================================================
       Temp     Fermi   Hole density  Population SR            Drift Hole mobility 
        [K]      [eV]     [cm^-3]      [h per cell]                    [cm^2/Vs]
     =============================================================================================

      200.000  11.6464   0.10000E+14  -0.12925E-25    0.107897E+03   -0.775606E-19    0.772576E-19
                                       0.00000E+00   -0.775606E-19    0.107897E+03    0.000000E+00
                                       0.23118E-06    0.774091E-19    0.000000E+00    0.128827E+03
      225.000  11.6821   0.10000E+14  -0.40390E-27    0.100345E+03   -0.155122E-18   -0.496511E-17
                                       0.00000E+00   -0.155122E-18    0.100345E+03    0.000000E+00
                                       0.29777E-06    0.153910E-18    0.000000E+00    0.106925E+03
      250.000  11.7181   0.10000E+14   0.00000E+00    0.911919E+02   -0.310243E-18   -0.495905E-17
                                       0.00000E+00   -0.310243E-18    0.911919E+02    0.000000E+00
                                       0.34866E-06    0.363566E-20    0.000000E+00    0.890321E+02
      275.000  11.7545   0.99999E+13   0.10097E-24    0.819560E+02   -0.636002E-15    0.560380E-17
                                       0.00000E+00   -0.636623E-15    0.819560E+02    0.000000E+00
                                       0.38227E-06   -0.610795E-18    0.000000E+00    0.745873E+02
      300.000  11.7913   0.99999E+13   0.96935E-25    0.733727E+02   -0.318931E-15    0.129915E-17
                                       0.00000E+00   -0.318931E-15    0.733727E+02    0.000000E+00
                                       0.40077E-06   -0.126037E-17    0.000000E+00    0.629927E+02
      325.000  11.8283   0.10000E+14  -0.20680E-24    0.657252E+02   -0.318931E-15    0.317690E-15
                                       0.00000E+00   -0.318931E-15    0.657252E+02    0.000000E+00
                                       0.40760E-06    0.122158E-17    0.000000E+00    0.536940E+02
      350.000  11.8656   0.10000E+14  -0.10609E-21    0.590566E+02   -0.318930E-15   -0.263706E-17
                                       0.00000E+00   -0.124097E-17    0.590566E+02    0.000000E+00
                                       0.40611E-06   -0.244316E-17    0.000000E+00    0.462161E+02
      375.000  11.9032   0.10000E+14  -0.12925E-25    0.532995E+02   -0.320170E-15    0.155121E-18
                                       0.00000E+00   -0.320170E-15    0.532995E+02    0.000000E+00
                                       0.39904E-06   -0.236560E-17    0.000000E+00    0.401711E+02
      400.000  11.9410   0.10000E+14   0.12925E-25    0.483451E+02   -0.161325E-15   -0.161325E-15
                                       0.00000E+00   -0.320167E-15    0.483451E+02    0.000000E+00
                                       0.38844E-06   -0.155120E-18    0.000000E+00    0.352516E+02
      425.000  11.9791   0.99999E+13   0.10624E-21    0.440781E+02   -0.320173E-15   -0.930735E-17
                                       0.00000E+00   -0.320173E-15    0.440781E+02    0.000000E+00
                                       0.37574E-06    0.201659E-17    0.000000E+00    0.312174E+02
      450.000  12.0174   0.10000E+14   0.52940E-22    0.403905E+02   -0.320171E-15    0.159465E-15
                                       0.00000E+00   -0.161326E-15    0.403905E+02    0.000000E+00
                                       0.36194E-06    0.103931E-16    0.000000E+00    0.278823E+02
      475.000  12.0559   0.10000E+14  -0.28434E-24    0.371887E+02   -0.320170E-15   -0.152019E-16
                                       0.00000E+00   -0.320170E-15    0.371887E+02    0.000000E+00
                                       0.34769E-06   -0.434339E-17    0.000000E+00    0.251022E+02
      500.000  12.0946   0.99999E+13   0.00000E+00    0.343936E+02   -0.243232E-15    0.108586E-16
                                       0.00000E+00   -0.156364E-15    0.343936E+02    0.000000E+00
                                       0.33341E-06   -0.527417E-17    0.000000E+00    0.227658E+02

                                                      0.123476E+00    Max error
     Iteration number:         7

     =============================================================================================
       Temp     Fermi   Hole density  Population SR            Drift Hole mobility 
        [K]      [eV]     [cm^-3]      [h per cell]                    [cm^2/Vs]
     =============================================================================================

      200.000  11.6464   0.10000E+14  -0.50487E-28    0.107953E+03   -0.775606E-19   -0.123945E-17
                                       0.00000E+00   -0.775606E-19    0.107953E+03    0.000000E+00
                                       0.26730E-06    0.777121E-19    0.000000E+00    0.128828E+03
      225.000  11.6821   0.10000E+14   0.00000E+00    0.100395E+03   -0.155122E-18   -0.121189E-20
                                       0.00000E+00   -0.155122E-18    0.100395E+03    0.000000E+00
                                       0.34624E-06   -0.908917E-21    0.000000E+00    0.106925E+03
      250.000  11.7181   0.10000E+14   0.51699E-25    0.912364E+02   -0.310243E-18   -0.620487E-18
                                       0.00000E+00   -0.310243E-18    0.912364E+02    0.000000E+00
                                       0.40704E-06    0.000000E+00    0.000000E+00    0.890329E+02
      275.000  11.7545   0.99999E+13   0.00000E+00    0.819945E+02   -0.636002E-15    0.495422E-17
                                       0.00000E+00    0.000000E+00    0.819945E+02    0.000000E+00
                                       0.44762E-06    0.620490E-18    0.000000E+00    0.745881E+02
      300.000  11.7913   0.99999E+13  -0.10340E-24    0.734060E+02   -0.318931E-15   -0.618549E-17
                                       0.00000E+00   -0.124098E-17    0.734060E+02    0.000000E+00
                                       0.47037E-06    0.124098E-17    0.000000E+00    0.629936E+02
      325.000  11.8283   0.10000E+14  -0.32312E-26    0.657541E+02   -0.318931E-15    0.775609E-19
                                       0.00000E+00   -0.317690E-15    0.657541E+02    0.000000E+00
                                       0.47924E-06   -0.118280E-17    0.000000E+00    0.536950E+02
      350.000  11.8656   0.10000E+14   0.21326E-24    0.590817E+02   -0.318930E-15   -0.124873E-16
                                       0.00000E+00   -0.318930E-15    0.590817E+02    0.000000E+00
                                       0.47816E-06    0.244316E-17    0.000000E+00    0.462172E+02
      375.000  11.9032   0.10000E+14  -0.12925E-25    0.533215E+02   -0.248194E-17    0.103156E-16
                                       0.00000E+00   -0.316447E-15    0.533215E+02    0.000000E+00
                                       0.47036E-06    0.248194E-17    0.000000E+00    0.401723E+02
      400.000  11.9410   0.10000E+14  -0.12925E-25    0.483646E+02   -0.161325E-15    0.961742E-17
                                       0.00000E+00   -0.158843E-15    0.483646E+02    0.000000E+00
                                       0.45827E-06    0.320245E-15    0.000000E+00    0.352528E+02
      425.000  11.9791   0.99999E+13  -0.10590E-21    0.440956E+02   -0.320173E-15   -0.310245E-18
                                       0.00000E+00   -0.320173E-15    0.440956E+02    0.000000E+00
                                       0.44359E-06    0.279221E-17    0.000000E+00    0.312187E+02
      450.000  12.0174   0.10000E+14   0.51699E-25    0.404062E+02   -0.161326E-15    0.000000E+00
                                       0.00000E+00   -0.168772E-15    0.404062E+02    0.000000E+00
                                       0.42752E-06   -0.511901E-17    0.000000E+00    0.278836E+02
      475.000  12.0559   0.10000E+14  -0.33604E-24    0.372029E+02   -0.320170E-15   -0.465364E-17
                                       0.00000E+00   -0.161326E-15    0.372029E+02    0.000000E+00
                                       0.41085E-06    0.573948E-17    0.000000E+00    0.251036E+02
      500.000  12.0946   0.99999E+13  -0.41359E-24    0.344066E+02   -0.243232E-15    0.169704E-15
                                       0.00000E+00   -0.243232E-15    0.344066E+02    0.000000E+00
                                       0.39410E-06    0.172962E-15    0.000000E+00    0.227672E+02

                                                      0.445046E-01    Max error
     Iteration number:         8

     =============================================================================================
       Temp     Fermi   Hole density  Population SR            Drift Hole mobility 
        [K]      [eV]     [cm^-3]      [h per cell]                    [cm^2/Vs]
     =============================================================================================

      200.000  11.6464   0.10000E+14   0.15146E-27    0.107974E+03   -0.775606E-19    0.908913E-21
                                       0.00000E+00   -0.775606E-19    0.107974E+03    0.000000E+00
                                       0.30213E-06   -0.775227E-19    0.000000E+00    0.128828E+03
      225.000  11.6821   0.10000E+14   0.40390E-27    0.100414E+03   -0.155122E-18   -0.605945E-20
                                       0.00000E+00   -0.155122E-18    0.100414E+03    0.000000E+00
                                       0.39334E-06   -0.302972E-21    0.000000E+00    0.106925E+03
      250.000  11.7181   0.10000E+14  -0.12117E-26    0.912524E+02   -0.310243E-18    0.745069E-17
                                       0.00000E+00    0.310243E-18    0.912524E+02    0.000000E+00
                                       0.46421E-06   -0.363566E-20    0.000000E+00    0.890331E+02
      275.000  11.7545   0.99999E+13  -0.10097E-24    0.820083E+02   -0.636002E-15   -0.193903E-19
                                       0.00000E+00   -0.636002E-15    0.820083E+02    0.000000E+00
                                       0.51205E-06    0.610795E-18    0.000000E+00    0.745883E+02
      300.000  11.7913   0.99999E+13  -0.10017E-24    0.734179E+02   -0.124098E-17   -0.136507E-16
                                       0.00000E+00   -0.124098E-17    0.734179E+02    0.000000E+00
                                       0.53937E-06   -0.123128E-17    0.000000E+00    0.629939E+02
      325.000  11.8283   0.10000E+14  -0.16156E-25    0.657643E+02   -0.318931E-15    0.000000E+00
                                       0.00000E+00   -0.318931E-15    0.657643E+02    0.000000E+00
                                       0.55061E-06    0.129915E-17    0.000000E+00    0.536953E+02
      350.000  11.8656   0.10000E+14   0.64623E-26    0.590907E+02   -0.318930E-15    0.100053E-16
                                       0.00000E+00   -0.316448E-15    0.590907E+02    0.000000E+00
                                       0.55022E-06    0.248194E-17    0.000000E+00    0.462175E+02
      375.000  11.9032   0.10000E+14  -0.20680E-24    0.533293E+02   -0.248194E-17    0.209414E-17
                                       0.00000E+00   -0.320170E-15    0.533293E+02    0.000000E+00
                                       0.54192E-06    0.240438E-17    0.000000E+00    0.401726E+02
      400.000  11.9410   0.10000E+14  -0.25849E-25    0.483715E+02   -0.161325E-15   -0.310239E-18
                                       0.00000E+00   -0.317685E-15    0.483715E+02    0.000000E+00
                                       0.52851E-06   -0.279216E-17    0.000000E+00    0.352532E+02
      425.000  11.9791   0.99999E+13  -0.51699E-25    0.441017E+02   -0.320173E-15    0.155123E-18
                                       0.00000E+00   -0.315209E-15    0.441017E+02    0.000000E+00
                                       0.51198E-06    0.387806E-18    0.000000E+00    0.312191E+02
      450.000  12.0174   0.10000E+14  -0.46529E-24    0.404117E+02   -0.320171E-15   -0.403316E-17
                                       0.00000E+00   -0.161326E-15    0.404117E+02    0.000000E+00
                                       0.49375E-06    0.201658E-17    0.000000E+00    0.278840E+02
      475.000  12.0559   0.10000E+14   0.12925E-24    0.372079E+02   -0.320170E-15    0.930727E-17
                                       0.00000E+00   -0.315206E-15    0.372079E+02    0.000000E+00
                                       0.47473E-06    0.465364E-17    0.000000E+00    0.251040E+02
      500.000  12.0946   0.99999E+13  -0.15510E-24    0.344111E+02   -0.243232E-15   -0.183045E-16
                                       0.00000E+00   -0.843867E-16    0.344111E+02    0.000000E+00
                                       0.45554E-06   -0.480880E-17    0.000000E+00    0.227676E+02

                                                      0.160422E-01    Max error
     Iteration number:         9

     =============================================================================================
       Temp     Fermi   Hole density  Population SR            Drift Hole mobility 
        [K]      [eV]     [cm^-3]      [h per cell]                    [cm^2/Vs]
     =============================================================================================

      200.000  11.6464   0.10000E+14  -0.50487E-28    0.107981E+03   -0.775606E-19   -0.302971E-21
                                       0.00000E+00    0.000000E+00    0.107981E+03    0.000000E+00
                                       0.33554E-06    0.774470E-19    0.000000E+00    0.128828E+03
      225.000  11.6821   0.10000E+14   0.40390E-27    0.100420E+03   -0.155122E-18   -0.247953E-17
                                       0.00000E+00   -0.155122E-18    0.100420E+03    0.000000E+00
                                       0.43899E-06   -0.156031E-18    0.000000E+00    0.106925E+03
      250.000  11.7181   0.10000E+14  -0.40390E-27    0.912582E+02   -0.310243E-18   -0.969510E-20
                                       0.00000E+00   -0.310243E-18    0.912582E+02    0.000000E+00
                                       0.52008E-06   -0.307820E-18    0.000000E+00    0.890331E+02
      275.000  11.7545   0.99999E+13  -0.24234E-26    0.820133E+02   -0.636002E-15    0.000000E+00
                                       0.00000E+00   -0.635382E-15    0.820133E+02    0.000000E+00
                                       0.57546E-06    0.484758E-20    0.000000E+00    0.745883E+02
      300.000  11.7913   0.99999E+13  -0.10824E-24    0.734222E+02   -0.318931E-15    0.868683E-17
                                       0.00000E+00   -0.320172E-15    0.734222E+02    0.000000E+00
                                       0.60768E-06   -0.318950E-15    0.000000E+00    0.629939E+02
      325.000  11.8283   0.10000E+14   0.96935E-26    0.657680E+02   -0.318931E-15   -0.496390E-17
                                       0.00000E+00   -0.317690E-15    0.657680E+02    0.000000E+00
                                       0.62159E-06   -0.131854E-17    0.000000E+00    0.536953E+02
      350.000  11.8656   0.10000E+14  -0.64623E-26    0.590938E+02   -0.318930E-15   -0.155121E-18
                                       0.00000E+00   -0.318930E-15    0.590938E+02    0.000000E+00
                                       0.62218E-06    0.242377E-17    0.000000E+00    0.462175E+02
      375.000  11.9032   0.10000E+14  -0.24557E-24    0.533321E+02   -0.320170E-15    0.263706E-17
                                       0.00000E+00   -0.320170E-15    0.533321E+02    0.000000E+00
                                       0.61360E-06   -0.248194E-17    0.000000E+00    0.401727E+02
      400.000  11.9410   0.10000E+14  -0.38774E-25    0.483740E+02   -0.161325E-15    0.496383E-17
                                       0.00000E+00   -0.479010E-15    0.483740E+02    0.000000E+00
                                       0.59906E-06    0.286972E-17    0.000000E+00    0.352533E+02
      425.000  11.9791   0.99999E+13   0.25849E-25    0.441039E+02   -0.161327E-15   -0.197006E-16
                                       0.00000E+00   -0.479018E-15    0.441039E+02    0.000000E+00
                                       0.58082E-06    0.255952E-17    0.000000E+00    0.312193E+02
      450.000  12.0174   0.10000E+14  -0.41359E-24    0.404136E+02   -0.161326E-15    0.165360E-15
                                       0.00000E+00   -0.486461E-15    0.404136E+02    0.000000E+00
                                       0.56052E-06    0.155122E-18    0.000000E+00    0.278842E+02
      475.000  12.0559   0.10000E+14   0.52940E-22    0.372096E+02   -0.320170E-15    0.158534E-15
                                       0.00000E+00   -0.161326E-15    0.372096E+02    0.000000E+00
                                       0.53922E-06   -0.527412E-17    0.000000E+00    0.251041E+02
      500.000  12.0946   0.99999E+13   0.51699E-25    0.344127E+02   -0.243232E-15   -0.589466E-16
                                       0.00000E+00   -0.243232E-15    0.344127E+02    0.000000E+00
                                       0.51764E-06    0.246645E-16    0.000000E+00    0.227677E+02

                                                      0.578240E-02    Max error
     Iteration number:        10

     =============================================================================================
       Temp     Fermi   Hole density  Population SR            Drift Hole mobility 
        [K]      [eV]     [cm^-3]      [h per cell]                    [cm^2/Vs]
     =============================================================================================

      200.000  11.6464   0.10000E+14   0.00000E+00    0.107984E+03   -0.775606E-19   -0.302971E-21
                                       0.00000E+00   -0.775606E-19    0.107984E+03    0.000000E+00
                                       0.36764E-06   -0.774848E-19    0.000000E+00    0.128828E+03
      225.000  11.6821   0.10000E+14  -0.40390E-27    0.100423E+03   -0.155122E-18    0.000000E+00
                                       0.00000E+00   -0.155122E-18    0.100423E+03    0.000000E+00
                                       0.48321E-06    0.605945E-21    0.000000E+00    0.106925E+03
      250.000  11.7181   0.10000E+14   0.00000E+00    0.912603E+02   -0.310243E-18   -0.969510E-20
                                       0.00000E+00   -0.310243E-18    0.912603E+02    0.000000E+00
                                       0.57462E-06    0.242378E-20    0.000000E+00    0.890330E+02
      275.000  11.7545   0.99999E+13  -0.80779E-27    0.820151E+02   -0.636002E-15    0.969515E-20
                                       0.00000E+00    0.000000E+00    0.820151E+02    0.000000E+00
                                       0.63778E-06    0.625337E-18    0.000000E+00    0.745883E+02
      300.000  11.7913   0.99999E+13  -0.48468E-26    0.734237E+02   -0.318931E-15   -0.994719E-17
                                       0.00000E+00   -0.124098E-17    0.734237E+02    0.000000E+00
                                       0.67521E-06   -0.124098E-17    0.000000E+00    0.629939E+02
      325.000  11.8283   0.10000E+14   0.00000E+00    0.657693E+02   -0.318931E-15   -0.775609E-19
                                       0.00000E+00   -0.317690E-15    0.657693E+02    0.000000E+00
                                       0.69211E-06    0.121189E-17    0.000000E+00    0.536954E+02
      350.000  11.8656   0.10000E+14   0.18741E-24    0.590949E+02   -0.318930E-15   -0.752339E-17
                                       0.00000E+00   -0.318930E-15    0.590949E+02    0.000000E+00
                                       0.69394E-06    0.246255E-17    0.000000E+00    0.462176E+02
      375.000  11.9032   0.10000E+14   0.19387E-24    0.533331E+02   -0.320170E-15    0.201658E-17
                                       0.00000E+00   -0.637859E-15    0.533331E+02    0.000000E+00
                                       0.68533E-06   -0.248194E-17    0.000000E+00    0.401728E+02
      400.000  11.9410   0.10000E+14  -0.10547E-21    0.483749E+02   -0.161325E-15    0.310239E-18
                                       0.00000E+00   -0.161325E-15    0.483749E+02    0.000000E+00
                                       0.66984E-06    0.248192E-17    0.000000E+00    0.352534E+02
      425.000  11.9791   0.99999E+13   0.00000E+00    0.441047E+02   -0.320173E-15    0.310245E-18
                                       0.00000E+00   -0.248196E-17    0.441047E+02    0.000000E+00
                                       0.65004E-06    0.232684E-17    0.000000E+00    0.312193E+02
      450.000  12.0174   0.10000E+14   0.52940E-22    0.404143E+02   -0.161326E-15   -0.930729E-18
                                       0.00000E+00   -0.320171E-15    0.404143E+02    0.000000E+00
                                       0.62778E-06   -0.263707E-17    0.000000E+00    0.278842E+02
      475.000  12.0559   0.10000E+14   0.41359E-24    0.372103E+02   -0.320170E-15    0.496388E-17
                                       0.00000E+00   -0.161326E-15    0.372103E+02    0.000000E+00
                                       0.60427E-06    0.511900E-17    0.000000E+00    0.251042E+02
      500.000  12.0946   0.99999E+13  -0.51699E-25    0.344133E+02   -0.243232E-15    0.157605E-15
                                       0.00000E+00   -0.156364E-15    0.344133E+02    0.000000E+00
                                       0.58035E-06   -0.558441E-17    0.000000E+00    0.227678E+02

                                                      0.208430E-02    Max error
     Iteration number:        11

     =============================================================================================
       Temp     Fermi   Hole density  Population SR            Drift Hole mobility 
        [K]      [eV]     [cm^-3]      [h per cell]                    [cm^2/Vs]
     =============================================================================================

      200.000  11.6464   0.10000E+14  -0.13026E-25    0.107985E+03   -0.775606E-19    0.000000E+00
                                       0.00000E+00   -0.775606E-19    0.107985E+03    0.000000E+00
                                       0.39839E-06   -0.775606E-19    0.000000E+00    0.128828E+03
      225.000  11.6821   0.10000E+14   0.25849E-25    0.100424E+03   -0.155122E-18    0.312667E-18
                                       0.00000E+00   -0.155122E-18    0.100424E+03    0.000000E+00
                                       0.52599E-06    0.155425E-18    0.000000E+00    0.106925E+03
      250.000  11.7181   0.10000E+14   0.52910E-25    0.912611E+02   -0.310243E-18    0.615639E-18
                                       0.00000E+00   -0.310243E-18    0.912611E+02    0.000000E+00
                                       0.62782E-06   -0.181783E-20    0.000000E+00    0.890330E+02
      275.000  11.7545   0.99999E+13  -0.10259E-24    0.820157E+02   -0.636002E-15    0.494453E-17
                                       0.00000E+00   -0.620490E-18    0.820157E+02    0.000000E+00
                                       0.69900E-06    0.622914E-18    0.000000E+00    0.745883E+02
      300.000  11.7913   0.99999E+13   0.96935E-25    0.734242E+02   -0.318931E-15   -0.133793E-17
                                       0.00000E+00   -0.124098E-17    0.734242E+02    0.000000E+00
                                       0.74193E-06    0.125067E-17    0.000000E+00    0.629939E+02
      325.000  11.8283   0.10000E+14   0.16156E-25    0.657698E+02   -0.318931E-15    0.317612E-15
                                       0.00000E+00   -0.317690E-15    0.657698E+02    0.000000E+00
                                       0.76212E-06    0.969512E-20    0.000000E+00    0.536954E+02
      350.000  11.8656   0.10000E+14  -0.20680E-24    0.590953E+02   -0.124097E-17    0.315362E-15
                                       0.00000E+00   -0.124097E-17    0.590953E+02    0.000000E+00
                                       0.76548E-06    0.252072E-17    0.000000E+00    0.462176E+02
      375.000  11.9032   0.10000E+14   0.00000E+00    0.533334E+02   -0.320170E-15    0.317688E-15
                                       0.00000E+00   -0.316447E-15    0.533334E+02    0.000000E+00
                                       0.75706E-06    0.315090E-15    0.000000E+00    0.401728E+02
      400.000  11.9410   0.10000E+14   0.00000E+00    0.483752E+02   -0.161325E-15    0.158998E-15
                                       0.00000E+00   -0.317685E-15    0.483752E+02    0.000000E+00
                                       0.74081E-06    0.240436E-17    0.000000E+00    0.352534E+02
      425.000  11.9791   0.99999E+13   0.51699E-25    0.441049E+02   -0.161327E-15   -0.930735E-17
                                       0.00000E+00   -0.161327E-15    0.441049E+02    0.000000E+00
                                       0.71960E-06    0.224928E-17    0.000000E+00    0.312193E+02
      450.000  12.0174   0.10000E+14  -0.53379E-22    0.404146E+02   -0.320171E-15   -0.152019E-16
                                       0.00000E+00   -0.161326E-15    0.404146E+02    0.000000E+00
                                       0.69548E-06   -0.209414E-17    0.000000E+00    0.278843E+02
      475.000  12.0559   0.10000E+14   0.33604E-24    0.372105E+02   -0.320170E-15    0.465364E-17
                                       0.00000E+00   -0.168772E-15    0.372105E+02    0.000000E+00
                                       0.66984E-06   -0.155121E-18    0.000000E+00    0.251042E+02
      500.000  12.0946   0.99999E+13   0.10340E-24    0.344135E+02   -0.243232E-15   -0.992785E-17
                                       0.00000E+00   -0.243232E-15    0.344135E+02    0.000000E+00
                                       0.64363E-06   -0.511905E-17    0.000000E+00    0.227678E+02

                                                      0.751293E-03    Max error
     Iteration number:        12

     =============================================================================================
       Temp     Fermi   Hole density  Population SR            Drift Hole mobility 
        [K]      [eV]     [cm^-3]      [h per cell]                    [cm^2/Vs]
     =============================================================================================

      200.000  11.6464   0.10000E+14   0.10097E-27    0.107985E+03   -0.775606E-19   -0.124097E-17
                                       0.00000E+00    0.000000E+00    0.107985E+03    0.000000E+00
                                       0.42790E-06    0.568071E-22    0.000000E+00    0.128828E+03
      225.000  11.6821   0.10000E+14   0.20195E-27    0.100424E+03   -0.155122E-18    0.121189E-20
                                       0.00000E+00   -0.155122E-18    0.100424E+03    0.000000E+00
                                       0.56738E-06    0.155273E-18    0.000000E+00    0.106925E+03
      250.000  11.7181   0.10000E+14  -0.12117E-26    0.912613E+02   -0.310243E-18    0.494935E-17
                                       0.00000E+00    0.310243E-18    0.912613E+02    0.000000E+00
                                       0.67969E-06    0.181783E-20    0.000000E+00    0.890330E+02
      275.000  11.7545   0.99999E+13  -0.10744E-24    0.820159E+02   -0.636002E-15    0.496392E-17
                                       0.00000E+00   -0.620490E-18    0.820159E+02    0.000000E+00
                                       0.75910E-06    0.625337E-18    0.000000E+00    0.745883E+02
      300.000  11.7913   0.99999E+13   0.10663E-24    0.734244E+02   -0.318931E-15    0.120219E-17
                                       0.00000E+00   -0.124098E-17    0.734244E+02    0.000000E+00
                                       0.80783E-06    0.122643E-17    0.000000E+00    0.629939E+02
      325.000  11.8283   0.10000E+14  -0.32312E-26    0.657699E+02   -0.318931E-15   -0.149305E-16
                                       0.00000E+00   -0.124097E-17    0.657699E+02    0.000000E+00
                                       0.83160E-06   -0.969512E-20    0.000000E+00    0.536954E+02
      350.000  11.8656   0.10000E+14   0.21972E-24    0.590955E+02   -0.318930E-15    0.224926E-17
                                       0.00000E+00   -0.318930E-15    0.590955E+02    0.000000E+00
                                       0.83675E-06   -0.255950E-17    0.000000E+00    0.462176E+02
      375.000  11.9032   0.10000E+14   0.00000E+00    0.533336E+02   -0.320170E-15   -0.775606E-19
                                       0.00000E+00   -0.634136E-15    0.533336E+02    0.000000E+00
                                       0.82876E-06   -0.387803E-19    0.000000E+00    0.401728E+02
      400.000  11.9410   0.10000E+14  -0.41359E-24    0.483753E+02   -0.161325E-15   -0.161169E-15
                                       0.00000E+00   -0.161325E-15    0.483753E+02    0.000000E+00
                                       0.81194E-06    0.387799E-19    0.000000E+00    0.352534E+02
      425.000  11.9791   0.99999E+13  -0.10590E-21    0.441050E+02   -0.161327E-15   -0.168928E-15
                                       0.00000E+00   -0.158845E-15    0.441050E+02    0.000000E+00
                                       0.78945E-06   -0.141317E-15    0.000000E+00    0.312194E+02
      450.000  12.0174   0.10000E+14  -0.51699E-25    0.404146E+02   -0.161326E-15   -0.620486E-18
                                       0.00000E+00   -0.320171E-15    0.404146E+02    0.000000E+00
                                       0.76359E-06    0.279219E-17    0.000000E+00    0.278843E+02
      475.000  12.0559   0.10000E+14  -0.51699E-25    0.372106E+02   -0.320170E-15    0.000000E+00
                                       0.00000E+00   -0.474050E-15    0.372106E+02    0.000000E+00
                                       0.73590E-06    0.620485E-18    0.000000E+00    0.251043E+02
      500.000  12.0946   0.99999E+13  -0.36189E-24    0.344135E+02   -0.243232E-15    0.139610E-16
                                       0.00000E+00   -0.893506E-16    0.344135E+02    0.000000E+00
                                       0.70746E-06    0.251299E-16    0.000000E+00    0.227678E+02

                                                      0.270807E-03    Max error
     Iteration number:        13

     =============================================================================================
       Temp     Fermi   Hole density  Population SR            Drift Hole mobility 
        [K]      [eV]     [cm^-3]      [h per cell]                    [cm^2/Vs]
     =============================================================================================

      200.000  11.6464   0.10000E+14   0.00000E+00    0.107985E+03   -0.775606E-19    0.124067E-17
                                       0.00000E+00    0.000000E+00    0.107985E+03    0.000000E+00
                                       0.45615E-06   -0.775985E-19    0.000000E+00    0.128828E+03
      225.000  11.6821   0.10000E+14   0.40390E-27    0.100424E+03   -0.155122E-18    0.000000E+00
                                       0.00000E+00   -0.155122E-18    0.100424E+03    0.000000E+00
                                       0.60738E-06    0.000000E+00    0.000000E+00    0.106925E+03
      250.000  11.7181   0.10000E+14  -0.40390E-27    0.912614E+02   -0.310243E-18    0.484755E-20
                                       0.00000E+00   -0.310243E-18    0.912614E+02    0.000000E+00
                                       0.73025E-06    0.313879E-18    0.000000E+00    0.890330E+02
      275.000  11.7545   0.99999E+13   0.48468E-26    0.820160E+02   -0.636002E-15    0.969515E-20
                                       0.00000E+00   -0.636002E-15    0.820160E+02    0.000000E+00
                                       0.81810E-06    0.627761E-18    0.000000E+00    0.745883E+02
      300.000  11.7913   0.99999E+13   0.98551E-25    0.734245E+02   -0.318931E-15   -0.122158E-17
                                       0.00000E+00   -0.318931E-15    0.734245E+02    0.000000E+00
                                       0.87289E-06   -0.125552E-17    0.000000E+00    0.629939E+02
      325.000  11.8283   0.10000E+14  -0.96935E-26    0.657700E+02   -0.318931E-15    0.387805E-19
                                       0.00000E+00   -0.317690E-15    0.657700E+02    0.000000E+00
                                       0.90054E-06    0.125067E-17    0.000000E+00    0.536954E+02
      350.000  11.8656   0.10000E+14   0.19387E-24    0.590955E+02   -0.318930E-15    0.155121E-18
                                       0.00000E+00   -0.322653E-15    0.590955E+02    0.000000E+00
                                       0.90775E-06    0.246255E-17    0.000000E+00    0.462176E+02
      375.000  11.9032   0.10000E+14   0.16802E-24    0.533336E+02   -0.248194E-17    0.479015E-15
                                       0.00000E+00   -0.322652E-15    0.533336E+02    0.000000E+00
                                       0.90041E-06    0.248194E-17    0.000000E+00    0.401728E+02
      400.000  11.9410   0.10000E+14  -0.42652E-24    0.483753E+02   -0.161325E-15    0.320167E-15
                                       0.00000E+00   -0.161325E-15    0.483753E+02    0.000000E+00
                                       0.88321E-06   -0.155120E-18    0.000000E+00    0.352534E+02
      425.000  11.9791   0.99999E+13  -0.41359E-24    0.441051E+02   -0.161327E-15    0.322655E-15
                                       0.00000E+00   -0.163809E-15    0.441051E+02    0.000000E+00
                                       0.85960E-06    0.255952E-17    0.000000E+00    0.312194E+02
      450.000  12.0174   0.10000E+14   0.51699E-25    0.404147E+02   -0.161326E-15    0.992778E-17
                                       0.00000E+00   -0.156362E-15    0.404147E+02    0.000000E+00
                                       0.83210E-06    0.310243E-18    0.000000E+00    0.278843E+02
      475.000  12.0559   0.10000E+14  -0.46529E-24    0.372106E+02   -0.320170E-15   -0.496388E-17
                                       0.00000E+00   -0.320170E-15    0.372106E+02    0.000000E+00
                                       0.80244E-06   -0.197004E-16    0.000000E+00    0.251043E+02
      500.000  12.0946   0.99999E+13   0.51699E-25    0.344136E+02   -0.243232E-15   -0.310245E-18
                                       0.00000E+00   -0.235786E-15    0.344136E+02    0.000000E+00
                                       0.77181E-06   -0.153727E-15    0.000000E+00    0.227679E+02

                                                      0.976136E-04    Max error
     Iteration number:        14

     =============================================================================================
       Temp     Fermi   Hole density  Population SR            Drift Hole mobility 
        [K]      [eV]     [cm^-3]      [h per cell]                    [cm^2/Vs]
     =============================================================================================

      200.000  11.6464   0.10000E+14  -0.50487E-28    0.107986E+03   -0.775606E-19   -0.302971E-21
                                       0.00000E+00   -0.775606E-19    0.107986E+03    0.000000E+00
                                       0.48323E-06   -0.774659E-19    0.000000E+00    0.128828E+03
      225.000  11.6821   0.10000E+14   0.25445E-25    0.100424E+03   -0.155122E-18    0.311456E-18
                                       0.00000E+00   -0.155122E-18    0.100424E+03    0.000000E+00
                                       0.64606E-06    0.154970E-18    0.000000E+00    0.106925E+03
      250.000  11.7181   0.10000E+14  -0.51295E-25    0.912615E+02   -0.310243E-18   -0.434341E-17
                                       0.00000E+00   -0.310243E-18    0.912615E+02    0.000000E+00
                                       0.77952E-06   -0.181783E-20    0.000000E+00    0.890329E+02
      275.000  11.7545   0.99999E+13  -0.10340E-24    0.820160E+02   -0.636002E-15   -0.290855E-19
                                       0.00000E+00   -0.620490E-18    0.820160E+02    0.000000E+00
                                       0.87601E-06    0.625337E-18    0.000000E+00    0.745883E+02
      300.000  11.7913   0.99999E+13   0.10824E-24    0.734245E+02   -0.318931E-15    0.872561E-17
                                       0.00000E+00   -0.320172E-15    0.734245E+02    0.000000E+00
                                       0.93712E-06   -0.123613E-17    0.000000E+00    0.629939E+02
      325.000  11.8283   0.10000E+14   0.22295E-24    0.657700E+02   -0.318931E-15    0.317806E-15
                                       0.00000E+00   -0.320172E-15    0.657700E+02    0.000000E+00
                                       0.96893E-06    0.127006E-17    0.000000E+00    0.536954E+02
      350.000  11.8656   0.10000E+14   0.19387E-24    0.590956E+02   -0.318930E-15   -0.125648E-16
                                       0.00000E+00   -0.124097E-17    0.590956E+02    0.000000E+00
                                       0.97846E-06    0.775607E-19    0.000000E+00    0.462176E+02
      375.000  11.9032   0.10000E+14  -0.21972E-24    0.533336E+02   -0.320170E-15   -0.224926E-17
                                       0.00000E+00   -0.320170E-15    0.533336E+02    0.000000E+00
                                       0.97200E-06    0.248194E-17    0.000000E+00    0.401729E+02
      400.000  11.9410   0.10000E+14  -0.38774E-25    0.483753E+02   -0.161325E-15    0.279216E-17
                                       0.00000E+00   -0.161325E-15    0.483753E+02    0.000000E+00
                                       0.95460E-06    0.317685E-15    0.000000E+00    0.352535E+02
      425.000  11.9791   0.99999E+13   0.38774E-24    0.441051E+02   -0.161327E-15    0.153882E-15
                                       0.00000E+00   -0.320173E-15    0.441051E+02    0.000000E+00
                                       0.93001E-06    0.310245E-18    0.000000E+00    0.312194E+02
      450.000  12.0174   0.10000E+14  -0.52862E-22    0.404147E+02   -0.161326E-15    0.961753E-17
                                       0.00000E+00   -0.161326E-15    0.404147E+02    0.000000E+00
                                       0.90099E-06   -0.368414E-16    0.000000E+00    0.278843E+02
      475.000  12.0559   0.10000E+14  -0.53379E-22    0.372106E+02   -0.320170E-15    0.145814E-16
                                       0.00000E+00   -0.320170E-15    0.372106E+02    0.000000E+00
                                       0.86944E-06    0.200882E-16    0.000000E+00    0.251043E+02
      500.000  12.0946   0.99999E+13  -0.51699E-25    0.344136E+02   -0.243232E-15    0.102381E-16
                                       0.00000E+00   -0.315209E-15    0.344136E+02    0.000000E+00
                                       0.83668E-06    0.248196E-16    0.000000E+00    0.227679E+02

                                                      0.351852E-04    Max error
     Iteration number:        15

     =============================================================================================
       Temp     Fermi   Hole density  Population SR            Drift Hole mobility 
        [K]      [eV]     [cm^-3]      [h per cell]                    [cm^2/Vs]
     =============================================================================================

      200.000  11.6464   0.10000E+14   0.12874E-25    0.107986E+03   -0.775606E-19    0.124067E-17
                                       0.00000E+00   -0.775606E-19    0.107986E+03    0.000000E+00
                                       0.50915E-06    0.776363E-19    0.000000E+00    0.128828E+03
      225.000  11.6821   0.10000E+14  -0.25647E-25    0.100424E+03   -0.155122E-18   -0.279462E-17
                                       0.00000E+00   -0.620487E-18    0.100424E+03    0.000000E+00
                                       0.68343E-06    0.155046E-18    0.000000E+00    0.106925E+03
      250.000  11.7181   0.10000E+14  -0.50487E-25    0.912615E+02   -0.310243E-18   -0.615639E-18
                                       0.00000E+00   -0.310243E-18    0.912615E+02    0.000000E+00
                                       0.82753E-06    0.309637E-18    0.000000E+00    0.890329E+02
      275.000  11.7545   0.99999E+13   0.16156E-26    0.820161E+02   -0.636002E-15   -0.290855E-19
                                       0.00000E+00   -0.620490E-18    0.820161E+02    0.000000E+00
                                       0.93283E-06    0.625337E-18    0.000000E+00    0.745882E+02
      300.000  11.7913   0.99999E+13  -0.48468E-26    0.734245E+02   -0.318931E-15    0.000000E+00
                                       0.00000E+00   -0.124098E-17    0.734245E+02    0.000000E+00
                                       0.10005E-05   -0.122158E-17    0.000000E+00    0.629939E+02
      325.000  11.8283   0.10000E+14  -0.96935E-26    0.657700E+02   -0.318931E-15   -0.317728E-15
                                       0.00000E+00   -0.317690E-15    0.657700E+02    0.000000E+00
                                       0.10368E-05    0.127006E-17    0.000000E+00    0.536954E+02
      350.000  11.8656   0.10000E+14   0.20033E-24    0.590956E+02   -0.124097E-17    0.721315E-17
                                       0.00000E+00   -0.318930E-15    0.590956E+02    0.000000E+00
                                       0.10489E-05    0.317708E-15    0.000000E+00    0.462176E+02
      375.000  11.9032   0.10000E+14  -0.20680E-24    0.533336E+02   -0.320170E-15   -0.120995E-16
                                       0.00000E+00   -0.322652E-15    0.533336E+02    0.000000E+00
                                       0.10435E-05    0.238499E-17    0.000000E+00    0.401729E+02
      400.000  11.9410   0.10000E+14  -0.10590E-21    0.483753E+02   -0.161325E-15    0.527407E-17
                                       0.00000E+00   -0.248192E-17    0.483753E+02    0.000000E+00
                                       0.10261E-05   -0.370736E-16    0.000000E+00    0.352535E+02
      425.000  11.9791   0.99999E+13  -0.10590E-21    0.441051E+02   -0.161327E-15   -0.200108E-16
                                       0.00000E+00   -0.320173E-15    0.441051E+02    0.000000E+00
                                       0.10007E-05    0.156441E-15    0.000000E+00    0.312194E+02
      450.000  12.0174   0.10000E+14  -0.25849E-25    0.404147E+02   -0.161326E-15    0.000000E+00
                                       0.00000E+00   -0.156362E-15    0.404147E+02    0.000000E+00
                                       0.97025E-06    0.000000E+00    0.000000E+00    0.278844E+02
      475.000  12.0559   0.10000E+14  -0.51699E-25    0.372106E+02   -0.320170E-15   -0.961752E-17
                                       0.00000E+00   -0.320170E-15    0.372106E+02    0.000000E+00
                                       0.93689E-06    0.155121E-18    0.000000E+00    0.251043E+02
      500.000  12.0946   0.99999E+13   0.51699E-25    0.344136E+02   -0.243232E-15   -0.797330E-16
                                       0.00000E+00   -0.843867E-16    0.344136E+02    0.000000E+00
                                       0.90207E-06    0.155123E-18    0.000000E+00    0.227679E+02

                                                      0.227304E-04    Max error
     Iteration number:        16

     =============================================================================================
       Temp     Fermi   Hole density  Population SR            Drift Hole mobility 
        [K]      [eV]     [cm^-3]      [h per cell]                    [cm^2/Vs]
     =============================================================================================

      200.000  11.6464   0.10000E+14   0.00000E+00    0.107986E+03   -0.775606E-19   -0.302971E-21
                                       0.00000E+00    0.000000E+00    0.107986E+03    0.000000E+00
                                       0.53399E-06    0.775795E-19    0.000000E+00    0.128828E+03
      225.000  11.6821   0.10000E+14  -0.40390E-27    0.100424E+03   -0.155122E-18   -0.248316E-17
                                       0.00000E+00   -0.155122E-18    0.100424E+03    0.000000E+00
                                       0.71955E-06    0.000000E+00    0.000000E+00    0.106925E+03
      250.000  11.7181   0.10000E+14   0.52103E-25    0.912615E+02   -0.310243E-18   -0.625334E-18
                                       0.00000E+00   -0.310243E-18    0.912615E+02    0.000000E+00
                                       0.87431E-06   -0.309637E-18    0.000000E+00    0.890329E+02
      275.000  11.7545   0.99999E+13   0.10259E-24    0.820161E+02   -0.636002E-15    0.000000E+00
                                       0.00000E+00   -0.636002E-15    0.820161E+02    0.000000E+00
                                       0.98858E-06   -0.618066E-18    0.000000E+00    0.745882E+02
      300.000  11.7913   0.99999E+13  -0.16156E-26    0.734245E+02   -0.124098E-17    0.985024E-17
                                       0.00000E+00   -0.124098E-17    0.734245E+02    0.000000E+00
                                       0.10631E-05    0.000000E+00    0.000000E+00    0.629938E+02
      325.000  11.8283   0.10000E+14  -0.32312E-26    0.657700E+02   -0.124097E-17    0.985024E-17
                                       0.00000E+00   -0.124097E-17    0.657700E+02    0.000000E+00
                                       0.11040E-05    0.316429E-15    0.000000E+00    0.536954E+02
      350.000  11.8656   0.10000E+14  -0.20680E-24    0.590956E+02   -0.318930E-15    0.121770E-16
                                       0.00000E+00   -0.318930E-15    0.590956E+02    0.000000E+00
                                       0.11190E-05    0.193902E-19    0.000000E+00    0.462176E+02
      375.000  11.9032   0.10000E+14  -0.16802E-24    0.533336E+02   -0.320170E-15   -0.156517E-15
                                       0.00000E+00   -0.320170E-15    0.533336E+02    0.000000E+00
                                       0.11150E-05   -0.252072E-17    0.000000E+00    0.401729E+02
      400.000  11.9410   0.10000E+14   0.41359E-24    0.483753E+02   -0.161325E-15    0.471254E-15
                                       0.00000E+00   -0.320167E-15    0.483753E+02    0.000000E+00
                                       0.10977E-05    0.263704E-17    0.000000E+00    0.352535E+02
      425.000  11.9791   0.99999E+13  -0.10632E-21    0.441051E+02   -0.320173E-15    0.434343E-17
                                       0.00000E+00   -0.161327E-15    0.441051E+02    0.000000E+00
                                       0.10716E-05   -0.156208E-15    0.000000E+00    0.312195E+02
      450.000  12.0174   0.10000E+14  -0.36189E-24    0.404147E+02   -0.161326E-15   -0.496389E-17
                                       0.00000E+00   -0.320171E-15    0.404147E+02    0.000000E+00
                                       0.10399E-05   -0.396335E-16    0.000000E+00    0.278844E+02
      475.000  12.0559   0.10000E+14   0.33604E-24    0.372106E+02   -0.320170E-15   -0.465364E-17
                                       0.00000E+00   -0.161326E-15    0.372106E+02    0.000000E+00
                                       0.10048E-05   -0.232682E-17    0.000000E+00    0.251043E+02
      500.000  12.0946   0.99999E+13  -0.51699E-24    0.344136E+02   -0.243232E-15   -0.496392E-17
                                       0.00000E+00   -0.163809E-15    0.344136E+02    0.000000E+00
                                       0.96795E-06    0.248196E-17    0.000000E+00    0.227679E+02

                                                      0.214442E-04    Max error
     Iteration number:        17

     =============================================================================================
       Temp     Fermi   Hole density  Population SR            Drift Hole mobility 
        [K]      [eV]     [cm^-3]      [h per cell]                    [cm^2/Vs]
     =============================================================================================

      200.000  11.6464   0.10000E+14   0.00000E+00    0.107986E+03   -0.775606E-19    0.124036E-17
                                       0.00000E+00   -0.775606E-19    0.107986E+03    0.000000E+00
                                       0.55774E-06    0.775795E-19    0.000000E+00    0.128828E+03
      225.000  11.6821   0.10000E+14   0.00000E+00    0.100424E+03   -0.155122E-18    0.000000E+00
                                       0.00000E+00   -0.155122E-18    0.100424E+03    0.000000E+00
                                       0.75444E-06    0.155008E-18    0.000000E+00    0.106925E+03
      250.000  11.7181   0.10000E+14   0.12117E-26    0.912615E+02   -0.310243E-18   -0.145427E-19
                                       0.00000E+00   -0.310243E-18    0.912615E+02    0.000000E+00
                                       0.91987E-06   -0.311455E-18    0.000000E+00    0.890329E+02
      275.000  11.7545   0.99999E+13  -0.10340E-24    0.820161E+02   -0.636002E-15   -0.497361E-17
                                       0.00000E+00   -0.636623E-15    0.820161E+02    0.000000E+00
                                       0.10433E-05   -0.618066E-18    0.000000E+00    0.745882E+02
      300.000  11.7913   0.99999E+13   0.32312E-26    0.734245E+02   -0.318931E-15    0.496390E-17
                                       0.00000E+00   -0.248195E-17    0.734245E+02    0.000000E+00
                                       0.11249E-05   -0.124582E-17    0.000000E+00    0.629938E+02
      325.000  11.8283   0.10000E+14  -0.32312E-26    0.657700E+02   -0.318931E-15    0.496390E-17
                                       0.00000E+00   -0.318931E-15    0.657700E+02    0.000000E+00
                                       0.11708E-05   -0.123128E-17    0.000000E+00    0.536954E+02
      350.000  11.8656   0.10000E+14   0.20680E-24    0.590956E+02   -0.318930E-15    0.752339E-17
                                       0.00000E+00   -0.318930E-15    0.590956E+02    0.000000E+00
                                       0.11888E-05   -0.387804E-19    0.000000E+00    0.462177E+02
      375.000  11.9032   0.10000E+14  -0.18095E-24    0.533336E+02   -0.320170E-15    0.319783E-15
                                       0.00000E+00   -0.322652E-15    0.533336E+02    0.000000E+00
                                       0.11863E-05    0.387803E-19    0.000000E+00    0.401729E+02
      400.000  11.9410   0.10000E+14   0.00000E+00    0.483753E+02   -0.161325E-15   -0.465359E-17
                                       0.00000E+00   -0.158843E-15    0.483753E+02    0.000000E+00
                                       0.11694E-05   -0.248192E-17    0.000000E+00    0.352535E+02
      425.000  11.9791   0.99999E+13   0.25849E-25    0.441051E+02   -0.320173E-15    0.915223E-17
                                       0.00000E+00   -0.320173E-15    0.441051E+02    0.000000E+00
                                       0.11428E-05   -0.259830E-17    0.000000E+00    0.312195E+02
      450.000  12.0174   0.10000E+14  -0.41359E-24    0.404147E+02   -0.320171E-15   -0.168462E-15
                                       0.00000E+00   -0.327617E-15    0.404147E+02    0.000000E+00
                                       0.11099E-05    0.775608E-19    0.000000E+00    0.278844E+02
      475.000  12.0559   0.10000E+14  -0.51699E-25    0.372106E+02   -0.320170E-15    0.105482E-16
                                       0.00000E+00   -0.320170E-15    0.372106E+02    0.000000E+00
                                       0.10731E-05   -0.209414E-17    0.000000E+00    0.251044E+02
      500.000  12.0946   0.99999E+13   0.10340E-24    0.344136E+02   -0.243232E-15    0.806638E-16
                                       0.00000E+00   -0.156364E-15    0.344136E+02    0.000000E+00
                                       0.10343E-05    0.397114E-16    0.000000E+00    0.227679E+02

                                                      0.203682E-04    Max error
     Iteration number:        18

     =============================================================================================
       Temp     Fermi   Hole density  Population SR            Drift Hole mobility 
        [K]      [eV]     [cm^-3]      [h per cell]                    [cm^2/Vs]
     =============================================================================================

      200.000  11.6464   0.10000E+14  -0.50487E-28    0.107986E+03   -0.775606E-19   -0.124127E-17
                                       0.00000E+00    0.775606E-19    0.107986E+03    0.000000E+00
                                       0.58051E-06   -0.775890E-19    0.000000E+00    0.128828E+03
      225.000  11.6821   0.10000E+14  -0.20195E-27    0.100424E+03   -0.155122E-18    0.000000E+00
                                       0.00000E+00   -0.155122E-18    0.100424E+03    0.000000E+00
                                       0.78815E-06   -0.155108E-18    0.000000E+00    0.106925E+03
      250.000  11.7181   0.10000E+14   0.51699E-25    0.912615E+02   -0.310243E-18   -0.559407E-17
                                       0.00000E+00   -0.310243E-18    0.912615E+02    0.000000E+00
                                       0.96426E-06   -0.309637E-18    0.000000E+00    0.890329E+02
      275.000  11.7545   0.99999E+13   0.00000E+00    0.820161E+02   -0.636002E-15    0.494453E-17
                                       0.00000E+00   -0.636002E-15    0.820161E+02    0.000000E+00
                                       0.10969E-05    0.620490E-18    0.000000E+00    0.745882E+02
      300.000  11.7913   0.99999E+13  -0.32312E-26    0.734245E+02   -0.124098E-17   -0.992780E-17
                                       0.00000E+00   -0.317069E-15    0.734245E+02    0.000000E+00
                                       0.11858E-05   -0.124825E-17    0.000000E+00    0.629938E+02
      325.000  11.8283   0.10000E+14   0.64623E-26    0.657700E+02   -0.318931E-15    0.155122E-18
                                       0.00000E+00   -0.318931E-15    0.657700E+02    0.000000E+00
                                       0.12369E-05   -0.124582E-17    0.000000E+00    0.536954E+02
      350.000  11.8656   0.10000E+14  -0.21326E-24    0.590956E+02   -0.318930E-15   -0.315129E-15
                                       0.00000E+00   -0.640341E-15    0.590956E+02    0.000000E+00
                                       0.12583E-05    0.193902E-19    0.000000E+00    0.462177E+02
      375.000  11.9032   0.10000E+14  -0.10569E-21    0.533336E+02   -0.320170E-15    0.279218E-17
                                       0.00000E+00   -0.320170E-15    0.533336E+02    0.000000E+00
                                       0.12576E-05   -0.250133E-17    0.000000E+00    0.401729E+02
      400.000  11.9410   0.10000E+14   0.12925E-25    0.483753E+02   -0.161325E-15    0.158998E-15
                                       0.00000E+00   -0.158843E-15    0.483753E+02    0.000000E+00
                                       0.12412E-05   -0.232680E-17    0.000000E+00    0.352536E+02
      425.000  11.9791   0.99999E+13   0.25849E-25    0.441051E+02   -0.320173E-15   -0.946248E-17
                                       0.00000E+00    0.000000E+00    0.441051E+02    0.000000E+00
                                       0.12142E-05   -0.255952E-17    0.000000E+00    0.312195E+02
      450.000  12.0174   0.10000E+14  -0.52500E-22    0.404147E+02   -0.320171E-15    0.558437E-17
                                       0.00000E+00   -0.161326E-15    0.404147E+02    0.000000E+00
                                       0.11802E-05    0.248194E-17    0.000000E+00    0.278844E+02
      475.000  12.0559   0.10000E+14   0.00000E+00    0.372106E+02   -0.320170E-15    0.158534E-15
                                       0.00000E+00   -0.161326E-15    0.372106E+02    0.000000E+00
                                       0.11419E-05    0.373842E-16    0.000000E+00    0.251044E+02
      500.000  12.0946   0.99999E+13   0.52526E-22    0.344136E+02   -0.243232E-15    0.155123E-16
                                       0.00000E+00   -0.243232E-15    0.344136E+02    0.000000E+00
                                       0.11012E-05   -0.155123E-18    0.000000E+00    0.227679E+02

                                                      0.193020E-04    Max error
     Iteration number:        19

     =============================================================================================
       Temp     Fermi   Hole density  Population SR            Drift Hole mobility 
        [K]      [eV]     [cm^-3]      [h per cell]                    [cm^2/Vs]
     =============================================================================================

      200.000  11.6464   0.10000E+14  -0.10097E-27    0.107986E+03   -0.775606E-19    0.124127E-17
                                       0.00000E+00   -0.775606E-19    0.107986E+03    0.000000E+00
                                       0.60228E-06    0.775701E-19    0.000000E+00    0.128828E+03
      225.000  11.6821   0.10000E+14  -0.25244E-25    0.100424E+03   -0.155122E-18    0.311456E-18
                                       0.00000E+00   -0.155122E-18    0.100424E+03    0.000000E+00
                                       0.82072E-06    0.946788E-23    0.000000E+00    0.106925E+03
      250.000  11.7181   0.10000E+14  -0.51699E-25    0.912615E+02   -0.310243E-18    0.434341E-17
                                       0.00000E+00   -0.124097E-17    0.912615E+02    0.000000E+00
                                       0.10075E-05    0.121189E-20    0.000000E+00    0.890328E+02
      275.000  11.7545   0.99999E+13  -0.32312E-26    0.820161E+02   -0.636002E-15   -0.493483E-17
                                       0.00000E+00   -0.620490E-18    0.820161E+02    0.000000E+00
                                       0.11496E-05   -0.622914E-18    0.000000E+00    0.745882E+02
      300.000  11.7913   0.99999E+13  -0.10663E-24    0.734245E+02   -0.318931E-15    0.122158E-17
                                       0.00000E+00   -0.318931E-15    0.734245E+02    0.000000E+00
                                       0.12460E-05   -0.123855E-17    0.000000E+00    0.629938E+02
      325.000  11.8283   0.10000E+14  -0.19387E-24    0.657700E+02   -0.318931E-15    0.327579E-15
                                       0.00000E+00   -0.320172E-15    0.657700E+02    0.000000E+00
                                       0.13025E-05    0.123613E-17    0.000000E+00    0.536954E+02
      350.000  11.8656   0.10000E+14  -0.19387E-24    0.590956E+02   -0.318930E-15   -0.240438E-17
                                       0.00000E+00   -0.322653E-15    0.590956E+02    0.000000E+00
                                       0.13275E-05   -0.123128E-17    0.000000E+00    0.462177E+02
      375.000  11.9032   0.10000E+14  -0.10588E-21    0.533336E+02   -0.320170E-15    0.775606E-19
                                       0.00000E+00   -0.316447E-15    0.533336E+02    0.000000E+00
                                       0.13288E-05   -0.250133E-17    0.000000E+00    0.401729E+02
      400.000  11.9410   0.10000E+14   0.12925E-25    0.483753E+02   -0.161325E-15    0.314893E-15
                                       0.00000E+00   -0.161325E-15    0.483753E+02    0.000000E+00
                                       0.13132E-05    0.252070E-17    0.000000E+00    0.352536E+02
      425.000  11.9791   0.99999E+13   0.46529E-24    0.441051E+02   -0.320173E-15   -0.312107E-15
                                       0.00000E+00   -0.163809E-15    0.441051E+02    0.000000E+00
                                       0.12859E-05   -0.252074E-17    0.000000E+00    0.312195E+02
      450.000  12.0174   0.10000E+14   0.52888E-22    0.404147E+02   -0.320171E-15   -0.149227E-15
                                       0.00000E+00   -0.320171E-15    0.404147E+02    0.000000E+00
                                       0.12509E-05    0.232682E-17    0.000000E+00    0.278844E+02
      475.000  12.0559   0.10000E+14  -0.38774E-24    0.372106E+02   -0.320170E-15    0.527412E-17
                                       0.00000E+00   -0.168772E-15    0.372106E+02    0.000000E+00
                                       0.12111E-05   -0.240438E-17    0.000000E+00    0.251044E+02
      500.000  12.0946   0.99999E+13   0.51699E-25    0.344136E+02   -0.243232E-15    0.102381E-16
                                       0.00000E+00   -0.394632E-15    0.344136E+02    0.000000E+00
                                       0.11686E-05   -0.399441E-16    0.000000E+00    0.227680E+02

                                                      0.184031E-04    Max error
     Iteration number:        20

     =============================================================================================
       Temp     Fermi   Hole density  Population SR            Drift Hole mobility 
        [K]      [eV]     [cm^-3]      [h per cell]                    [cm^2/Vs]
     =============================================================================================

      200.000  11.6464   0.10000E+14   0.15146E-27    0.107986E+03   -0.775606E-19   -0.302971E-21
                                       0.00000E+00    0.000000E+00    0.107986E+03    0.000000E+00
                                       0.62313E-06    0.775748E-19    0.000000E+00    0.128828E+03
      225.000  11.6821   0.10000E+14  -0.25849E-25    0.100424E+03   -0.155122E-18    0.310244E-18
                                       0.00000E+00   -0.155122E-18    0.100424E+03    0.000000E+00
                                       0.85218E-06   -0.378715E-22    0.000000E+00    0.106925E+03
      250.000  11.7181   0.10000E+14   0.40390E-27    0.912615E+02   -0.310243E-18    0.745553E-17
                                       0.00000E+00   -0.310243E-18    0.912615E+02    0.000000E+00
                                       0.10496E-05   -0.302972E-21    0.000000E+00    0.890328E+02
      275.000  11.7545   0.99999E+13   0.00000E+00    0.820161E+02   -0.636002E-15   -0.969515E-20
                                       0.00000E+00   -0.636002E-15    0.820161E+02    0.000000E+00
                                       0.12012E-05    0.621096E-18    0.000000E+00    0.745882E+02
      300.000  11.7913   0.99999E+13   0.10663E-24    0.734245E+02   -0.318931E-15    0.122158E-17
                                       0.00000E+00   -0.318931E-15    0.734245E+02    0.000000E+00
                                       0.13054E-05   -0.123855E-17    0.000000E+00    0.629938E+02
      325.000  11.8283   0.10000E+14   0.12925E-25    0.657700E+02   -0.318931E-15    0.327772E-15
                                       0.00000E+00   -0.318931E-15    0.657700E+02    0.000000E+00
                                       0.13676E-05    0.124582E-17    0.000000E+00    0.536954E+02
      350.000  11.8656   0.10000E+14  -0.21326E-24    0.590956E+02   -0.318930E-15   -0.310165E-15
                                       0.00000E+00   -0.322653E-15    0.590956E+02    0.000000E+00
                                       0.13964E-05    0.969509E-20    0.000000E+00    0.462177E+02
      375.000  11.9032   0.10000E+14  -0.18095E-24    0.533336E+02   -0.320170E-15    0.752338E-17
                                       0.00000E+00   -0.322652E-15    0.533336E+02    0.000000E+00
                                       0.13999E-05    0.257889E-17    0.000000E+00    0.401730E+02
      400.000  11.9410   0.10000E+14   0.10592E-21    0.483753E+02   -0.161325E-15    0.992766E-17
                                       0.00000E+00   -0.317685E-15    0.483753E+02    0.000000E+00
                                       0.13852E-05    0.244314E-17    0.000000E+00    0.352536E+02
      425.000  11.9791   0.99999E+13  -0.51699E-25    0.441051E+02   -0.161327E-15    0.620490E-18
                                       0.00000E+00   -0.161327E-15    0.441051E+02    0.000000E+00
                                       0.13578E-05    0.156286E-15    0.000000E+00    0.312196E+02
      450.000  12.0174   0.10000E+14   0.38774E-24    0.404147E+02   -0.320171E-15    0.159155E-15
                                       0.00000E+00   -0.479015E-15    0.404147E+02    0.000000E+00
                                       0.13220E-05   -0.228804E-17    0.000000E+00    0.278845E+02
      475.000  12.0559   0.10000E+14   0.25849E-25    0.372106E+02   -0.320170E-15   -0.157913E-15
                                       0.00000E+00   -0.161326E-15    0.372106E+02    0.000000E+00
                                       0.12808E-05    0.775606E-19    0.000000E+00    0.251044E+02
      500.000  12.0946   0.99999E+13  -0.41359E-24    0.344136E+02   -0.243232E-15   -0.763203E-16
                                       0.00000E+00   -0.322655E-15    0.344136E+02    0.000000E+00
                                       0.12365E-05    0.155123E-18    0.000000E+00    0.227680E+02

                                                      0.175160E-04    Max error
     Iteration number:        21

     =============================================================================================
       Temp     Fermi   Hole density  Population SR            Drift Hole mobility 
        [K]      [eV]     [cm^-3]      [h per cell]                    [cm^2/Vs]
     =============================================================================================

      200.000  11.6464   0.10000E+14  -0.15146E-27    0.107986E+03   -0.775606E-19   -0.124097E-17
                                       0.00000E+00   -0.775606E-19    0.107986E+03    0.000000E+00
                                       0.64308E-06    0.775559E-19    0.000000E+00    0.128828E+03
      225.000  11.6821   0.10000E+14   0.26051E-25    0.100424E+03   -0.155122E-18   -0.311456E-18
                                       0.00000E+00   -0.155122E-18    0.100424E+03    0.000000E+00
                                       0.88256E-06    0.155008E-18    0.000000E+00    0.106925E+03
      250.000  11.7181   0.10000E+14   0.52103E-25    0.912615E+02   -0.310243E-18    0.187116E-17
                                       0.00000E+00   -0.310243E-18    0.912615E+02    0.000000E+00
                                       0.10906E-05    0.310243E-18    0.000000E+00    0.890328E+02
      275.000  11.7545   0.99999E+13  -0.16156E-26    0.820161E+02   -0.636002E-15    0.494453E-17
                                       0.00000E+00    0.000000E+00    0.820161E+02    0.000000E+00
                                       0.12519E-05   -0.621702E-18    0.000000E+00    0.745881E+02
      300.000  11.7913   0.99999E+13   0.10340E-24    0.734245E+02   -0.318931E-15   -0.122158E-17
                                       0.00000E+00   -0.318931E-15    0.734245E+02    0.000000E+00
                                       0.13639E-05    0.123855E-17    0.000000E+00    0.629938E+02
      325.000  11.8283   0.10000E+14   0.22618E-24    0.657700E+02   -0.318931E-15   -0.775609E-19
                                       0.00000E+00   -0.248195E-17    0.657700E+02    0.000000E+00
                                       0.14321E-05    0.316453E-15    0.000000E+00    0.536954E+02
      350.000  11.8656   0.10000E+14  -0.20680E-24    0.590956E+02   -0.318930E-15    0.744583E-17
                                       0.00000E+00   -0.318930E-15    0.590956E+02    0.000000E+00
                                       0.14650E-05   -0.127975E-17    0.000000E+00    0.462177E+02
      375.000  11.9032   0.10000E+14   0.10609E-21    0.533336E+02   -0.320170E-15   -0.155121E-18
                                       0.00000E+00   -0.320170E-15    0.533336E+02    0.000000E+00
                                       0.14709E-05    0.000000E+00    0.000000E+00    0.401730E+02
      400.000  11.9410   0.10000E+14   0.12925E-25    0.483753E+02   -0.161325E-15   -0.713551E-17
                                       0.00000E+00   -0.161325E-15    0.483753E+02    0.000000E+00
                                       0.14573E-05   -0.248192E-17    0.000000E+00    0.352536E+02
      425.000  11.9791   0.99999E+13  -0.33604E-24    0.441051E+02   -0.320173E-15   -0.150469E-16
                                       0.00000E+00   -0.322655E-15    0.441051E+02    0.000000E+00
                                       0.14299E-05    0.387806E-19    0.000000E+00    0.312196E+02
      450.000  12.0174   0.10000E+14  -0.53276E-22    0.404147E+02   -0.161326E-15    0.620486E-18
                                       0.00000E+00   -0.168772E-15    0.404147E+02    0.000000E+00
                                       0.13934E-05   -0.196190E-15    0.000000E+00    0.278845E+02
      475.000  12.0559   0.10000E+14   0.51699E-25    0.372106E+02   -0.320170E-15    0.148296E-15
                                       0.00000E+00   -0.315206E-15    0.372106E+02    0.000000E+00
                                       0.13509E-05    0.420766E-16    0.000000E+00    0.251044E+02
      500.000  12.0946   0.99999E+13  -0.52474E-22    0.344136E+02   -0.243232E-15   -0.143023E-15
                                       0.00000E+00   -0.243232E-15    0.344136E+02    0.000000E+00
                                       0.13049E-05    0.396338E-16    0.000000E+00    0.227680E+02

                                                      0.167561E-04    Max error
     Iteration number:        22

     =============================================================================================
       Temp     Fermi   Hole density  Population SR            Drift Hole mobility 
        [K]      [eV]     [cm^-3]      [h per cell]                    [cm^2/Vs]
     =============================================================================================

      200.000  11.6464   0.10000E+14  -0.10097E-27    0.107986E+03   -0.775606E-19    0.000000E+00
                                       0.00000E+00   -0.775606E-19    0.107986E+03    0.000000E+00
                                       0.66218E-06    0.118348E-23    0.000000E+00    0.128828E+03
      225.000  11.6821   0.10000E+14  -0.25849E-25    0.100424E+03   -0.155122E-18   -0.307820E-18
                                       0.00000E+00   -0.620487E-18    0.100424E+03    0.000000E+00
                                       0.91191E-06    0.155046E-18    0.000000E+00    0.106925E+03
      250.000  11.7181   0.10000E+14   0.40390E-27    0.912615E+02   -0.310243E-18   -0.484755E-20
                                       0.00000E+00   -0.310243E-18    0.912615E+02    0.000000E+00
                                       0.11306E-05   -0.310168E-18    0.000000E+00    0.890328E+02
      275.000  11.7545   0.99999E+13   0.10421E-24    0.820161E+02   -0.636002E-15    0.484758E-19
                                       0.00000E+00   -0.124098E-17    0.820161E+02    0.000000E+00
                                       0.13016E-05   -0.619884E-18    0.000000E+00    0.745881E+02
      300.000  11.7913   0.99999E+13  -0.11148E-24    0.734245E+02   -0.318931E-15    0.868683E-17
                                       0.00000E+00   -0.318931E-15    0.734245E+02    0.000000E+00
                                       0.14218E-05   -0.123613E-17    0.000000E+00    0.629938E+02
      325.000  11.8283   0.10000E+14   0.00000E+00    0.657700E+02   -0.124097E-17   -0.775609E-19
                                       0.00000E+00   -0.318931E-15    0.657700E+02    0.000000E+00
                                       0.14961E-05   -0.123128E-17    0.000000E+00    0.536954E+02
      350.000  11.8656   0.10000E+14  -0.21326E-24    0.590956E+02   -0.318930E-15   -0.721315E-17
                                       0.00000E+00   -0.318930E-15    0.590956E+02    0.000000E+00
                                       0.15332E-05   -0.969509E-20    0.000000E+00    0.462177E+02
      375.000  11.9032   0.10000E+14  -0.18095E-24    0.533336E+02   -0.320170E-15    0.263706E-17
                                       0.00000E+00   -0.320170E-15    0.533336E+02    0.000000E+00
                                       0.15418E-05    0.245286E-17    0.000000E+00    0.401730E+02
      400.000  11.9410   0.10000E+14   0.00000E+00    0.483753E+02   -0.161325E-15   -0.511895E-17
                                       0.00000E+00   -0.158843E-15    0.483753E+02    0.000000E+00
                                       0.15294E-05    0.248192E-17    0.000000E+00    0.352536E+02
      425.000  11.9791   0.99999E+13   0.51699E-25    0.441051E+02   -0.320173E-15    0.620490E-18
                                       0.00000E+00   -0.158845E-15    0.441051E+02    0.000000E+00
                                       0.15023E-05    0.397889E-16    0.000000E+00    0.312196E+02
      450.000  12.0174   0.10000E+14   0.00000E+00    0.404147E+02   -0.161326E-15    0.000000E+00
                                       0.00000E+00   -0.161326E-15    0.404147E+02    0.000000E+00
                                       0.14652E-05   -0.240438E-17    0.000000E+00    0.278845E+02
      475.000  12.0559   0.10000E+14  -0.51699E-25    0.372106E+02   -0.320170E-15   -0.102380E-16
                                       0.00000E+00   -0.320170E-15    0.372106E+02    0.000000E+00
                                       0.14215E-05    0.116341E-18    0.000000E+00    0.251045E+02
      500.000  12.0946   0.99999E+13  -0.51699E-25    0.344136E+02   -0.243232E-15    0.992785E-17
                                       0.00000E+00   -0.243232E-15    0.344136E+02    0.000000E+00
                                       0.13738E-05   -0.263708E-17    0.000000E+00    0.227680E+02

                                                      0.160060E-04    Max error
     Iteration number:        23

     =============================================================================================
       Temp     Fermi   Hole density  Population SR            Drift Hole mobility 
        [K]      [eV]     [cm^-3]      [h per cell]                    [cm^2/Vs]
     =============================================================================================

      200.000  11.6464   0.10000E+14   0.00000E+00    0.107986E+03   -0.775606E-19   -0.908913E-21
                                       0.00000E+00    0.000000E+00    0.107986E+03    0.000000E+00
                                       0.68044E-06    0.775594E-19    0.000000E+00    0.128828E+03
      225.000  11.6821   0.10000E+14   0.60585E-27    0.100424E+03   -0.155122E-18   -0.248316E-17
                                       0.00000E+00   -0.155122E-18    0.100424E+03    0.000000E+00
                                       0.94025E-06    0.757431E-22    0.000000E+00    0.106925E+03
      250.000  11.7181   0.10000E+14  -0.40390E-27    0.912615E+02   -0.310243E-18   -0.969510E-20
                                       0.00000E+00   -0.310243E-18    0.912615E+02    0.000000E+00
                                       0.11695E-05    0.189357E-22    0.000000E+00    0.890328E+02
      275.000  11.7545   0.99999E+13   0.99359E-25    0.820161E+02   -0.636002E-15   -0.497361E-17
                                       0.00000E+00   -0.124098E-17    0.820161E+02    0.000000E+00
                                       0.13504E-05   -0.621096E-18    0.000000E+00    0.745881E+02
      300.000  11.7913   0.99999E+13   0.10824E-24    0.734245E+02   -0.318931E-15   -0.111494E-16
                                       0.00000E+00   -0.318931E-15    0.734245E+02    0.000000E+00
                                       0.14788E-05   -0.318932E-15    0.000000E+00    0.629938E+02
      325.000  11.8283   0.10000E+14   0.96935E-26    0.657700E+02   -0.124097E-17    0.387805E-19
                                       0.00000E+00   -0.317690E-15    0.657700E+02    0.000000E+00
                                       0.15596E-05    0.123370E-17    0.000000E+00    0.536954E+02
      350.000  11.8656   0.10000E+14   0.10588E-21    0.590956E+02   -0.318930E-15   -0.310243E-18
                                       0.00000E+00   -0.318930E-15    0.590956E+02    0.000000E+00
                                       0.16012E-05   -0.969509E-20    0.000000E+00    0.462177E+02
      375.000  11.9032   0.10000E+14   0.19387E-24    0.533336E+02   -0.320170E-15   -0.263706E-17
                                       0.00000E+00   -0.320170E-15    0.533336E+02    0.000000E+00
                                       0.16126E-05    0.248194E-17    0.000000E+00    0.401730E+02
      400.000  11.9410   0.10000E+14   0.10585E-21    0.483753E+02   -0.161325E-15    0.155120E-18
                                       0.00000E+00   -0.158843E-15    0.483753E+02    0.000000E+00
                                       0.16017E-05    0.252070E-17    0.000000E+00    0.352537E+02
      425.000  11.9791   0.99999E+13  -0.10588E-21    0.441051E+02   -0.161327E-15    0.977272E-17
                                       0.00000E+00   -0.158845E-15    0.441051E+02    0.000000E+00
                                       0.15749E-05    0.397114E-16    0.000000E+00    0.312196E+02
      450.000  12.0174   0.10000E+14  -0.36189E-24    0.404147E+02   -0.320171E-15    0.527413E-17
                                       0.00000E+00   -0.327617E-15    0.404147E+02    0.000000E+00
                                       0.15373E-05   -0.242377E-17    0.000000E+00    0.278845E+02
      475.000  12.0559   0.10000E+14   0.38774E-24    0.372106E+02   -0.320170E-15    0.148916E-16
                                       0.00000E+00   -0.168772E-15    0.372106E+02    0.000000E+00
                                       0.14925E-05    0.397498E-16    0.000000E+00    0.251045E+02
      500.000  12.0946   0.99999E+13   0.52474E-22    0.344136E+02   -0.243232E-15    0.142713E-16
                                       0.00000E+00   -0.168773E-15    0.344136E+02    0.000000E+00
                                       0.14432E-05   -0.248196E-17    0.000000E+00    0.227680E+02

                                                      0.153518E-04    Max error
     Iteration number:        24

     =============================================================================================
       Temp     Fermi   Hole density  Population SR            Drift Hole mobility 
        [K]      [eV]     [cm^-3]      [h per cell]                    [cm^2/Vs]
     =============================================================================================

      200.000  11.6464   0.10000E+14  -0.50487E-28    0.107986E+03   -0.775606E-19   -0.605942E-21
                                       0.00000E+00    0.775606E-19    0.107986E+03    0.000000E+00
                                       0.69793E-06   -0.775559E-19    0.000000E+00    0.128828E+03
      225.000  11.6821   0.10000E+14   0.40390E-27    0.100424E+03   -0.155122E-18    0.121189E-20
                                       0.00000E+00    0.155122E-18    0.100424E+03    0.000000E+00
                                       0.96763E-06   -0.155349E-18    0.000000E+00    0.106925E+03
      250.000  11.7181   0.10000E+14   0.52103E-25    0.912615E+02   -0.310243E-18    0.187116E-17
                                       0.00000E+00   -0.310243E-18    0.912615E+02    0.000000E+00
                                       0.12074E-05    0.310281E-18    0.000000E+00    0.890328E+02
      275.000  11.7545   0.99999E+13   0.00000E+00    0.820161E+02   -0.636002E-15   -0.290855E-19
                                       0.00000E+00    0.000000E+00    0.820161E+02    0.000000E+00
                                       0.13982E-05   -0.620641E-18    0.000000E+00    0.745881E+02
      300.000  11.7913   0.99999E+13  -0.10501E-24    0.734245E+02   -0.318931E-15   -0.127976E-17
                                       0.00000E+00   -0.320172E-15    0.734245E+02    0.000000E+00
                                       0.15352E-05   -0.123855E-17    0.000000E+00    0.629938E+02
      325.000  11.8283   0.10000E+14  -0.16156E-25    0.657700E+02   -0.318931E-15   -0.317496E-15
                                       0.00000E+00   -0.318931E-15    0.657700E+02    0.000000E+00
                                       0.16225E-05   -0.242378E-20    0.000000E+00    0.536954E+02
      350.000  11.8656   0.10000E+14  -0.10590E-21    0.590956E+02   -0.124097E-17   -0.317611E-15
                                       0.00000E+00   -0.318930E-15    0.590956E+02    0.000000E+00
                                       0.16689E-05    0.317689E-15    0.000000E+00    0.462177E+02
      375.000  11.9032   0.10000E+14  -0.19387E-24    0.533336E+02   -0.320170E-15   -0.224926E-17
                                       0.00000E+00   -0.248194E-17    0.533336E+02    0.000000E+00
                                       0.16833E-05   -0.969508E-20    0.000000E+00    0.401730E+02
      400.000  11.9410   0.10000E+14   0.42652E-24    0.483753E+02   -0.161325E-15    0.232680E-17
                                       0.00000E+00   -0.320167E-15    0.483753E+02    0.000000E+00
                                       0.16741E-05   -0.161315E-15    0.000000E+00    0.352537E+02
      425.000  11.9791   0.99999E+13   0.51699E-25    0.441051E+02   -0.161327E-15    0.000000E+00
                                       0.00000E+00   -0.161327E-15    0.441051E+02    0.000000E+00
                                       0.16478E-05    0.201019E-15    0.000000E+00    0.312196E+02
      450.000  12.0174   0.10000E+14  -0.46529E-24    0.404147E+02   -0.161326E-15    0.310243E-18
                                       0.00000E+00   -0.161326E-15    0.404147E+02    0.000000E+00
                                       0.16098E-05    0.156324E-15    0.000000E+00    0.278846E+02
      475.000  12.0559   0.10000E+14  -0.52914E-22    0.372106E+02   -0.320170E-15   -0.148916E-15
                                       0.00000E+00   -0.161326E-15    0.372106E+02    0.000000E+00
                                       0.15639E-05    0.242377E-17    0.000000E+00    0.251045E+02
      500.000  12.0946   0.99999E+13   0.25849E-24    0.344136E+02   -0.243232E-15    0.496392E-17
                                       0.00000E+00   -0.322655E-15    0.344136E+02    0.000000E+00
                                       0.15131E-05    0.775613E-19    0.000000E+00    0.227680E+02

                                                      0.147057E-04    Max error
     Iteration number:        25

     =============================================================================================
       Temp     Fermi   Hole density  Population SR            Drift Hole mobility 
        [K]      [eV]     [cm^-3]      [h per cell]                    [cm^2/Vs]
     =============================================================================================

      200.000  11.6464   0.10000E+14   0.50487E-28    0.107986E+03   -0.775606E-19   -0.124097E-17
                                       0.00000E+00   -0.775606E-19    0.107986E+03    0.000000E+00
                                       0.71466E-06   -0.775606E-19    0.000000E+00    0.128828E+03
      225.000  11.6821   0.10000E+14   0.26253E-25    0.100424E+03   -0.155122E-18    0.307820E-18
                                       0.00000E+00   -0.620487E-18    0.100424E+03    0.000000E+00
                                       0.99407E-06   -0.154895E-18    0.000000E+00    0.106925E+03
      250.000  11.7181   0.10000E+14   0.00000E+00    0.912615E+02   -0.310243E-18    0.484755E-20
                                       0.00000E+00    0.310243E-18    0.912615E+02    0.000000E+00
                                       0.12443E-05    0.310092E-18    0.000000E+00    0.890327E+02
      275.000  11.7545   0.99999E+13  -0.16156E-26    0.820161E+02   -0.636002E-15    0.969515E-20
                                       0.00000E+00    0.000000E+00    0.820161E+02    0.000000E+00
                                       0.14452E-05    0.620499E-18    0.000000E+00    0.745881E+02
      300.000  11.7913   0.99999E+13  -0.10501E-24    0.734245E+02   -0.124098E-17   -0.374232E-17
                                       0.00000E+00   -0.124098E-17    0.734245E+02    0.000000E+00
                                       0.15907E-05    0.621699E-18    0.000000E+00    0.629938E+02
      325.000  11.8283   0.10000E+14   0.20356E-24    0.657700E+02   -0.318931E-15    0.100054E-16
                                       0.00000E+00   -0.124097E-17    0.657700E+02    0.000000E+00
                                       0.16849E-05    0.124097E-17    0.000000E+00    0.536954E+02
      350.000  11.8656   0.10000E+14   0.20033E-24    0.590956E+02   -0.318930E-15   -0.232682E-17
                                       0.00000E+00   -0.124097E-17    0.590956E+02    0.000000E+00
                                       0.17363E-05   -0.123855E-17    0.000000E+00    0.462177E+02
      375.000  11.9032   0.10000E+14  -0.12925E-25    0.533336E+02   -0.320170E-15   -0.480876E-17
                                       0.00000E+00   -0.320170E-15    0.533336E+02    0.000000E+00
                                       0.17540E-05    0.248679E-17    0.000000E+00    0.401730E+02
      400.000  11.9410   0.10000E+14  -0.12925E-25    0.483753E+02   -0.161325E-15    0.322339E-15
                                       0.00000E+00   -0.479010E-15    0.483753E+02    0.000000E+00
                                       0.17465E-05    0.248676E-17    0.000000E+00    0.352537E+02
      425.000  11.9791   0.99999E+13  -0.46529E-24    0.441051E+02   -0.320173E-15    0.243542E-16
                                       0.00000E+00   -0.322655E-15    0.441051E+02    0.000000E+00
                                       0.17209E-05   -0.156334E-15    0.000000E+00    0.312197E+02
      450.000  12.0174   0.10000E+14   0.25849E-25    0.404147E+02   -0.161326E-15   -0.108585E-16
                                       0.00000E+00   -0.320171E-15    0.404147E+02    0.000000E+00
                                       0.16826E-05    0.969509E-20    0.000000E+00    0.278846E+02
      475.000  12.0559   0.10000E+14   0.46529E-24    0.372106E+02   -0.320170E-15    0.434339E-17
                                       0.00000E+00   -0.161326E-15    0.372106E+02    0.000000E+00
                                       0.16358E-05   -0.387803E-19    0.000000E+00    0.251045E+02
      500.000  12.0946   0.99999E+13   0.51699E-25    0.344136E+02   -0.243232E-15   -0.496392E-17
                                       0.00000E+00   -0.168773E-15    0.344136E+02    0.000000E+00
                                       0.15835E-05    0.000000E+00    0.000000E+00    0.227680E+02

                                                      0.141324E-04    Max error
     Iteration number:        26

     =============================================================================================
       Temp     Fermi   Hole density  Population SR            Drift Hole mobility 
        [K]      [eV]     [cm^-3]      [h per cell]                    [cm^2/Vs]
     =============================================================================================

      200.000  11.6464   0.10000E+14  -0.10097E-27    0.107986E+03   -0.775606E-19   -0.124006E-17
                                       0.00000E+00    0.000000E+00    0.107986E+03    0.000000E+00
                                       0.73067E-06   -0.775795E-19    0.000000E+00    0.128828E+03
      225.000  11.6821   0.10000E+14  -0.20195E-27    0.100424E+03   -0.155122E-18   -0.121189E-20
                                       0.00000E+00   -0.155122E-18    0.100424E+03    0.000000E+00
                                       0.10196E-05   -0.154819E-18    0.000000E+00    0.106925E+03
      250.000  11.7181   0.10000E+14   0.00000E+00    0.912615E+02   -0.310243E-18   -0.495420E-17
                                       0.00000E+00   -0.310243E-18    0.912615E+02    0.000000E+00
                                       0.12803E-05    0.309789E-18    0.000000E+00    0.890327E+02
      275.000  11.7545   0.99999E+13   0.24234E-26    0.820161E+02   -0.636002E-15    0.969515E-20
                                       0.00000E+00   -0.635382E-15    0.820161E+02    0.000000E+00
                                       0.14912E-05    0.620793E-18    0.000000E+00    0.745881E+02
      300.000  11.7913   0.99999E+13   0.10663E-24    0.734245E+02   -0.124098E-17    0.127976E-17
                                       0.00000E+00   -0.124098E-17    0.734245E+02    0.000000E+00
                                       0.16456E-05   -0.620185E-18    0.000000E+00    0.629938E+02
      325.000  11.8283   0.10000E+14   0.21003E-24    0.657700E+02   -0.318931E-15   -0.112463E-17
                                       0.00000E+00   -0.320172E-15    0.657700E+02    0.000000E+00
                                       0.17468E-05    0.123976E-17    0.000000E+00    0.536954E+02
      350.000  11.8656   0.10000E+14  -0.20680E-24    0.590956E+02   -0.318930E-15   -0.240438E-17
                                       0.00000E+00   -0.322653E-15    0.590956E+02    0.000000E+00
                                       0.18033E-05   -0.124400E-17    0.000000E+00    0.462177E+02
      375.000  11.9032   0.10000E+14   0.12925E-25    0.533336E+02   -0.320170E-15   -0.387803E-18
                                       0.00000E+00   -0.316447E-15    0.533336E+02    0.000000E+00
                                       0.18245E-05    0.242377E-20    0.000000E+00    0.401731E+02
      400.000  11.9410   0.10000E+14   0.38774E-25    0.483753E+02   -0.161325E-15   -0.310239E-18
                                       0.00000E+00   -0.161325E-15    0.483753E+02    0.000000E+00
                                       0.18191E-05    0.249161E-17    0.000000E+00    0.352537E+02
      425.000  11.9791   0.99999E+13  -0.25849E-25    0.441051E+02   -0.320173E-15    0.930735E-17
                                       0.00000E+00   -0.320173E-15    0.441051E+02    0.000000E+00
                                       0.17943E-05    0.248196E-17    0.000000E+00    0.312197E+02
      450.000  12.0174   0.10000E+14   0.00000E+00    0.404147E+02   -0.161326E-15    0.158844E-15
                                       0.00000E+00   -0.315207E-15    0.404147E+02    0.000000E+00
                                       0.17558E-05    0.247710E-17    0.000000E+00    0.278846E+02
      475.000  12.0559   0.10000E+14  -0.77548E-25    0.372106E+02   -0.320170E-15   -0.102380E-16
                                       0.00000E+00   -0.168772E-15    0.372106E+02    0.000000E+00
                                       0.17081E-05   -0.158815E-15    0.000000E+00    0.251045E+02
      500.000  12.0946   0.99999E+13   0.56869E-24    0.344136E+02   -0.243232E-15   -0.840765E-16
                                       0.00000E+00   -0.163809E-15    0.344136E+02    0.000000E+00
                                       0.16545E-05    0.769117E-16    0.000000E+00    0.227681E+02

                                                      0.135664E-04    Max error
     Iteration number:        27

     =============================================================================================
       Temp     Fermi   Hole density  Population SR            Drift Hole mobility 
        [K]      [eV]     [cm^-3]      [h per cell]                    [cm^2/Vs]
     =============================================================================================

      200.000  11.6464   0.10000E+14   0.12975E-25    0.107986E+03   -0.775606E-19    0.778636E-19
                                       0.00000E+00   -0.310242E-18    0.107986E+03    0.000000E+00
                                       0.74598E-06    0.775795E-19    0.000000E+00    0.128828E+03
      225.000  11.6821   0.10000E+14   0.00000E+00    0.100424E+03   -0.155122E-18    0.242378E-20
                                       0.00000E+00    0.155122E-18    0.100424E+03    0.000000E+00
                                       0.10443E-05    0.155273E-18    0.000000E+00    0.106925E+03
      250.000  11.7181   0.10000E+14   0.12117E-26    0.912615E+02   -0.310243E-18   -0.247225E-17
                                       0.00000E+00   -0.310243E-18    0.912615E+02    0.000000E+00
                                       0.13153E-05   -0.302972E-21    0.000000E+00    0.890327E+02
      275.000  11.7545   0.99999E+13  -0.10178E-24    0.820161E+02   -0.636002E-15    0.969515E-20
                                       0.00000E+00   -0.636623E-15    0.820161E+02    0.000000E+00
                                       0.15364E-05    0.619581E-18    0.000000E+00    0.745881E+02
      300.000  11.7913   0.99999E+13   0.10663E-24    0.734245E+02   -0.124098E-17   -0.626305E-17
                                       0.00000E+00   -0.124098E-17    0.734245E+02    0.000000E+00
                                       0.16997E-05    0.000000E+00    0.000000E+00    0.629938E+02
      325.000  11.8283   0.10000E+14  -0.21326E-24    0.657700E+02   -0.318931E-15    0.876438E-17
                                       0.00000E+00   -0.320172E-15    0.657700E+02    0.000000E+00
                                       0.18082E-05   -0.124219E-17    0.000000E+00    0.536954E+02
      350.000  11.8656   0.10000E+14   0.00000E+00    0.590956E+02   -0.318930E-15   -0.124097E-16
                                       0.00000E+00   -0.322653E-15    0.590956E+02    0.000000E+00
                                       0.18701E-05   -0.123915E-17    0.000000E+00    0.462177E+02
      375.000  11.9032   0.10000E+14  -0.21972E-24    0.533336E+02   -0.320170E-15    0.713558E-17
                                       0.00000E+00   -0.320170E-15    0.533336E+02    0.000000E+00
                                       0.18950E-05    0.605943E-21    0.000000E+00    0.401731E+02
      400.000  11.9410   0.10000E+14  -0.12925E-25    0.483753E+02   -0.161325E-15    0.158532E-15
                                       0.00000E+00   -0.317685E-15    0.483753E+02    0.000000E+00
                                       0.18917E-05    0.248192E-17    0.000000E+00    0.352538E+02
      425.000  11.9791   0.99999E+13   0.10590E-21    0.441051E+02   -0.320173E-15   -0.155123E-18
                                       0.00000E+00   -0.476536E-15    0.441051E+02    0.000000E+00
                                       0.18678E-05   -0.247954E-17    0.000000E+00    0.312197E+02
      450.000  12.0174   0.10000E+14  -0.53301E-22    0.404147E+02   -0.161326E-15   -0.153570E-15
                                       0.00000E+00   -0.320171E-15    0.404147E+02    0.000000E+00
                                       0.18294E-05   -0.363566E-20    0.000000E+00    0.278846E+02
      475.000  12.0559   0.10000E+14   0.25849E-25    0.372106E+02   -0.320170E-15    0.169703E-15
                                       0.00000E+00   -0.315206E-15    0.372106E+02    0.000000E+00
                                       0.17809E-05    0.247953E-17    0.000000E+00    0.251046E+02
      500.000  12.0946   0.99999E+13  -0.46529E-24    0.344136E+02   -0.243232E-15    0.102381E-16
                                       0.00000E+00   -0.248196E-15    0.344136E+02    0.000000E+00
                                       0.17259E-05   -0.247711E-17    0.000000E+00    0.227681E+02

                                                      0.130562E-04    Max error
     Iteration number:        28

     =============================================================================================
       Temp     Fermi   Hole density  Population SR            Drift Hole mobility 
        [K]      [eV]     [cm^-3]      [h per cell]                    [cm^2/Vs]
     =============================================================================================

      200.000  11.6464   0.10000E+14  -0.12975E-25    0.107986E+03   -0.775606E-19    0.000000E+00
                                       0.00000E+00   -0.155121E-18    0.107986E+03    0.000000E+00
                                       0.76064E-06    0.775417E-19    0.000000E+00    0.128828E+03
      225.000  11.6821   0.10000E+14   0.25445E-25    0.100424E+03   -0.155122E-18   -0.311456E-18
                                       0.00000E+00   -0.155122E-18    0.100424E+03    0.000000E+00
                                       0.10681E-05   -0.154970E-18    0.000000E+00    0.106925E+03
      250.000  11.7181   0.10000E+14   0.00000E+00    0.912615E+02   -0.310243E-18    0.496874E-17
                                       0.00000E+00   -0.310243E-18    0.912615E+02    0.000000E+00
                                       0.13494E-05    0.310546E-18    0.000000E+00    0.890327E+02
      275.000  11.7545   0.99999E+13  -0.24234E-26    0.820161E+02   -0.636002E-15   -0.290855E-19
                                       0.00000E+00   -0.635382E-15    0.820161E+02    0.000000E+00
                                       0.15807E-05    0.621096E-18    0.000000E+00    0.745881E+02
      300.000  11.7913   0.99999E+13   0.00000E+00    0.734245E+02   -0.124098E-17   -0.996658E-17
                                       0.00000E+00    0.620488E-18    0.734245E+02    0.000000E+00
                                       0.17531E-05   -0.621093E-18    0.000000E+00    0.629938E+02
      325.000  11.8283   0.10000E+14  -0.12925E-25    0.657700E+02   -0.318931E-15    0.775609E-19
                                       0.00000E+00   -0.318931E-15    0.657700E+02    0.000000E+00
                                       0.18690E-05   -0.123613E-17    0.000000E+00    0.536954E+02
      350.000  11.8656   0.10000E+14  -0.21326E-24    0.590956E+02   -0.318930E-15   -0.729071E-17
                                       0.00000E+00   -0.124097E-17    0.590956E+02    0.000000E+00
                                       0.19366E-05   -0.124340E-17    0.000000E+00    0.462178E+02
      375.000  11.9032   0.10000E+14  -0.19387E-24    0.533336E+02   -0.320170E-15    0.315362E-15
                                       0.00000E+00   -0.322652E-15    0.533336E+02    0.000000E+00
                                       0.19653E-05    0.484754E-20    0.000000E+00    0.401731E+02
      400.000  11.9410   0.10000E+14   0.25849E-25    0.483753E+02   -0.161325E-15   -0.103930E-16
                                       0.00000E+00   -0.476528E-15    0.483753E+02    0.000000E+00
                                       0.19644E-05    0.248192E-17    0.000000E+00    0.352538E+02
      425.000  11.9791   0.99999E+13   0.36189E-24    0.441051E+02   -0.161327E-15   -0.527417E-17
                                       0.00000E+00   -0.163809E-15    0.441051E+02    0.000000E+00
                                       0.19417E-05    0.246742E-17    0.000000E+00    0.312197E+02
      450.000  12.0174   0.10000E+14   0.00000E+00    0.404147E+02   -0.320171E-15   -0.310243E-18
                                       0.00000E+00   -0.320171E-15    0.404147E+02    0.000000E+00
                                       0.19033E-05    0.819042E-16    0.000000E+00    0.278846E+02
      475.000  12.0559   0.10000E+14  -0.10340E-24    0.372106E+02   -0.320170E-15   -0.158534E-15
                                       0.00000E+00   -0.161326E-15    0.372106E+02    0.000000E+00
                                       0.18542E-05   -0.193902E-19    0.000000E+00    0.251046E+02
      500.000  12.0946   0.99999E+13   0.56869E-24    0.344136E+02   -0.243232E-15    0.434343E-17
                                       0.00000E+00   -0.243232E-15    0.344136E+02    0.000000E+00
                                       0.17979E-05    0.121587E-15    0.000000E+00    0.227681E+02

                                                      0.125531E-04    Max error
     Iteration number:        29

     =============================================================================================
       Temp     Fermi   Hole density  Population SR            Drift Hole mobility 
        [K]      [eV]     [cm^-3]      [h per cell]                    [cm^2/Vs]
     =============================================================================================

      200.000  11.6464   0.10000E+14  -0.12925E-25    0.107986E+03   -0.775606E-19    0.908913E-21
                                       0.00000E+00   -0.155121E-18    0.107986E+03    0.000000E+00
                                       0.77465E-06   -0.775985E-19    0.000000E+00    0.128828E+03
      225.000  11.6821   0.10000E+14  -0.25849E-25    0.100424E+03   -0.155122E-18   -0.311456E-18
                                       0.00000E+00   -0.155122E-18    0.100424E+03    0.000000E+00
                                       0.10911E-05    0.156031E-18    0.000000E+00    0.106925E+03
      250.000  11.7181   0.10000E+14   0.51295E-25    0.912615E+02   -0.310243E-18   -0.620487E-18
                                       0.00000E+00   -0.124097E-17    0.912615E+02    0.000000E+00
                                       0.13826E-05   -0.309637E-18    0.000000E+00    0.890327E+02
      275.000  11.7545   0.99999E+13   0.80779E-27    0.820161E+02   -0.636002E-15   -0.290855E-19
                                       0.00000E+00   -0.636002E-15    0.820161E+02    0.000000E+00
                                       0.16242E-05   -0.618066E-18    0.000000E+00    0.745880E+02
      300.000  11.7913   0.99999E+13   0.98551E-25    0.734245E+02   -0.318931E-15    0.111688E-16
                                       0.00000E+00   -0.318931E-15    0.734245E+02    0.000000E+00
                                       0.18058E-05   -0.618064E-18    0.000000E+00    0.629937E+02
      325.000  11.8283   0.10000E+14  -0.96935E-26    0.657700E+02   -0.124097E-17    0.193902E-18
                                       0.00000E+00   -0.318931E-15    0.657700E+02    0.000000E+00
                                       0.19294E-05   -0.123613E-17    0.000000E+00    0.536954E+02
      350.000  11.8656   0.10000E+14   0.21972E-24    0.590956E+02   -0.318930E-15    0.248194E-17
                                       0.00000E+00   -0.318930E-15    0.590956E+02    0.000000E+00
                                       0.20028E-05   -0.316455E-15    0.000000E+00    0.462178E+02
      375.000  11.9032   0.10000E+14   0.25849E-25    0.533336E+02   -0.320170E-15   -0.504144E-17
                                       0.00000E+00   -0.637859E-15    0.533336E+02    0.000000E+00
                                       0.20356E-05    0.317698E-15    0.000000E+00    0.401731E+02
      400.000  11.9410   0.10000E+14  -0.38774E-24    0.483753E+02   -0.161325E-15   -0.527407E-17
                                       0.00000E+00   -0.163806E-15    0.483753E+02    0.000000E+00
                                       0.20373E-05    0.247222E-17    0.000000E+00    0.352538E+02
      425.000  11.9791   0.99999E+13  -0.33604E-24    0.441051E+02   -0.320173E-15    0.312417E-15
                                       0.00000E+00   -0.322655E-15    0.441051E+02    0.000000E+00
                                       0.20157E-05   -0.248196E-17    0.000000E+00    0.312198E+02
      450.000  12.0174   0.10000E+14   0.77548E-25    0.404147E+02   -0.320171E-15   -0.102380E-16
                                       0.00000E+00   -0.320171E-15    0.404147E+02    0.000000E+00
                                       0.19776E-05   -0.250133E-17    0.000000E+00    0.278847E+02
      475.000  12.0559   0.10000E+14  -0.36189E-24    0.372106E+02   -0.320170E-15   -0.152639E-15
                                       0.00000E+00   -0.161326E-15    0.372106E+02    0.000000E+00
                                       0.19279E-05    0.156362E-15    0.000000E+00    0.251046E+02
      500.000  12.0946   0.99999E+13   0.52578E-22    0.344136E+02   -0.243232E-15    0.434343E-17
                                       0.00000E+00   -0.243232E-15    0.344136E+02    0.000000E+00
                                       0.18704E-05    0.819241E-16    0.000000E+00    0.227681E+02

                                                      0.120934E-04    Max error
     Iteration number:        30

     =============================================================================================
       Temp     Fermi   Hole density  Population SR            Drift Hole mobility 
        [K]      [eV]     [cm^-3]      [h per cell]                    [cm^2/Vs]
     =============================================================================================

      200.000  11.6464   0.10000E+14  -0.13026E-25    0.107986E+03   -0.775606E-19    0.124127E-17
                                       0.00000E+00   -0.155121E-18    0.107986E+03    0.000000E+00
                                       0.78807E-06    0.775133E-19    0.000000E+00    0.128828E+03
      225.000  11.6821   0.10000E+14  -0.20195E-27    0.100424E+03   -0.155122E-18    0.247953E-17
                                       0.00000E+00   -0.155122E-18    0.100424E+03    0.000000E+00
                                       0.11133E-05   -0.154970E-18    0.000000E+00    0.106925E+03
      250.000  11.7181   0.10000E+14  -0.50891E-25    0.912615E+02   -0.310243E-18   -0.630182E-18
                                       0.00000E+00   -0.310243E-18    0.912615E+02    0.000000E+00
                                       0.14150E-05    0.309637E-18    0.000000E+00    0.890327E+02
      275.000  11.7545   0.99999E+13   0.32312E-26    0.820161E+02   -0.636002E-15    0.492514E-17
                                       0.00000E+00    0.000000E+00    0.820161E+02    0.000000E+00
                                       0.16668E-05   -0.621702E-18    0.000000E+00    0.745880E+02
      300.000  11.7913   0.99999E+13   0.10986E-24    0.734245E+02   -0.318931E-15   -0.870622E-17
                                       0.00000E+00   -0.320172E-15    0.734245E+02    0.000000E+00
                                       0.18579E-05   -0.616852E-18    0.000000E+00    0.629937E+02
      325.000  11.8283   0.10000E+14  -0.19710E-24    0.657700E+02   -0.318931E-15   -0.775609E-19
                                       0.00000E+00   -0.318931E-15    0.657700E+02    0.000000E+00
                                       0.19892E-05    0.125067E-17    0.000000E+00    0.536954E+02
      350.000  11.8656   0.10000E+14   0.22618E-24    0.590956E+02   -0.318930E-15   -0.744583E-17
                                       0.00000E+00   -0.318930E-15    0.590956E+02    0.000000E+00
                                       0.20686E-05   -0.122643E-17    0.000000E+00    0.462178E+02
      375.000  11.9032   0.10000E+14  -0.24557E-24    0.533336E+02   -0.320170E-15   -0.155121E-18
                                       0.00000E+00   -0.322652E-15    0.533336E+02    0.000000E+00
                                       0.21058E-05   -0.124097E-17    0.000000E+00    0.401731E+02
      400.000  11.9410   0.10000E+14  -0.12925E-25    0.483753E+02   -0.161325E-15    0.310239E-18
                                       0.00000E+00   -0.320167E-15    0.483753E+02    0.000000E+00
                                       0.21102E-05   -0.156341E-15    0.000000E+00    0.352538E+02
      425.000  11.9791   0.99999E+13  -0.43944E-24    0.441051E+02   -0.320173E-15   -0.332738E-15
                                       0.00000E+00   -0.161327E-15    0.441051E+02    0.000000E+00
                                       0.20901E-05   -0.156364E-15    0.000000E+00    0.312198E+02
      450.000  12.0174   0.10000E+14  -0.43944E-24    0.404147E+02   -0.320171E-15    0.145814E-16
                                       0.00000E+00   -0.320171E-15    0.404147E+02    0.000000E+00
                                       0.20523E-05   -0.238499E-17    0.000000E+00    0.278847E+02
      475.000  12.0559   0.10000E+14   0.28434E-24    0.372106E+02   -0.320170E-15    0.152639E-15
                                       0.00000E+00   -0.320170E-15    0.372106E+02    0.000000E+00
                                       0.20020E-05    0.156459E-15    0.000000E+00    0.251046E+02
      500.000  12.0946   0.99999E+13  -0.41359E-24    0.344136E+02   -0.243232E-15   -0.465368E-17
                                       0.00000E+00   -0.992785E-17    0.344136E+02    0.000000E+00
                                       0.19434E-05    0.228806E-17    0.000000E+00    0.227681E+02

                                                      0.116409E-04    Max error
     Iteration number:        31

     =============================================================================================
       Temp     Fermi   Hole density  Population SR            Drift Hole mobility 
        [K]      [eV]     [cm^-3]      [h per cell]                    [cm^2/Vs]
     =============================================================================================

      200.000  11.6464   0.10000E+14  -0.50487E-28    0.107986E+03   -0.775606E-19    0.124006E-17
                                       0.00000E+00   -0.775606E-19    0.107986E+03    0.000000E+00
                                       0.80090E-06    0.775511E-19    0.000000E+00    0.128828E+03
      225.000  11.6821   0.10000E+14  -0.60585E-27    0.100424E+03   -0.155122E-18    0.121189E-20
                                       0.00000E+00   -0.155122E-18    0.100424E+03    0.000000E+00
                                       0.11347E-05    0.155122E-18    0.000000E+00    0.106925E+03
      250.000  11.7181   0.10000E+14   0.80779E-27    0.912615E+02   -0.310243E-18   -0.969510E-20
                                       0.00000E+00   -0.310243E-18    0.912615E+02    0.000000E+00
                                       0.14465E-05   -0.310849E-18    0.000000E+00    0.890327E+02
      275.000  11.7545   0.99999E+13  -0.10501E-24    0.820161E+02   -0.636002E-15   -0.581709E-18
                                       0.00000E+00   -0.124098E-17    0.820161E+02    0.000000E+00
                                       0.17087E-05    0.620490E-18    0.000000E+00    0.745880E+02
      300.000  11.7913   0.99999E+13  -0.96935E-25    0.734245E+02   -0.318931E-15    0.333822E-15
                                       0.00000E+00   -0.318931E-15    0.734245E+02    0.000000E+00
                                       0.19092E-05    0.627759E-18    0.000000E+00    0.629937E+02
      325.000  11.8283   0.10000E+14   0.64623E-26    0.657700E+02   -0.124097E-17    0.307684E-15
                                       0.00000E+00    0.000000E+00    0.657700E+02    0.000000E+00
                                       0.20486E-05   -0.125552E-17    0.000000E+00    0.536954E+02
      350.000  11.8656   0.10000E+14   0.21972E-24    0.590956E+02   -0.318930E-15   -0.240438E-17
                                       0.00000E+00   -0.318930E-15    0.590956E+02    0.000000E+00
                                       0.21342E-05    0.193902E-19    0.000000E+00    0.462178E+02
      375.000  11.9032   0.10000E+14   0.20680E-24    0.533336E+02   -0.320170E-15   -0.305356E-15
                                       0.00000E+00   -0.322652E-15    0.533336E+02    0.000000E+00
                                       0.21759E-05   -0.193902E-19    0.000000E+00    0.401731E+02
      400.000  11.9410   0.10000E+14  -0.38774E-24    0.483753E+02   -0.161325E-15   -0.217168E-17
                                       0.00000E+00   -0.320167E-15    0.483753E+02    0.000000E+00
                                       0.21832E-05   -0.161363E-15    0.000000E+00    0.352538E+02
      425.000  11.9791   0.99999E+13   0.51699E-25    0.441051E+02   -0.320173E-15    0.310245E-18
                                       0.00000E+00   -0.158845E-15    0.441051E+02    0.000000E+00
                                       0.21646E-05    0.242379E-17    0.000000E+00    0.312198E+02
      450.000  12.0174   0.10000E+14   0.51699E-25    0.404147E+02   -0.320171E-15    0.930729E-17
                                       0.00000E+00   -0.156362E-15    0.404147E+02    0.000000E+00
                                       0.21273E-05   -0.255950E-17    0.000000E+00    0.278847E+02
      475.000  12.0559   0.10000E+14  -0.53276E-22    0.372106E+02   -0.320170E-15    0.163808E-15
                                       0.00000E+00   -0.327616E-15    0.372106E+02    0.000000E+00
                                       0.20767E-05   -0.244316E-17    0.000000E+00    0.251046E+02
      500.000  12.0946   0.99999E+13  -0.15510E-24    0.344136E+02   -0.243232E-15    0.158225E-16
                                       0.00000E+00   -0.168773E-15    0.344136E+02    0.000000E+00
                                       0.20170E-05    0.819435E-16    0.000000E+00    0.227681E+02

                                                      0.112228E-04    Max error
     Iteration number:        32

     =============================================================================================
       Temp     Fermi   Hole density  Population SR            Drift Hole mobility 
        [K]      [eV]     [cm^-3]      [h per cell]                    [cm^2/Vs]
     =============================================================================================

      200.000  11.6464   0.10000E+14   0.50487E-28    0.107986E+03   -0.775606E-19    0.124127E-17
                                       0.00000E+00   -0.775606E-19    0.107986E+03    0.000000E+00
                                       0.81318E-06    0.000000E+00    0.000000E+00    0.128828E+03
      225.000  11.6821   0.10000E+14  -0.25445E-25    0.100424E+03   -0.155122E-18   -0.121189E-20
                                       0.00000E+00   -0.155122E-18    0.100424E+03    0.000000E+00
                                       0.11555E-05    0.154667E-18    0.000000E+00    0.106925E+03
      250.000  11.7181   0.10000E+14  -0.40390E-27    0.912615E+02   -0.310243E-18   -0.249649E-17
                                       0.00000E+00    0.310243E-18    0.912615E+02    0.000000E+00
                                       0.14772E-05    0.302972E-21    0.000000E+00    0.890326E+02
      275.000  11.7545   0.99999E+13   0.24234E-26    0.820161E+02   -0.636002E-15    0.000000E+00
                                       0.00000E+00    0.000000E+00    0.820161E+02    0.000000E+00
                                       0.17497E-05   -0.620490E-18    0.000000E+00    0.745880E+02
      300.000  11.7913   0.99999E+13   0.48468E-26    0.734245E+02   -0.318931E-15   -0.387805E-19
                                       0.00000E+00    0.620488E-18    0.734245E+02    0.000000E+00
                                       0.19599E-05    0.317692E-15    0.000000E+00    0.629937E+02
      325.000  11.8283   0.10000E+14   0.96935E-26    0.657700E+02   -0.318931E-15    0.775609E-19
                                       0.00000E+00   -0.317690E-15    0.657700E+02    0.000000E+00
                                       0.21074E-05   -0.124097E-17    0.000000E+00    0.536954E+02
      350.000  11.8656   0.10000E+14   0.64623E-26    0.590956E+02   -0.124097E-17    0.000000E+00
                                       0.00000E+00   -0.318930E-15    0.590956E+02    0.000000E+00
                                       0.21995E-05    0.316448E-15    0.000000E+00    0.462178E+02
      375.000  11.9032   0.10000E+14   0.25849E-25    0.533336E+02   -0.320170E-15   -0.327771E-15
                                       0.00000E+00   -0.320170E-15    0.533336E+02    0.000000E+00
                                       0.22459E-05   -0.129914E-17    0.000000E+00    0.401732E+02
      400.000  11.9410   0.10000E+14   0.41359E-24    0.483753E+02   -0.161325E-15    0.310239E-17
                                       0.00000E+00   -0.161325E-15    0.483753E+02    0.000000E+00
                                       0.22562E-05   -0.120218E-17    0.000000E+00    0.352539E+02
      425.000  11.9791   0.99999E+13  -0.25849E-25    0.441051E+02   -0.320173E-15   -0.542929E-17
                                       0.00000E+00   -0.161327E-15    0.441051E+02    0.000000E+00
                                       0.22394E-05    0.242379E-17    0.000000E+00    0.312198E+02
      450.000  12.0174   0.10000E+14  -0.36189E-24    0.404147E+02   -0.161326E-15   -0.152019E-16
                                       0.00000E+00   -0.327617E-15    0.404147E+02    0.000000E+00
                                       0.22027E-05   -0.263707E-17    0.000000E+00    0.278847E+02
      475.000  12.0559   0.10000E+14  -0.51699E-25    0.372106E+02   -0.320170E-15    0.167841E-15
                                       0.00000E+00   -0.156362E-15    0.372106E+02    0.000000E+00
                                       0.21518E-05   -0.252072E-17    0.000000E+00    0.251047E+02
      500.000  12.0946   0.99999E+13   0.52578E-22    0.344136E+02   -0.243232E-15   -0.558441E-17
                                       0.00000E+00   -0.322655E-15    0.344136E+02    0.000000E+00
                                       0.20911E-05   -0.819823E-16    0.000000E+00    0.227682E+02

                                                      0.108121E-04    Max error
     Iteration number:        33

     =============================================================================================
       Temp     Fermi   Hole density  Population SR            Drift Hole mobility 
        [K]      [eV]     [cm^-3]      [h per cell]                    [cm^2/Vs]
     =============================================================================================

      200.000  11.6464   0.10000E+14   0.00000E+00    0.107986E+03   -0.775606E-19    0.248254E-17
                                       0.00000E+00   -0.775606E-19    0.107986E+03    0.000000E+00
                                       0.82492E-06   -0.775606E-19    0.000000E+00    0.128828E+03
      225.000  11.6821   0.10000E+14   0.40390E-27    0.100424E+03   -0.155122E-18    0.000000E+00
                                       0.00000E+00    0.155122E-18    0.100424E+03    0.000000E+00
                                       0.11755E-05    0.151486E-21    0.000000E+00    0.106925E+03
      250.000  11.7181   0.10000E+14   0.00000E+00    0.912615E+02   -0.310243E-18   -0.495905E-17
                                       0.00000E+00   -0.310243E-18    0.912615E+02    0.000000E+00
                                       0.15070E-05    0.000000E+00    0.000000E+00    0.890326E+02
      275.000  11.7545   0.99999E+13   0.80779E-27    0.820161E+02   -0.636002E-15   -0.497361E-17
                                       0.00000E+00   -0.636002E-15    0.820161E+02    0.000000E+00
                                       0.17900E-05    0.615642E-18    0.000000E+00    0.745880E+02
      300.000  11.7913   0.99999E+13  -0.98551E-25    0.734245E+02   -0.318931E-15    0.126037E-17
                                       0.00000E+00   -0.124098E-17    0.734245E+02    0.000000E+00
                                       0.20099E-05   -0.622911E-18    0.000000E+00    0.629937E+02
      325.000  11.8283   0.10000E+14  -0.21003E-24    0.657700E+02   -0.318931E-15    0.116341E-18
                                       0.00000E+00   -0.318931E-15    0.657700E+02    0.000000E+00
                                       0.21658E-05    0.316468E-15    0.000000E+00    0.536954E+02
      350.000  11.8656   0.10000E+14   0.20033E-24    0.590956E+02   -0.318930E-15    0.248194E-17
                                       0.00000E+00   -0.496389E-17    0.590956E+02    0.000000E+00
                                       0.22645E-05    0.122158E-17    0.000000E+00    0.462178E+02
      375.000  11.9032   0.10000E+14  -0.23264E-24    0.533336E+02   -0.320170E-15   -0.209414E-17
                                       0.00000E+00   -0.320170E-15    0.533336E+02    0.000000E+00
                                       0.23158E-05    0.126036E-17    0.000000E+00    0.401732E+02
      400.000  11.9410   0.10000E+14   0.41359E-24    0.483753E+02   -0.161325E-15   -0.217168E-17
                                       0.00000E+00   -0.320167E-15    0.483753E+02    0.000000E+00
                                       0.23294E-05   -0.158843E-15    0.000000E+00    0.352539E+02
      425.000  11.9791   0.99999E+13  -0.38774E-24    0.441051E+02   -0.161327E-15   -0.312417E-15
                                       0.00000E+00   -0.322655E-15    0.441051E+02    0.000000E+00
                                       0.23145E-05    0.236562E-17    0.000000E+00    0.312198E+02
      450.000  12.0174   0.10000E+14  -0.38774E-24    0.404147E+02   -0.161326E-15   -0.558437E-17
                                       0.00000E+00   -0.327617E-15    0.404147E+02    0.000000E+00
                                       0.22785E-05   -0.263707E-17    0.000000E+00    0.278848E+02
      475.000  12.0559   0.10000E+14   0.52526E-22    0.372106E+02   -0.320170E-15    0.143642E-15
                                       0.00000E+00   -0.327616E-15    0.372106E+02    0.000000E+00
                                       0.22273E-05   -0.275340E-17    0.000000E+00    0.251047E+02
      500.000  12.0946   0.99999E+13  -0.52888E-22    0.344136E+02   -0.243232E-15    0.809740E-16
                                       0.00000E+00   -0.322655E-15    0.344136E+02    0.000000E+00
                                       0.21658E-05   -0.768633E-16    0.000000E+00    0.227682E+02

                                                      0.104292E-04    Max error
     Iteration number:        34

     =============================================================================================
       Temp     Fermi   Hole density  Population SR            Drift Hole mobility 
        [K]      [eV]     [cm^-3]      [h per cell]                    [cm^2/Vs]
     =============================================================================================

      200.000  11.6464   0.10000E+14   0.00000E+00    0.107986E+03   -0.775606E-19    0.124158E-17
                                       0.00000E+00   -0.775606E-19    0.107986E+03    0.000000E+00
                                       0.83616E-06    0.775227E-19    0.000000E+00    0.128827E+03
      225.000  11.6821   0.10000E+14   0.40390E-27    0.100424E+03   -0.155122E-18   -0.242378E-20
                                       0.00000E+00   -0.155122E-18    0.100424E+03    0.000000E+00
                                       0.11948E-05    0.154364E-18    0.000000E+00    0.106925E+03
      250.000  11.7181   0.10000E+14  -0.80779E-27    0.912615E+02   -0.310243E-18    0.145427E-19
                                       0.00000E+00   -0.310243E-18    0.912615E+02    0.000000E+00
                                       0.15362E-05   -0.310243E-18    0.000000E+00    0.890326E+02
      275.000  11.7545   0.99999E+13  -0.10663E-24    0.820161E+02   -0.636002E-15    0.496392E-17
                                       0.00000E+00   -0.124098E-17    0.820161E+02    0.000000E+00
                                       0.18295E-05    0.626549E-18    0.000000E+00    0.745880E+02
      300.000  11.7913   0.99999E+13  -0.10501E-24    0.734245E+02   -0.318931E-15   -0.111494E-16
                                       0.00000E+00   -0.320172E-15    0.734245E+02    0.000000E+00
                                       0.20592E-05   -0.608369E-18    0.000000E+00    0.629937E+02
      325.000  11.8283   0.10000E+14  -0.96935E-26    0.657700E+02   -0.318931E-15   -0.317690E-15
                                       0.00000E+00   -0.124097E-17    0.657700E+02    0.000000E+00
                                       0.22237E-05   -0.126037E-17    0.000000E+00    0.536954E+02
      350.000  11.8656   0.10000E+14  -0.20033E-24    0.590956E+02   -0.318930E-15    0.760095E-17
                                       0.00000E+00   -0.318930E-15    0.590956E+02    0.000000E+00
                                       0.23293E-05    0.318959E-15    0.000000E+00    0.462178E+02
      375.000  11.9032   0.10000E+14  -0.10609E-21    0.533336E+02   -0.248194E-17    0.320325E-15
                                       0.00000E+00   -0.248194E-17    0.533336E+02    0.000000E+00
                                       0.23856E-05   -0.387803E-19    0.000000E+00    0.401732E+02
      400.000  11.9410   0.10000E+14   0.42652E-24    0.483753E+02   -0.161325E-15   -0.156516E-15
                                       0.00000E+00   -0.320167E-15    0.483753E+02    0.000000E+00
                                       0.24027E-05   -0.122157E-17    0.000000E+00    0.352539E+02
      425.000  11.9791   0.99999E+13  -0.38774E-24    0.441051E+02   -0.320173E-15   -0.173582E-15
                                       0.00000E+00   -0.322655E-15    0.441051E+02    0.000000E+00
                                       0.23898E-05   -0.252074E-17    0.000000E+00    0.312199E+02
      450.000  12.0174   0.10000E+14   0.52578E-22    0.404147E+02   -0.320171E-15   -0.372292E-17
                                       0.00000E+00   -0.168772E-15    0.404147E+02    0.000000E+00
                                       0.23546E-05   -0.267585E-17    0.000000E+00    0.278848E+02
      475.000  12.0559   0.10000E+14   0.77548E-25    0.372106E+02   -0.320170E-15    0.111687E-16
                                       0.00000E+00   -0.161326E-15    0.372106E+02    0.000000E+00
                                       0.23034E-05    0.255950E-17    0.000000E+00    0.251047E+02
      500.000  12.0946   0.99999E+13   0.46529E-24    0.344136E+02   -0.243232E-15    0.130303E-16
                                       0.00000E+00   -0.243232E-15    0.344136E+02    0.000000E+00
                                       0.22410E-05   -0.271465E-17    0.000000E+00    0.227682E+02

                                                      0.100537E-04    Max error
     Iteration number:        35

     =============================================================================================
       Temp     Fermi   Hole density  Population SR            Drift Hole mobility 
        [K]      [eV]     [cm^-3]      [h per cell]                    [cm^2/Vs]
     =============================================================================================

      200.000  11.6464   0.10000E+14   0.12975E-25    0.107986E+03   -0.775606E-19    0.131853E-17
                                       0.00000E+00   -0.155121E-18    0.107986E+03    0.000000E+00
                                       0.84691E-06    0.775227E-19    0.000000E+00    0.128827E+03
      225.000  11.6821   0.10000E+14   0.00000E+00    0.100424E+03   -0.155122E-18    0.363567E-20
                                       0.00000E+00   -0.155122E-18    0.100424E+03    0.000000E+00
                                       0.12134E-05   -0.605945E-21    0.000000E+00    0.106925E+03
      250.000  11.7181   0.10000E+14   0.51295E-25    0.912615E+02   -0.310243E-18    0.187116E-17
                                       0.00000E+00   -0.124097E-17    0.912615E+02    0.000000E+00
                                       0.15645E-05    0.309031E-18    0.000000E+00    0.890326E+02
      275.000  11.7545   0.99999E+13  -0.16156E-26    0.820161E+02   -0.636002E-15    0.290855E-19
                                       0.00000E+00    0.620490E-18    0.820161E+02    0.000000E+00
                                       0.18682E-05    0.621702E-18    0.000000E+00    0.745880E+02
      300.000  11.7913   0.99999E+13   0.96935E-25    0.734245E+02   -0.124098E-17   -0.127976E-17
                                       0.00000E+00   -0.318931E-15    0.734245E+02    0.000000E+00
                                       0.21079E-05   -0.317687E-15    0.000000E+00    0.629937E+02
      325.000  11.8283   0.10000E+14   0.32312E-26    0.657700E+02   -0.124097E-17    0.488634E-17
                                       0.00000E+00   -0.317690E-15    0.657700E+02    0.000000E+00
                                       0.22811E-05   -0.121189E-17    0.000000E+00    0.536954E+02
      350.000  11.8656   0.10000E+14   0.20033E-24    0.590956E+02   -0.318930E-15   -0.248194E-17
                                       0.00000E+00   -0.318930E-15    0.590956E+02    0.000000E+00
                                       0.23937E-05   -0.124097E-17    0.000000E+00    0.462178E+02
      375.000  11.9032   0.10000E+14  -0.25849E-25    0.533336E+02   -0.320170E-15   -0.465364E-17
                                       0.00000E+00   -0.322652E-15    0.533336E+02    0.000000E+00
                                       0.24553E-05    0.317611E-15    0.000000E+00    0.401732E+02
      400.000  11.9410   0.10000E+14   0.10632E-21    0.483753E+02   -0.161325E-15   -0.760087E-17
                                       0.00000E+00   -0.320167E-15    0.483753E+02    0.000000E+00
                                       0.24760E-05   -0.127974E-17    0.000000E+00    0.352539E+02
      425.000  11.9791   0.99999E+13   0.10588E-21    0.441051E+02   -0.161327E-15    0.620490E-18
                                       0.00000E+00   -0.320173E-15    0.441051E+02    0.000000E+00
                                       0.24653E-05   -0.127976E-17    0.000000E+00    0.312199E+02
      450.000  12.0174   0.10000E+14   0.52552E-22    0.404147E+02   -0.161326E-15    0.154501E-15
                                       0.00000E+00   -0.168772E-15    0.404147E+02    0.000000E+00
                                       0.24311E-05   -0.155122E-18    0.000000E+00    0.278848E+02
      475.000  12.0559   0.10000E+14   0.12925E-24    0.372106E+02   -0.320170E-15   -0.930727E-17
                                       0.00000E+00   -0.320170E-15    0.372106E+02    0.000000E+00
                                       0.23799E-05   -0.240438E-17    0.000000E+00    0.251047E+02
      500.000  12.0946   0.99999E+13   0.46529E-24    0.344136E+02   -0.243232E-15   -0.103932E-15
                                       0.00000E+00   -0.243232E-15    0.344136E+02    0.000000E+00
                                       0.23167E-05   -0.271465E-17    0.000000E+00    0.227682E+02

                                                      0.970115E-05    Max error
     Iteration number:        36

     =============================================================================================
       Temp     Fermi   Hole density  Population SR            Drift Hole mobility 
        [K]      [eV]     [cm^-3]      [h per cell]                    [cm^2/Vs]
     =============================================================================================

      200.000  11.6464   0.10000E+14  -0.50487E-28    0.107986E+03   -0.775606E-19   -0.124158E-17
                                       0.00000E+00   -0.775606E-19    0.107986E+03    0.000000E+00
                                       0.85719E-06   -0.775038E-19    0.000000E+00    0.128827E+03
      225.000  11.6821   0.10000E+14  -0.26253E-25    0.100424E+03   -0.155122E-18    0.279340E-17
                                       0.00000E+00   -0.155122E-18    0.100424E+03    0.000000E+00
                                       0.12314E-05    0.155425E-18    0.000000E+00    0.106925E+03
      250.000  11.7181   0.10000E+14   0.52507E-25    0.912615E+02   -0.310243E-18    0.620487E-18
                                       0.00000E+00   -0.310243E-18    0.912615E+02    0.000000E+00
                                       0.15921E-05   -0.310849E-18    0.000000E+00    0.890326E+02
      275.000  11.7545   0.99999E+13   0.80779E-27    0.820161E+02   -0.636002E-15    0.496392E-17
                                       0.00000E+00   -0.620490E-18    0.820161E+02    0.000000E+00
                                       0.19062E-05   -0.626549E-18    0.000000E+00    0.745880E+02
      300.000  11.7913   0.99999E+13   0.00000E+00    0.734245E+02   -0.318931E-15   -0.994719E-17
                                       0.00000E+00   -0.318931E-15    0.734245E+02    0.000000E+00
                                       0.21560E-05   -0.615640E-18    0.000000E+00    0.629937E+02
      325.000  11.8283   0.10000E+14   0.00000E+00    0.657700E+02   -0.318931E-15    0.775609E-19
                                       0.00000E+00   -0.317690E-15    0.657700E+02    0.000000E+00
                                       0.23380E-05   -0.123128E-17    0.000000E+00    0.536954E+02
      350.000  11.8656   0.10000E+14  -0.21326E-24    0.590956E+02   -0.318930E-15   -0.248194E-17
                                       0.00000E+00   -0.318930E-15    0.590956E+02    0.000000E+00
                                       0.24578E-05   -0.127006E-17    0.000000E+00    0.462178E+02
      375.000  11.9032   0.10000E+14   0.18095E-24    0.533336E+02   -0.320170E-15   -0.120995E-16
                                       0.00000E+00   -0.320170E-15    0.533336E+02    0.000000E+00
                                       0.25249E-05    0.126036E-17    0.000000E+00    0.401732E+02
      400.000  11.9410   0.10000E+14   0.42652E-24    0.483753E+02   -0.161325E-15   -0.263704E-17
                                       0.00000E+00   -0.161325E-15    0.483753E+02    0.000000E+00
                                       0.25495E-05   -0.157485E-15    0.000000E+00    0.352540E+02
      425.000  11.9791   0.99999E+13   0.51699E-25    0.441051E+02   -0.320173E-15   -0.317381E-15
                                       0.00000E+00   -0.479018E-15    0.441051E+02    0.000000E+00
                                       0.25411E-05   -0.116342E-18    0.000000E+00    0.312199E+02
      450.000  12.0174   0.10000E+14   0.52888E-22    0.404147E+02   -0.320171E-15    0.108585E-16
                                       0.00000E+00   -0.161326E-15    0.404147E+02    0.000000E+00
                                       0.25080E-05    0.158844E-15    0.000000E+00    0.278848E+02
      475.000  12.0559   0.10000E+14  -0.53276E-22    0.372106E+02   -0.320170E-15   -0.152639E-15
                                       0.00000E+00   -0.161326E-15    0.372106E+02    0.000000E+00
                                       0.24569E-05   -0.793445E-16    0.000000E+00    0.251047E+02
      500.000  12.0946   0.99999E+13   0.52526E-22    0.344136E+02   -0.243232E-15   -0.620490E-17
                                       0.00000E+00   -0.243232E-15    0.344136E+02    0.000000E+00
                                       0.23930E-05    0.131854E-17    0.000000E+00    0.227682E+02

                                                      0.935620E-05    Max error
     Iteration number:        37

     =============================================================================================
       Temp     Fermi   Hole density  Population SR            Drift Hole mobility 
        [K]      [eV]     [cm^-3]      [h per cell]                    [cm^2/Vs]
     =============================================================================================

      200.000  11.6464   0.10000E+14  -0.12975E-25    0.107986E+03   -0.775606E-19    0.605942E-21
                                       0.00000E+00   -0.155121E-18    0.107986E+03    0.000000E+00
                                       0.86703E-06    0.189357E-22    0.000000E+00    0.128827E+03
      225.000  11.6821   0.10000E+14  -0.25647E-25    0.100424E+03   -0.155122E-18    0.311456E-18
                                       0.00000E+00   -0.155122E-18    0.100424E+03    0.000000E+00
                                       0.12488E-05   -0.155728E-18    0.000000E+00    0.106925E+03
      250.000  11.7181   0.10000E+14   0.51699E-25    0.912615E+02   -0.310243E-18    0.433856E-17
                                       0.00000E+00   -0.310243E-18    0.912615E+02    0.000000E+00
                                       0.16190E-05    0.310849E-18    0.000000E+00    0.890326E+02
      275.000  11.7545   0.99999E+13   0.32312E-26    0.820161E+02   -0.636002E-15   -0.497361E-17
                                       0.00000E+00   -0.636002E-15    0.820161E+02    0.000000E+00
                                       0.19435E-05   -0.317072E-15    0.000000E+00    0.745880E+02
      300.000  11.7913   0.99999E+13  -0.10178E-24    0.734245E+02   -0.318931E-15    0.120219E-17
                                       0.00000E+00   -0.318931E-15    0.734245E+02    0.000000E+00
                                       0.22034E-05    0.317704E-15    0.000000E+00    0.629937E+02
      325.000  11.8283   0.10000E+14   0.96935E-26    0.657700E+02   -0.124097E-17    0.322692E-15
                                       0.00000E+00   -0.317690E-15    0.657700E+02    0.000000E+00
                                       0.23944E-05    0.969512E-20    0.000000E+00    0.536954E+02
      350.000  11.8656   0.10000E+14  -0.20033E-24    0.590956E+02   -0.318930E-15    0.232682E-17
                                       0.00000E+00   -0.318930E-15    0.590956E+02    0.000000E+00
                                       0.25217E-05   -0.387804E-19    0.000000E+00    0.462178E+02
      375.000  11.9032   0.10000E+14   0.18095E-24    0.533336E+02   -0.248194E-17    0.775606E-17
                                       0.00000E+00   -0.320170E-15    0.533336E+02    0.000000E+00
                                       0.25944E-05   -0.124097E-17    0.000000E+00    0.401732E+02
      400.000  11.9410   0.10000E+14   0.41359E-24    0.483753E+02   -0.161325E-15    0.320167E-15
                                       0.00000E+00   -0.161325E-15    0.483753E+02    0.000000E+00
                                       0.26230E-05   -0.158804E-15    0.000000E+00    0.352540E+02
      425.000  11.9791   0.99999E+13  -0.77548E-25    0.441051E+02   -0.161327E-15   -0.102381E-16
                                       0.00000E+00   -0.317691E-15    0.441051E+02    0.000000E+00
                                       0.26171E-05    0.387806E-19    0.000000E+00    0.312199E+02
      450.000  12.0174   0.10000E+14   0.00000E+00    0.404147E+02   -0.161326E-15    0.310243E-18
                                       0.00000E+00   -0.161326E-15    0.404147E+02    0.000000E+00
                                       0.25853E-05    0.000000E+00    0.000000E+00    0.278848E+02
      475.000  12.0559   0.10000E+14  -0.53327E-22    0.372106E+02   -0.320170E-15    0.372291E-17
                                       0.00000E+00   -0.320170E-15    0.372106E+02    0.000000E+00
                                       0.25344E-05   -0.794221E-16    0.000000E+00    0.251048E+02
      500.000  12.0946   0.99999E+13  -0.41359E-24    0.344136E+02   -0.243232E-15    0.235786E-16
                                       0.00000E+00   -0.322655E-15    0.344136E+02    0.000000E+00
                                       0.24698E-05    0.797330E-16    0.000000E+00    0.227682E+02

                                                      0.903033E-05    Max error
     Iteration number:        38

     =============================================================================================
       Temp     Fermi   Hole density  Population SR            Drift Hole mobility 
        [K]      [eV]     [cm^-3]      [h per cell]                    [cm^2/Vs]
     =============================================================================================

      200.000  11.6464   0.10000E+14   0.50487E-28    0.107986E+03   -0.775606E-19   -0.124067E-17
                                       0.00000E+00   -0.775606E-19    0.107986E+03    0.000000E+00
                                       0.87644E-06   -0.775606E-19    0.000000E+00    0.128827E+03
      225.000  11.6821   0.10000E+14   0.00000E+00    0.100424E+03   -0.155122E-18    0.121189E-20
                                       0.00000E+00    0.155122E-18    0.100424E+03    0.000000E+00
                                       0.12656E-05   -0.154819E-18    0.000000E+00    0.106925E+03
      250.000  11.7181   0.10000E+14   0.53718E-25    0.912615E+02   -0.310243E-18   -0.559892E-17
                                       0.00000E+00   -0.310243E-18    0.912615E+02    0.000000E+00
                                       0.16452E-05   -0.312061E-18    0.000000E+00    0.890326E+02
      275.000  11.7545   0.99999E+13   0.10097E-24    0.820161E+02   -0.636002E-15    0.498331E-17
                                       0.00000E+00   -0.124098E-17    0.820161E+02    0.000000E+00
                                       0.19801E-05    0.618066E-18    0.000000E+00    0.745879E+02
      300.000  11.7913   0.99999E+13   0.10340E-24    0.734245E+02   -0.124098E-17   -0.193902E-19
                                       0.00000E+00   -0.318931E-15    0.734245E+02    0.000000E+00
                                       0.22502E-05   -0.484756E-20    0.000000E+00    0.629937E+02
      325.000  11.8283   0.10000E+14   0.12925E-25    0.657700E+02   -0.318931E-15    0.000000E+00
                                       0.00000E+00   -0.317690E-15    0.657700E+02    0.000000E+00
                                       0.24504E-05    0.126037E-17    0.000000E+00    0.536954E+02
      350.000  11.8656   0.10000E+14  -0.21326E-24    0.590956E+02   -0.124097E-17    0.248194E-17
                                       0.00000E+00   -0.318930E-15    0.590956E+02    0.000000E+00
                                       0.25853E-05   -0.193902E-19    0.000000E+00    0.462178E+02
      375.000  11.9032   0.10000E+14   0.21972E-24    0.533336E+02   -0.320170E-15    0.122546E-16
                                       0.00000E+00   -0.320170E-15    0.533336E+02    0.000000E+00
                                       0.26639E-05   -0.193902E-19    0.000000E+00    0.401733E+02
      400.000  11.9410   0.10000E+14   0.43944E-24    0.483753E+02   -0.161325E-15    0.156671E-15
                                       0.00000E+00   -0.161325E-15    0.483753E+02    0.000000E+00
                                       0.26966E-05    0.135730E-17    0.000000E+00    0.352540E+02
      425.000  11.9791   0.99999E+13   0.25849E-25    0.441051E+02   -0.320173E-15    0.192352E-16
                                       0.00000E+00   -0.476536E-15    0.441051E+02    0.000000E+00
                                       0.26934E-05   -0.159001E-15    0.000000E+00    0.312200E+02
      450.000  12.0174   0.10000E+14   0.00000E+00    0.404147E+02   -0.161326E-15   -0.992778E-17
                                       0.00000E+00   -0.161326E-15    0.404147E+02    0.000000E+00
                                       0.26629E-05    0.155122E-17    0.000000E+00    0.278849E+02
      475.000  12.0559   0.10000E+14  -0.53276E-22    0.372106E+02   -0.320170E-15    0.155121E-16
                                       0.00000E+00   -0.161326E-15    0.372106E+02    0.000000E+00
                                       0.26123E-05    0.795772E-16    0.000000E+00    0.251048E+02
      500.000  12.0946   0.99999E+13   0.46529E-24    0.344136E+02   -0.243232E-15    0.806638E-17
                                       0.00000E+00   -0.322655E-15    0.344136E+02    0.000000E+00
                                       0.25472E-05   -0.108586E-17    0.000000E+00    0.227682E+02

                                                      0.871214E-05    Max error
     Iteration number:        39

     =============================================================================================
       Temp     Fermi   Hole density  Population SR            Drift Hole mobility 
        [K]      [eV]     [cm^-3]      [h per cell]                    [cm^2/Vs]
     =============================================================================================

      200.000  11.6464   0.10000E+14  -0.50487E-28    0.107986E+03   -0.775606E-19    0.000000E+00
                                       0.00000E+00   -0.775606E-19    0.107986E+03    0.000000E+00
                                       0.88544E-06    0.775606E-19    0.000000E+00    0.128827E+03
      225.000  11.6821   0.10000E+14   0.26051E-25    0.100424E+03   -0.155122E-18   -0.311456E-18
                                       0.00000E+00   -0.155122E-18    0.100424E+03    0.000000E+00
                                       0.12819E-05   -0.154819E-18    0.000000E+00    0.106925E+03
      250.000  11.7181   0.10000E+14   0.52507E-25    0.912615E+02   -0.310243E-18    0.556984E-17
                                       0.00000E+00   -0.310243E-18    0.912615E+02    0.000000E+00
                                       0.16707E-05    0.312667E-18    0.000000E+00    0.890326E+02
      275.000  11.7545   0.99999E+13   0.00000E+00    0.820161E+02   -0.636002E-15   -0.290855E-19
                                       0.00000E+00   -0.636002E-15    0.820161E+02    0.000000E+00
                                       0.20160E-05    0.620490E-18    0.000000E+00    0.745879E+02
      300.000  11.7913   0.99999E+13   0.00000E+00    0.734245E+02   -0.318931E-15   -0.994719E-17
                                       0.00000E+00    0.620488E-18    0.734245E+02    0.000000E+00
                                       0.22964E-05    0.000000E+00    0.000000E+00    0.629937E+02
      325.000  11.8283   0.10000E+14   0.00000E+00    0.657700E+02   -0.318931E-15   -0.985024E-17
                                       0.00000E+00   -0.317690E-15    0.657700E+02    0.000000E+00
                                       0.25059E-05   -0.122158E-17    0.000000E+00    0.536954E+02
      350.000  11.8656   0.10000E+14  -0.21326E-24    0.590956E+02   -0.318930E-15   -0.248194E-17
                                       0.00000E+00   -0.318930E-15    0.590956E+02    0.000000E+00
                                       0.26486E-05    0.193902E-19    0.000000E+00    0.462179E+02
      375.000  11.9032   0.10000E+14   0.18095E-24    0.533336E+02   -0.320170E-15   -0.161016E-15
                                       0.00000E+00   -0.320170E-15    0.533336E+02    0.000000E+00
                                       0.27332E-05   -0.160124E-15    0.000000E+00    0.401733E+02
      400.000  11.9410   0.10000E+14   0.40067E-24    0.483753E+02   -0.161325E-15   -0.315203E-15
                                       0.00000E+00   -0.320167E-15    0.483753E+02    0.000000E+00
                                       0.27703E-05    0.116340E-18    0.000000E+00    0.352540E+02
      425.000  11.9791   0.99999E+13  -0.51699E-25    0.441051E+02   -0.161327E-15   -0.159156E-15
                                       0.00000E+00   -0.317691E-15    0.441051E+02    0.000000E+00
                                       0.27700E-05    0.239509E-15    0.000000E+00    0.312200E+02
      450.000  12.0174   0.10000E+14   0.00000E+00    0.404147E+02   -0.320171E-15    0.992778E-17
                                       0.00000E+00   -0.161326E-15    0.404147E+02    0.000000E+00
                                       0.27410E-05    0.116341E-17    0.000000E+00    0.278849E+02
      475.000  12.0559   0.10000E+14  -0.53379E-22    0.372106E+02   -0.320170E-15   -0.173426E-15
                                       0.00000E+00   -0.320170E-15    0.372106E+02    0.000000E+00
                                       0.26908E-05   -0.698045E-18    0.000000E+00    0.251048E+02
      500.000  12.0946   0.99999E+13  -0.46529E-24    0.344136E+02   -0.243232E-15    0.222446E-15
                                       0.00000E+00   -0.322655E-15    0.344136E+02    0.000000E+00
                                       0.26252E-05    0.155123E-17    0.000000E+00    0.227683E+02

                                                      0.841014E-05    Max error
     Iteration number:        40

     =============================================================================================
       Temp     Fermi   Hole density  Population SR            Drift Hole mobility 
        [K]      [eV]     [cm^-3]      [h per cell]                    [cm^2/Vs]
     =============================================================================================

      200.000  11.6464   0.10000E+14  -0.50487E-28    0.107986E+03   -0.775606E-19    0.000000E+00
                                       0.00000E+00   -0.775606E-19    0.107986E+03    0.000000E+00
                                       0.89406E-06   -0.775795E-19    0.000000E+00    0.128827E+03
      225.000  11.6821   0.10000E+14   0.00000E+00    0.100424E+03   -0.155122E-18    0.121189E-20
                                       0.00000E+00    0.155122E-18    0.100424E+03    0.000000E+00
                                       0.12975E-05    0.155425E-18    0.000000E+00    0.106925E+03
      250.000  11.7181   0.10000E+14   0.51699E-25    0.912615E+02   -0.310243E-18   -0.683020E-17
                                       0.00000E+00   -0.310243E-18    0.912615E+02    0.000000E+00
                                       0.16955E-05   -0.242378E-20    0.000000E+00    0.890326E+02
      275.000  11.7545   0.99999E+13  -0.40390E-26    0.820161E+02   -0.636002E-15   -0.969515E-20
                                       0.00000E+00   -0.636002E-15    0.820161E+02    0.000000E+00
                                       0.20512E-05   -0.622914E-18    0.000000E+00    0.745879E+02
      300.000  11.7913   0.99999E+13   0.16156E-26    0.734245E+02   -0.124098E-17    0.990841E-17
                                       0.00000E+00   -0.318931E-15    0.734245E+02    0.000000E+00
                                       0.23420E-05    0.601097E-18    0.000000E+00    0.629937E+02
      325.000  11.8283   0.10000E+14  -0.32312E-26    0.657700E+02   -0.124097E-17    0.149305E-16
                                       0.00000E+00   -0.317690E-15    0.657700E+02    0.000000E+00
                                       0.25609E-05   -0.122158E-17    0.000000E+00    0.536954E+02
      350.000  11.8656   0.10000E+14  -0.21326E-24    0.590956E+02   -0.124097E-17   -0.248194E-17
                                       0.00000E+00   -0.318930E-15    0.590956E+02    0.000000E+00
                                       0.27116E-05   -0.124097E-17    0.000000E+00    0.462179E+02
      375.000  11.9032   0.10000E+14   0.21972E-24    0.533336E+02   -0.320170E-15    0.171409E-15
                                       0.00000E+00   -0.637859E-15    0.533336E+02    0.000000E+00
                                       0.28025E-05    0.124097E-17    0.000000E+00    0.401733E+02
      400.000  11.9410   0.10000E+14   0.25849E-25    0.483753E+02   -0.161325E-15    0.279216E-17
                                       0.00000E+00   -0.161325E-15    0.483753E+02    0.000000E+00
                                       0.28441E-05    0.127974E-17    0.000000E+00    0.352540E+02
      425.000  11.9791   0.99999E+13   0.51699E-25    0.441051E+02   -0.161327E-15   -0.961760E-17
                                       0.00000E+00   -0.479018E-15    0.441051E+02    0.000000E+00
                                       0.28467E-05    0.108586E-17    0.000000E+00    0.312200E+02
      450.000  12.0174   0.10000E+14   0.51699E-25    0.404147E+02   -0.161326E-15   -0.102380E-16
                                       0.00000E+00   -0.161326E-15    0.404147E+02    0.000000E+00
                                       0.28194E-05    0.387804E-18    0.000000E+00    0.278849E+02
      475.000  12.0559   0.10000E+14  -0.53327E-22    0.372106E+02   -0.320170E-15    0.158534E-15
                                       0.00000E+00   -0.320170E-15    0.372106E+02    0.000000E+00
                                       0.27697E-05    0.124097E-17    0.000000E+00    0.251048E+02
      500.000  12.0946   0.99999E+13  -0.41359E-24    0.344136E+02   -0.243232E-15    0.136508E-16
                                       0.00000E+00   -0.322655E-15    0.344136E+02    0.000000E+00
                                       0.27038E-05    0.186147E-17    0.000000E+00    0.227683E+02

                                                      0.811579E-05    Max error
     Iteration number:        41

     =============================================================================================
       Temp     Fermi   Hole density  Population SR            Drift Hole mobility 
        [K]      [eV]     [cm^-3]      [h per cell]                    [cm^2/Vs]
     =============================================================================================

      200.000  11.6464   0.10000E+14   0.50487E-28    0.107986E+03   -0.775606E-19   -0.124006E-17
                                       0.00000E+00   -0.775606E-19    0.107986E+03    0.000000E+00
                                       0.90230E-06    0.775795E-19    0.000000E+00    0.128827E+03
      225.000  11.6821   0.10000E+14  -0.26051E-25    0.100424E+03   -0.155122E-18   -0.309032E-18
                                       0.00000E+00   -0.155122E-18    0.100424E+03    0.000000E+00
                                       0.13127E-05    0.156031E-18    0.000000E+00    0.106925E+03
      250.000  11.7181   0.10000E+14   0.51699E-25    0.912615E+02   -0.310243E-18    0.433856E-17
                                       0.00000E+00   -0.310243E-18    0.912615E+02    0.000000E+00
                                       0.17197E-05   -0.312061E-18    0.000000E+00    0.890326E+02
      275.000  11.7545   0.99999E+13   0.00000E+00    0.820161E+02   -0.636002E-15    0.493483E-17
                                       0.00000E+00   -0.620490E-18    0.820161E+02    0.000000E+00
                                       0.20857E-05    0.630185E-18    0.000000E+00    0.745879E+02
      300.000  11.7913   0.99999E+13   0.00000E+00    0.734245E+02   -0.124098E-17    0.990841E-17
                                       0.00000E+00   -0.318931E-15    0.734245E+02    0.000000E+00
                                       0.23870E-05    0.605945E-18    0.000000E+00    0.629937E+02
      325.000  11.8283   0.10000E+14   0.64623E-26    0.657700E+02   -0.318931E-15   -0.327540E-15
                                       0.00000E+00   -0.318931E-15    0.657700E+02    0.000000E+00
                                       0.26155E-05   -0.318940E-15    0.000000E+00    0.536954E+02
      350.000  11.8656   0.10000E+14   0.20033E-24    0.590956E+02   -0.318930E-15   -0.248194E-17
                                       0.00000E+00   -0.318930E-15    0.590956E+02    0.000000E+00
                                       0.27743E-05    0.114402E-17    0.000000E+00    0.462179E+02
      375.000  11.9032   0.10000E+14   0.20680E-24    0.533336E+02   -0.320170E-15   -0.120219E-16
                                       0.00000E+00   -0.320170E-15    0.533336E+02    0.000000E+00
                                       0.28717E-05    0.160008E-15    0.000000E+00    0.401733E+02
      400.000  11.9410   0.10000E+14   0.42652E-24    0.483753E+02   -0.161325E-15    0.232680E-17
                                       0.00000E+00   -0.161325E-15    0.483753E+02    0.000000E+00
                                       0.29180E-05   -0.160006E-15    0.000000E+00    0.352541E+02
      425.000  11.9791   0.99999E+13  -0.10340E-24    0.441051E+02   -0.320173E-15   -0.155123E-18
                                       0.00000E+00   -0.317691E-15    0.441051E+02    0.000000E+00
                                       0.29238E-05   -0.778715E-16    0.000000E+00    0.312200E+02
      450.000  12.0174   0.10000E+14  -0.41359E-24    0.404147E+02   -0.161326E-15    0.496389E-17
                                       0.00000E+00   -0.320171E-15    0.404147E+02    0.000000E+00
                                       0.28982E-05    0.232682E-18    0.000000E+00    0.278849E+02
      475.000  12.0559   0.10000E+14  -0.53327E-22    0.372106E+02   -0.320170E-15   -0.310242E-18
                                       0.00000E+00   -0.161326E-15    0.372106E+02    0.000000E+00
                                       0.28491E-05    0.124097E-17    0.000000E+00    0.251048E+02
      500.000  12.0946   0.99999E+13   0.36189E-24    0.344136E+02   -0.243232E-15   -0.154192E-15
                                       0.00000E+00   -0.322655E-15    0.344136E+02    0.000000E+00
                                       0.27829E-05    0.201659E-17    0.000000E+00    0.227683E+02

                                                      0.783539E-05    Max error
     Iteration number:        42

     =============================================================================================
       Temp     Fermi   Hole density  Population SR            Drift Hole mobility 
        [K]      [eV]     [cm^-3]      [h per cell]                    [cm^2/Vs]
     =============================================================================================

      200.000  11.6464   0.10000E+14   0.50487E-28    0.107986E+03   -0.775606E-19    0.124127E-17
                                       0.00000E+00   -0.775606E-19    0.107986E+03    0.000000E+00
                                       0.91018E-06    0.774470E-19    0.000000E+00    0.128827E+03
      225.000  11.6821   0.10000E+14   0.25445E-25    0.100424E+03   -0.155122E-18    0.310244E-18
                                       0.00000E+00   -0.155122E-18    0.100424E+03    0.000000E+00
                                       0.13273E-05    0.000000E+00    0.000000E+00    0.106925E+03
      250.000  11.7181   0.10000E+14   0.51699E-25    0.912615E+02   -0.310243E-18    0.615639E-18
                                       0.00000E+00   -0.310243E-18    0.912615E+02    0.000000E+00
                                       0.17433E-05   -0.307214E-18    0.000000E+00    0.890325E+02
      275.000  11.7545   0.99999E+13  -0.16156E-26    0.820161E+02   -0.636002E-15   -0.493483E-17
                                       0.00000E+00   -0.636002E-15    0.820161E+02    0.000000E+00
                                       0.21196E-05    0.622914E-18    0.000000E+00    0.745879E+02
      300.000  11.7913   0.99999E+13  -0.10178E-24    0.734245E+02   -0.318931E-15   -0.376171E-17
                                       0.00000E+00   -0.318931E-15    0.734245E+02    0.000000E+00
                                       0.24314E-05    0.318334E-15    0.000000E+00    0.629937E+02
      325.000  11.8283   0.10000E+14   0.32312E-26    0.657700E+02   -0.318931E-15    0.484756E-17
                                       0.00000E+00   -0.317690E-15    0.657700E+02    0.000000E+00
                                       0.26696E-05   -0.124097E-17    0.000000E+00    0.536954E+02
      350.000  11.8656   0.10000E+14  -0.19387E-24    0.590956E+02   -0.318930E-15   -0.255950E-17
                                       0.00000E+00   -0.318930E-15    0.590956E+02    0.000000E+00
                                       0.28367E-05   -0.114402E-17    0.000000E+00    0.462179E+02
      375.000  11.9032   0.10000E+14   0.21972E-24    0.533336E+02   -0.248194E-17   -0.146590E-15
                                       0.00000E+00   -0.320170E-15    0.533336E+02    0.000000E+00
                                       0.29407E-05    0.158767E-15    0.000000E+00    0.401733E+02
      400.000  11.9410   0.10000E+14   0.12925E-25    0.483753E+02   -0.161325E-15   -0.156361E-15
                                       0.00000E+00   -0.161325E-15    0.483753E+02    0.000000E+00
                                       0.29920E-05   -0.157408E-15    0.000000E+00    0.352541E+02
      425.000  11.9791   0.99999E+13   0.51699E-25    0.441051E+02   -0.161327E-15   -0.158535E-15
                                       0.00000E+00   -0.476536E-15    0.441051E+02    0.000000E+00
                                       0.30011E-05   -0.100830E-17    0.000000E+00    0.312201E+02
      450.000  12.0174   0.10000E+14   0.00000E+00    0.404147E+02   -0.320171E-15   -0.158844E-15
                                       0.00000E+00   -0.320171E-15    0.404147E+02    0.000000E+00
                                       0.29774E-05    0.162878E-17    0.000000E+00    0.278850E+02
      475.000  12.0559   0.10000E+14  -0.53276E-22    0.372106E+02   -0.320170E-15   -0.163188E-15
                                       0.00000E+00   -0.161326E-15    0.372106E+02    0.000000E+00
                                       0.29290E-05   -0.784913E-16    0.000000E+00    0.251049E+02
      500.000  12.0946   0.99999E+13  -0.36189E-24    0.344136E+02   -0.243232E-15    0.152020E-16
                                       0.00000E+00   -0.243232E-15    0.344136E+02    0.000000E+00
                                       0.28626E-05    0.170635E-17    0.000000E+00    0.227683E+02

                                                      0.756251E-05    Max error
     Iteration number:        43

     =============================================================================================
       Temp     Fermi   Hole density  Population SR            Drift Hole mobility 
        [K]      [eV]     [cm^-3]      [h per cell]                    [cm^2/Vs]
     =============================================================================================

      200.000  11.6464   0.10000E+14  -0.50487E-28    0.107986E+03   -0.775606E-19    0.000000E+00
                                       0.00000E+00   -0.775606E-19    0.107986E+03    0.000000E+00
                                       0.91772E-06   -0.776553E-19    0.000000E+00    0.128827E+03
      225.000  11.6821   0.10000E+14  -0.20195E-27    0.100424E+03   -0.155122E-18    0.121189E-20
                                       0.00000E+00    0.155122E-18    0.100424E+03    0.000000E+00
                                       0.13414E-05    0.000000E+00    0.000000E+00    0.106925E+03
      250.000  11.7181   0.10000E+14   0.51699E-25    0.912615E+02   -0.310243E-18   -0.186631E-17
                                       0.00000E+00   -0.310243E-18    0.912615E+02    0.000000E+00
                                       0.17662E-05    0.310243E-18    0.000000E+00    0.890325E+02
      275.000  11.7545   0.99999E+13   0.80779E-27    0.820161E+02   -0.636002E-15    0.000000E+00
                                       0.00000E+00   -0.620490E-18    0.820161E+02    0.000000E+00
                                       0.21528E-05    0.318319E-15    0.000000E+00    0.745879E+02
      300.000  11.7913   0.99999E+13   0.16156E-26    0.734245E+02   -0.124098E-17    0.988902E-17
                                       0.00000E+00   -0.317069E-15    0.734245E+02    0.000000E+00
                                       0.24752E-05   -0.318329E-15    0.000000E+00    0.629937E+02
      325.000  11.8283   0.10000E+14   0.96935E-26    0.657700E+02   -0.318931E-15   -0.988902E-17
                                       0.00000E+00   -0.318931E-15    0.657700E+02    0.000000E+00
                                       0.27233E-05    0.318921E-15    0.000000E+00    0.536954E+02
      350.000  11.8656   0.10000E+14  -0.20680E-24    0.590956E+02   -0.124097E-17   -0.263706E-17
                                       0.00000E+00   -0.318930E-15    0.590956E+02    0.000000E+00
                                       0.28989E-05    0.316428E-15    0.000000E+00    0.462179E+02
      375.000  11.9032   0.10000E+14   0.18095E-24    0.533336E+02   -0.320170E-15   -0.713558E-17
                                       0.00000E+00   -0.320170E-15    0.533336E+02    0.000000E+00
                                       0.30097E-05   -0.160202E-15    0.000000E+00    0.401733E+02
      400.000  11.9410   0.10000E+14   0.25849E-25    0.483753E+02   -0.161325E-15    0.310239E-18
                                       0.00000E+00   -0.320167E-15    0.483753E+02    0.000000E+00
                                       0.30661E-05    0.116340E-17    0.000000E+00    0.352541E+02
      425.000  11.9791   0.99999E+13  -0.51699E-25    0.441051E+02   -0.320173E-15   -0.310245E-18
                                       0.00000E+00   -0.317691E-15    0.441051E+02    0.000000E+00
                                       0.30786E-05   -0.157449E-15    0.000000E+00    0.312201E+02
      450.000  12.0174   0.10000E+14  -0.25849E-25    0.404147E+02   -0.161326E-15    0.158224E-15
                                       0.00000E+00   -0.161326E-15    0.404147E+02    0.000000E+00
                                       0.30570E-05    0.237181E-15    0.000000E+00    0.278850E+02
      475.000  12.0559   0.10000E+14  -0.53379E-22    0.372106E+02   -0.320170E-15    0.527412E-17
                                       0.00000E+00   -0.320170E-15    0.372106E+02    0.000000E+00
                                       0.30095E-05    0.812835E-16    0.000000E+00    0.251049E+02
      500.000  12.0946   0.99999E+13  -0.41359E-24    0.344136E+02   -0.243232E-15    0.162569E-15
                                       0.00000E+00   -0.243232E-15    0.344136E+02    0.000000E+00
                                       0.29429E-05    0.620490E-18    0.000000E+00    0.227683E+02

                                                      0.730181E-05    Max error
     Iteration number:        44

     =============================================================================================
       Temp     Fermi   Hole density  Population SR            Drift Hole mobility 
        [K]      [eV]     [cm^-3]      [h per cell]                    [cm^2/Vs]
     =============================================================================================

      200.000  11.6464   0.10000E+14  -0.50487E-28    0.107986E+03   -0.775606E-19    0.124158E-17
                                       0.00000E+00   -0.775606E-19    0.107986E+03    0.000000E+00
                                       0.92493E-06   -0.775227E-19    0.000000E+00    0.128827E+03
      225.000  11.6821   0.10000E+14   0.00000E+00    0.100424E+03   -0.155122E-18    0.121189E-20
                                       0.00000E+00    0.155122E-18    0.100424E+03    0.000000E+00
                                       0.13550E-05    0.154213E-18    0.000000E+00    0.106925E+03
      250.000  11.7181   0.10000E+14   0.51699E-25    0.912615E+02   -0.310243E-18   -0.625334E-18
                                       0.00000E+00   -0.310243E-18    0.912615E+02    0.000000E+00
                                       0.17886E-05   -0.312667E-18    0.000000E+00    0.890325E+02
      275.000  11.7545   0.99999E+13  -0.40390E-26    0.820161E+02   -0.636002E-15   -0.969515E-20
                                       0.00000E+00   -0.620490E-18    0.820161E+02    0.000000E+00
                                       0.21854E-05   -0.622914E-18    0.000000E+00    0.745879E+02
      300.000  11.7913   0.99999E+13   0.10340E-24    0.734245E+02   -0.318931E-15    0.122158E-17
                                       0.00000E+00   -0.318931E-15    0.734245E+02    0.000000E+00
                                       0.25184E-05    0.596250E-18    0.000000E+00    0.629937E+02
      325.000  11.8283   0.10000E+14   0.12925E-25    0.657700E+02   -0.318931E-15    0.496390E-17
                                       0.00000E+00   -0.317690E-15    0.657700E+02    0.000000E+00
                                       0.27765E-05    0.127976E-17    0.000000E+00    0.536954E+02
      350.000  11.8656   0.10000E+14  -0.21972E-24    0.590956E+02   -0.318930E-15    0.124097E-16
                                       0.00000E+00   -0.318930E-15    0.590956E+02    0.000000E+00
                                       0.29608E-05   -0.122158E-17    0.000000E+00    0.462179E+02
      375.000  11.9032   0.10000E+14   0.16802E-24    0.533336E+02   -0.320170E-15    0.166057E-15
                                       0.00000E+00   -0.637859E-15    0.533336E+02    0.000000E+00
                                       0.30786E-05   -0.127975E-17    0.000000E+00    0.401734E+02
      400.000  11.9410   0.10000E+14  -0.25849E-25    0.483753E+02   -0.161325E-15    0.320167E-15
                                       0.00000E+00   -0.161325E-15    0.483753E+02    0.000000E+00
                                       0.31403E-05    0.124096E-17    0.000000E+00    0.352541E+02
      425.000  11.9791   0.99999E+13   0.51699E-25    0.441051E+02   -0.161327E-15    0.149228E-15
                                       0.00000E+00   -0.320173E-15    0.441051E+02    0.000000E+00
                                       0.31564E-05    0.157372E-15    0.000000E+00    0.312201E+02
      450.000  12.0174   0.10000E+14  -0.25849E-25    0.404147E+02   -0.320171E-15    0.195453E-16
                                       0.00000E+00   -0.161326E-15    0.404147E+02    0.000000E+00
                                       0.31370E-05   -0.155122E-17    0.000000E+00    0.278850E+02
      475.000  12.0559   0.10000E+14  -0.53327E-22    0.372106E+02   -0.320170E-15    0.153570E-15
                                       0.00000E+00   -0.320170E-15    0.372106E+02    0.000000E+00
                                       0.30904E-05   -0.783362E-16    0.000000E+00    0.251049E+02
      500.000  12.0946   0.99999E+13   0.52371E-22    0.344136E+02   -0.243232E-15   -0.465368E-17
                                       0.00000E+00   -0.322655E-15    0.344136E+02    0.000000E+00
                                       0.30237E-05   -0.139610E-17    0.000000E+00    0.227683E+02

                                                      0.704844E-05    Max error
     Iteration number:        45

     =============================================================================================
       Temp     Fermi   Hole density  Population SR            Drift Hole mobility 
        [K]      [eV]     [cm^-3]      [h per cell]                    [cm^2/Vs]
     =============================================================================================

      200.000  11.6464   0.10000E+14   0.50487E-28    0.107986E+03   -0.775606E-19    0.124188E-17
                                       0.00000E+00   -0.775606E-19    0.107986E+03    0.000000E+00
                                       0.93183E-06   -0.776553E-19    0.000000E+00    0.128827E+03
      225.000  11.6821   0.10000E+14  -0.26051E-25    0.100424E+03   -0.155122E-18   -0.309032E-18
                                       0.00000E+00   -0.155122E-18    0.100424E+03    0.000000E+00
                                       0.13681E-05    0.155122E-18    0.000000E+00    0.106925E+03
      250.000  11.7181   0.10000E+14   0.51699E-25    0.912615E+02   -0.310243E-18    0.185661E-17
                                       0.00000E+00   -0.310243E-18    0.912615E+02    0.000000E+00
                                       0.18103E-05    0.311455E-18    0.000000E+00    0.890325E+02
      275.000  11.7545   0.99999E+13   0.48468E-26    0.820161E+02   -0.636002E-15    0.499300E-17
                                       0.00000E+00   -0.620490E-18    0.820161E+02    0.000000E+00
                                       0.22174E-05   -0.625337E-18    0.000000E+00    0.745879E+02
      300.000  11.7913   0.99999E+13   0.10340E-24    0.734245E+02   -0.318931E-15   -0.126037E-17
                                       0.00000E+00   -0.318931E-15    0.734245E+02    0.000000E+00
                                       0.25611E-05   -0.317079E-15    0.000000E+00    0.629937E+02
      325.000  11.8283   0.10000E+14   0.00000E+00    0.657700E+02   -0.318931E-15   -0.488634E-17
                                       0.00000E+00   -0.318931E-15    0.657700E+02    0.000000E+00
                                       0.28293E-05   -0.124097E-17    0.000000E+00    0.536954E+02
      350.000  11.8656   0.10000E+14  -0.21326E-24    0.590956E+02   -0.318930E-15   -0.248194E-17
                                       0.00000E+00   -0.318930E-15    0.590956E+02    0.000000E+00
                                       0.30224E-05   -0.318872E-15    0.000000E+00    0.462179E+02
      375.000  11.9032   0.10000E+14   0.16802E-24    0.533336E+02   -0.320170E-15   -0.767850E-17
                                       0.00000E+00   -0.320170E-15    0.533336E+02    0.000000E+00
                                       0.31474E-05   -0.157564E-15    0.000000E+00    0.401734E+02
      400.000  11.9410   0.10000E+14   0.38774E-25    0.483753E+02   -0.161325E-15    0.310239E-18
                                       0.00000E+00   -0.161325E-15    0.483753E+02    0.000000E+00
                                       0.32145E-05    0.108584E-17    0.000000E+00    0.352542E+02
      425.000  11.9791   0.99999E+13  -0.51699E-25    0.441051E+02   -0.320173E-15   -0.310245E-18
                                       0.00000E+00   -0.476536E-15    0.441051E+02    0.000000E+00
                                       0.32345E-05    0.147366E-17    0.000000E+00    0.312201E+02
      450.000  12.0174   0.10000E+14   0.00000E+00    0.404147E+02   -0.320171E-15    0.102380E-16
                                       0.00000E+00   -0.320171E-15    0.404147E+02    0.000000E+00
                                       0.32173E-05   -0.157448E-15    0.000000E+00    0.278850E+02
      475.000  12.0559   0.10000E+14  -0.53327E-22    0.372106E+02   -0.320170E-15    0.465364E-17
                                       0.00000E+00   -0.320170E-15    0.372106E+02    0.000000E+00
                                       0.31718E-05   -0.781811E-16    0.000000E+00    0.251049E+02
      500.000  12.0946   0.99999E+13  -0.46529E-24    0.344136E+02   -0.243232E-15   -0.527417E-17
                                       0.00000E+00   -0.322655E-15    0.344136E+02    0.000000E+00
                                       0.31052E-05   -0.777164E-16    0.000000E+00    0.227684E+02

                                                      0.680583E-05    Max error
     Iteration number:        46

     =============================================================================================
       Temp     Fermi   Hole density  Population SR            Drift Hole mobility 
        [K]      [eV]     [cm^-3]      [h per cell]                    [cm^2/Vs]
     =============================================================================================

      200.000  11.6464   0.10000E+14   0.50487E-28    0.107986E+03   -0.775606E-19    0.302971E-21
                                       0.00000E+00   -0.775606E-19    0.107986E+03    0.000000E+00
                                       0.93844E-06    0.775795E-19    0.000000E+00    0.128827E+03
      225.000  11.6821   0.10000E+14   0.00000E+00    0.100424E+03   -0.155122E-18    0.121189E-20
                                       0.00000E+00    0.155122E-18    0.100424E+03    0.000000E+00
                                       0.13809E-05    0.154213E-18    0.000000E+00    0.106925E+03
      250.000  11.7181   0.10000E+14   0.51699E-25    0.912615E+02   -0.310243E-18   -0.434825E-17
                                       0.00000E+00   -0.310243E-18    0.912615E+02    0.000000E+00
                                       0.18315E-05    0.310243E-18    0.000000E+00    0.890325E+02
      275.000  11.7545   0.99999E+13   0.16156E-26    0.820161E+02   -0.636002E-15   -0.496392E-17
                                       0.00000E+00   -0.620490E-18    0.820161E+02    0.000000E+00
                                       0.22488E-05   -0.618066E-18    0.000000E+00    0.745879E+02
      300.000  11.7913   0.99999E+13   0.00000E+00    0.734245E+02   -0.124098E-17   -0.193902E-19
                                       0.00000E+00   -0.318931E-15    0.734245E+02    0.000000E+00
                                       0.26032E-05   -0.644725E-18    0.000000E+00    0.629936E+02
      325.000  11.8283   0.10000E+14   0.00000E+00    0.657700E+02   -0.124097E-17    0.775609E-19
                                       0.00000E+00   -0.317690E-15    0.657700E+02    0.000000E+00
                                       0.28816E-05   -0.387805E-19    0.000000E+00    0.536954E+02
      350.000  11.8656   0.10000E+14  -0.21326E-24    0.590956E+02   -0.318930E-15    0.744583E-17
                                       0.00000E+00   -0.318930E-15    0.590956E+02    0.000000E+00
                                       0.30837E-05    0.318910E-15    0.000000E+00    0.462179E+02
      375.000  11.9032   0.10000E+14   0.21972E-24    0.533336E+02   -0.320170E-15    0.158999E-15
                                       0.00000E+00   -0.320170E-15    0.533336E+02    0.000000E+00
                                       0.32161E-05   -0.160008E-15    0.000000E+00    0.401734E+02
      400.000  11.9410   0.10000E+14   0.12925E-25    0.483753E+02   -0.161325E-15   -0.155120E-18
                                       0.00000E+00   -0.161325E-15    0.483753E+02    0.000000E+00
                                       0.32889E-05    0.131852E-17    0.000000E+00    0.352542E+02
      425.000  11.9791   0.99999E+13   0.51699E-25    0.441051E+02   -0.320173E-15    0.310245E-18
                                       0.00000E+00   -0.479018E-15    0.441051E+02    0.000000E+00
                                       0.33128E-05    0.100830E-17    0.000000E+00    0.312202E+02
      450.000  12.0174   0.10000E+14  -0.77548E-25    0.404147E+02   -0.161326E-15    0.169082E-15
                                       0.00000E+00   -0.320171E-15    0.404147E+02    0.000000E+00
                                       0.32981E-05    0.620486E-18    0.000000E+00    0.278851E+02
      475.000  12.0559   0.10000E+14  -0.53327E-22    0.372106E+02   -0.320170E-15   -0.154190E-15
                                       0.00000E+00   -0.161326E-15    0.372106E+02    0.000000E+00
                                       0.32537E-05    0.239662E-15    0.000000E+00    0.251050E+02
      500.000  12.0946   0.99999E+13  -0.31019E-24    0.344136E+02   -0.243232E-15   -0.747691E-16
                                       0.00000E+00   -0.243232E-15    0.344136E+02    0.000000E+00
                                       0.31872E-05   -0.310245E-18    0.000000E+00    0.227684E+02

                                                      0.657030E-05    Max error
     Iteration number:        47

     =============================================================================================
       Temp     Fermi   Hole density  Population SR            Drift Hole mobility 
        [K]      [eV]     [cm^-3]      [h per cell]                    [cm^2/Vs]
     =============================================================================================

      200.000  11.6464   0.10000E+14  -0.50487E-28    0.107986E+03   -0.775606E-19    0.124097E-17
                                       0.00000E+00   -0.775606E-19    0.107986E+03    0.000000E+00
                                       0.94475E-06    0.775227E-19    0.000000E+00    0.128827E+03
      225.000  11.6821   0.10000E+14  -0.26051E-25    0.100424E+03   -0.155122E-18    0.121189E-20
                                       0.00000E+00   -0.155122E-18    0.100424E+03    0.000000E+00
                                       0.13931E-05   -0.908917E-21    0.000000E+00    0.106925E+03
      250.000  11.7181   0.10000E+14   0.51699E-25    0.912615E+02   -0.310243E-18    0.433856E-17
                                       0.00000E+00   -0.310243E-18    0.912615E+02    0.000000E+00
                                       0.18522E-05    0.311455E-18    0.000000E+00    0.890325E+02
      275.000  11.7545   0.99999E+13   0.00000E+00    0.820161E+02   -0.636002E-15   -0.499300E-17
                                       0.00000E+00   -0.636002E-15    0.820161E+02    0.000000E+00
                                       0.22796E-05   -0.625337E-18    0.000000E+00    0.745879E+02
      300.000  11.7913   0.99999E+13   0.10340E-24    0.734245E+02   -0.318931E-15    0.122158E-17
                                       0.00000E+00   -0.318931E-15    0.734245E+02    0.000000E+00
                                       0.26447E-05    0.317694E-15    0.000000E+00    0.629936E+02
      325.000  11.8283   0.10000E+14   0.00000E+00    0.657700E+02   -0.318931E-15    0.317767E-15
                                       0.00000E+00   -0.318931E-15    0.657700E+02    0.000000E+00
                                       0.29335E-05    0.659268E-18    0.000000E+00    0.536954E+02
      350.000  11.8656   0.10000E+14   0.21326E-24    0.590956E+02   -0.124097E-17   -0.248194E-17
                                       0.00000E+00   -0.318930E-15    0.590956E+02    0.000000E+00
                                       0.31448E-05   -0.126036E-17    0.000000E+00    0.462179E+02
      375.000  11.9032   0.10000E+14   0.21972E-24    0.533336E+02   -0.320170E-15    0.166445E-15
                                       0.00000E+00   -0.320170E-15    0.533336E+02    0.000000E+00
                                       0.32848E-05   -0.116341E-17    0.000000E+00    0.401734E+02
      400.000  11.9410   0.10000E+14   0.12925E-25    0.483753E+02   -0.161325E-15    0.317685E-15
                                       0.00000E+00   -0.161325E-15    0.483753E+02    0.000000E+00
                                       0.33633E-05   -0.160161E-15    0.000000E+00    0.352542E+02
      425.000  11.9791   0.99999E+13  -0.51699E-25    0.441051E+02   -0.161327E-15   -0.318001E-15
                                       0.00000E+00   -0.476536E-15    0.441051E+02    0.000000E+00
                                       0.33914E-05   -0.131854E-17    0.000000E+00    0.312202E+02
      450.000  12.0174   0.10000E+14   0.25849E-25    0.404147E+02   -0.320171E-15    0.178390E-15
                                       0.00000E+00   -0.161326E-15    0.404147E+02    0.000000E+00
                                       0.33793E-05   -0.139609E-17    0.000000E+00    0.278851E+02
      475.000  12.0559   0.10000E+14  -0.53327E-22    0.372106E+02   -0.320170E-15    0.145814E-16
                                       0.00000E+00   -0.320170E-15    0.372106E+02    0.000000E+00
                                       0.33362E-05   -0.775606E-18    0.000000E+00    0.251050E+02
      500.000  12.0946   0.99999E+13  -0.56869E-24    0.344136E+02   -0.243232E-15    0.152020E-16
                                       0.00000E+00   -0.322655E-15    0.344136E+02    0.000000E+00
                                       0.32699E-05    0.797330E-16    0.000000E+00    0.227684E+02

                                                      0.634438E-05    Max error
     Iteration number:        48

     =============================================================================================
       Temp     Fermi   Hole density  Population SR            Drift Hole mobility 
        [K]      [eV]     [cm^-3]      [h per cell]                    [cm^2/Vs]
     =============================================================================================

      200.000  11.6464   0.10000E+14  -0.50487E-28    0.107986E+03   -0.775606E-19    0.124158E-17
                                       0.00000E+00   -0.775606E-19    0.107986E+03    0.000000E+00
                                       0.95079E-06   -0.775985E-19    0.000000E+00    0.128827E+03
      225.000  11.6821   0.10000E+14   0.20195E-27    0.100424E+03   -0.155122E-18    0.121189E-20
                                       0.00000E+00    0.155122E-18    0.100424E+03    0.000000E+00
                                       0.14050E-05    0.155122E-18    0.000000E+00    0.106925E+03
      250.000  11.7181   0.10000E+14   0.51699E-25    0.912615E+02   -0.310243E-18   -0.558923E-17
                                       0.00000E+00   -0.310243E-18    0.912615E+02    0.000000E+00
                                       0.18723E-05    0.309031E-18    0.000000E+00    0.890325E+02
      275.000  11.7545   0.99999E+13   0.24234E-26    0.820161E+02   -0.636002E-15    0.193903E-19
                                       0.00000E+00   -0.620490E-18    0.820161E+02    0.000000E+00
                                       0.23098E-05   -0.620490E-18    0.000000E+00    0.745879E+02
      300.000  11.7913   0.99999E+13   0.10017E-24    0.734245E+02   -0.318931E-15    0.870622E-17
                                       0.00000E+00   -0.124098E-17    0.734245E+02    0.000000E+00
                                       0.26857E-05   -0.610792E-18    0.000000E+00    0.629936E+02
      325.000  11.8283   0.10000E+14  -0.12925E-25    0.657700E+02   -0.318931E-15    0.996658E-17
                                       0.00000E+00   -0.318931E-15    0.657700E+02    0.000000E+00
                                       0.29850E-05   -0.317670E-15    0.000000E+00    0.536954E+02
      350.000  11.8656   0.10000E+14  -0.20033E-24    0.590956E+02   -0.318930E-15   -0.255950E-17
                                       0.00000E+00   -0.318930E-15    0.590956E+02    0.000000E+00
                                       0.32056E-05   -0.120219E-17    0.000000E+00    0.462179E+02
      375.000  11.9032   0.10000E+14   0.20680E-24    0.533336E+02   -0.320170E-15   -0.698046E-17
                                       0.00000E+00   -0.320170E-15    0.533336E+02    0.000000E+00
                                       0.33533E-05    0.112463E-17    0.000000E+00    0.401734E+02
      400.000  11.9410   0.10000E+14   0.25849E-25    0.483753E+02   -0.161325E-15   -0.158998E-15
                                       0.00000E+00   -0.320167E-15    0.483753E+02    0.000000E+00
                                       0.34378E-05    0.116340E-17    0.000000E+00    0.352542E+02
      425.000  11.9791   0.99999E+13   0.51699E-25    0.441051E+02   -0.161327E-15    0.102381E-16
                                       0.00000E+00   -0.320173E-15    0.441051E+02    0.000000E+00
                                       0.34702E-05   -0.775613E-19    0.000000E+00    0.312202E+02
      450.000  12.0174   0.10000E+14  -0.25849E-25    0.404147E+02   -0.320171E-15    0.961753E-17
                                       0.00000E+00   -0.161326E-15    0.404147E+02    0.000000E+00
                                       0.34608E-05    0.000000E+00    0.000000E+00    0.278851E+02
      475.000  12.0559   0.10000E+14  -0.53327E-22    0.372106E+02   -0.320170E-15    0.153570E-15
                                       0.00000E+00   -0.320170E-15    0.372106E+02    0.000000E+00
                                       0.34192E-05    0.155121E-18    0.000000E+00    0.251050E+02
      500.000  12.0946   0.99999E+13  -0.46529E-24    0.344136E+02   -0.243232E-15   -0.753896E-16
                                       0.00000E+00   -0.243232E-15    0.344136E+02    0.000000E+00
                                       0.33531E-05    0.310245E-18    0.000000E+00    0.227684E+02

                                                      0.612526E-05    Max error
     Iteration number:        49

     =============================================================================================
       Temp     Fermi   Hole density  Population SR            Drift Hole mobility 
        [K]      [eV]     [cm^-3]      [h per cell]                    [cm^2/Vs]
     =============================================================================================

      200.000  11.6464   0.10000E+14   0.50487E-28    0.107986E+03   -0.775606E-19    0.908913E-21
                                       0.00000E+00   -0.775606E-19    0.107986E+03    0.000000E+00
                                       0.95657E-06   -0.775985E-19    0.000000E+00    0.128827E+03
      225.000  11.6821   0.10000E+14  -0.26051E-25    0.100424E+03   -0.155122E-18    0.311456E-18
                                       0.00000E+00   -0.155122E-18    0.100424E+03    0.000000E+00
                                       0.14164E-05   -0.151486E-20    0.000000E+00    0.106925E+03
      250.000  11.7181   0.10000E+14   0.51699E-25    0.912615E+02   -0.310243E-18    0.806148E-17
                                       0.00000E+00   -0.310243E-18    0.912615E+02    0.000000E+00
                                       0.18919E-05    0.000000E+00    0.000000E+00    0.890325E+02
      275.000  11.7545   0.99999E+13  -0.24234E-26    0.820161E+02   -0.636002E-15    0.193903E-19
                                       0.00000E+00   -0.620490E-18    0.820161E+02    0.000000E+00
                                       0.23394E-05    0.622914E-18    0.000000E+00    0.745878E+02
      300.000  11.7913   0.99999E+13   0.32312E-26    0.734245E+02   -0.318931E-15    0.000000E+00
                                       0.00000E+00   -0.318931E-15    0.734245E+02    0.000000E+00
                                       0.27262E-05    0.193902E-19    0.000000E+00    0.629936E+02
      325.000  11.8283   0.10000E+14   0.96935E-26    0.657700E+02   -0.318931E-15   -0.148529E-16
                                       0.00000E+00   -0.317690E-15    0.657700E+02    0.000000E+00
                                       0.30360E-05   -0.387805E-19    0.000000E+00    0.536954E+02
      350.000  11.8656   0.10000E+14  -0.20033E-24    0.590956E+02   -0.318930E-15   -0.124873E-16
                                       0.00000E+00   -0.318930E-15    0.590956E+02    0.000000E+00
                                       0.32661E-05   -0.318813E-15    0.000000E+00    0.462179E+02
      375.000  11.9032   0.10000E+14   0.18095E-24    0.533336E+02   -0.320170E-15   -0.156052E-15
                                       0.00000E+00   -0.320170E-15    0.533336E+02    0.000000E+00
                                       0.34217E-05   -0.151243E-17    0.000000E+00    0.401734E+02
      400.000  11.9410   0.10000E+14   0.25849E-25    0.483753E+02   -0.161325E-15    0.310239E-18
                                       0.00000E+00   -0.320167E-15    0.483753E+02    0.000000E+00
                                       0.35125E-05   -0.157602E-15    0.000000E+00    0.352542E+02
      425.000  11.9791   0.99999E+13  -0.51699E-25    0.441051E+02   -0.320173E-15    0.158535E-15
                                       0.00000E+00   -0.317691E-15    0.441051E+02    0.000000E+00
                                       0.35493E-05   -0.139610E-17    0.000000E+00    0.312202E+02
      450.000  12.0174   0.10000E+14   0.00000E+00    0.404147E+02   -0.161326E-15   -0.168462E-15
                                       0.00000E+00   -0.320171E-15    0.404147E+02    0.000000E+00
                                       0.35428E-05   -0.158844E-15    0.000000E+00    0.278851E+02
      475.000  12.0559   0.10000E+14  -0.53276E-22    0.372106E+02   -0.320170E-15    0.558436E-17
                                       0.00000E+00   -0.161326E-15    0.372106E+02    0.000000E+00
                                       0.35026E-05   -0.620485E-18    0.000000E+00    0.251050E+02
      500.000  12.0946   0.99999E+13  -0.36189E-24    0.344136E+02   -0.243232E-15    0.174048E-15
                                       0.00000E+00   -0.243232E-15    0.344136E+02    0.000000E+00
                                       0.34370E-05    0.930736E-18    0.000000E+00    0.227684E+02

                                                      0.591478E-05    Max error
     Iteration number:        50

     =============================================================================================
       Temp     Fermi   Hole density  Population SR            Drift Hole mobility 
        [K]      [eV]     [cm^-3]      [h per cell]                    [cm^2/Vs]
     =============================================================================================

      200.000  11.6464   0.10000E+14   0.50487E-28    0.107986E+03   -0.775606E-19    0.124127E-17
                                       0.00000E+00   -0.775606E-19    0.107986E+03    0.000000E+00
                                       0.96210E-06    0.775606E-19    0.000000E+00    0.128827E+03
      225.000  11.6821   0.10000E+14   0.20195E-27    0.100424E+03   -0.155122E-18    0.121189E-20
                                       0.00000E+00    0.155122E-18    0.100424E+03    0.000000E+00
                                       0.14275E-05    0.156940E-18    0.000000E+00    0.106925E+03
      250.000  11.7181   0.10000E+14   0.51699E-25    0.912615E+02   -0.310243E-18   -0.434825E-17
                                       0.00000E+00   -0.310243E-18    0.912615E+02    0.000000E+00
                                       0.19109E-05    0.310243E-18    0.000000E+00    0.890325E+02
      275.000  11.7545   0.99999E+13   0.48468E-26    0.820161E+02   -0.636002E-15    0.499300E-17
                                       0.00000E+00   -0.620490E-18    0.820161E+02    0.000000E+00
                                       0.23685E-05   -0.618066E-18    0.000000E+00    0.745878E+02
      300.000  11.7913   0.99999E+13   0.10340E-24    0.734245E+02   -0.318931E-15   -0.994719E-17
                                       0.00000E+00   -0.318931E-15    0.734245E+02    0.000000E+00
                                       0.27662E-05    0.610792E-18    0.000000E+00    0.629936E+02
      325.000  11.8283   0.10000E+14   0.96935E-26    0.657700E+02   -0.318931E-15    0.996658E-17
                                       0.00000E+00   -0.317690E-15    0.657700E+02    0.000000E+00
                                       0.30866E-05    0.317069E-15    0.000000E+00    0.536954E+02
      350.000  11.8656   0.10000E+14  -0.21972E-24    0.590956E+02   -0.318930E-15    0.248194E-17
                                       0.00000E+00   -0.318930E-15    0.590956E+02    0.000000E+00
                                       0.33264E-05   -0.112463E-17    0.000000E+00    0.462180E+02
      375.000  11.9032   0.10000E+14   0.18095E-24    0.533336E+02   -0.320170E-15   -0.120995E-16
                                       0.00000E+00   -0.320170E-15    0.533336E+02    0.000000E+00
                                       0.34901E-05    0.120219E-17    0.000000E+00    0.401735E+02
      400.000  11.9410   0.10000E+14   0.12925E-25    0.483753E+02   -0.161325E-15   -0.317685E-15
                                       0.00000E+00   -0.161325E-15    0.483753E+02    0.000000E+00
                                       0.35872E-05    0.116340E-17    0.000000E+00    0.352543E+02
      425.000  11.9791   0.99999E+13   0.51699E-25    0.441051E+02   -0.161327E-15    0.310245E-18
                                       0.00000E+00   -0.479018E-15    0.441051E+02    0.000000E+00
                                       0.36286E-05   -0.310245E-18    0.000000E+00    0.312203E+02
      450.000  12.0174   0.10000E+14  -0.43944E-24    0.404147E+02   -0.320171E-15   -0.961753E-17
                                       0.00000E+00   -0.161326E-15    0.404147E+02    0.000000E+00
                                       0.36252E-05    0.158689E-15    0.000000E+00    0.278852E+02
      475.000  12.0559   0.10000E+14  -0.53379E-22    0.372106E+02   -0.320170E-15    0.527412E-17
                                       0.00000E+00   -0.161326E-15    0.372106E+02    0.000000E+00
                                       0.35866E-05   -0.160085E-15    0.000000E+00    0.251050E+02
      500.000  12.0946   0.99999E+13  -0.41359E-24    0.344136E+02   -0.243232E-15    0.136508E-16
                                       0.00000E+00   -0.243232E-15    0.344136E+02    0.000000E+00
                                       0.35214E-05   -0.310245E-18    0.000000E+00    0.227684E+02

                                                      0.571079E-05    Max error
     Iteration number:        51

     =============================================================================================
       Temp     Fermi   Hole density  Population SR            Drift Hole mobility 
        [K]      [eV]     [cm^-3]      [h per cell]                    [cm^2/Vs]
     =============================================================================================

      200.000  11.6464   0.10000E+14  -0.50487E-28    0.107986E+03   -0.775606E-19    0.124097E-17
                                       0.00000E+00   -0.775606E-19    0.107986E+03    0.000000E+00
                                       0.96739E-06   -0.775227E-19    0.000000E+00    0.128827E+03
      225.000  11.6821   0.10000E+14  -0.26051E-25    0.100424E+03   -0.155122E-18   -0.309032E-18
                                       0.00000E+00   -0.155122E-18    0.100424E+03    0.000000E+00
                                       0.14381E-05   -0.151486E-20    0.000000E+00    0.106925E+03
      250.000  11.7181   0.10000E+14   0.51699E-25    0.912615E+02   -0.310243E-18   -0.310728E-17
                                       0.00000E+00   -0.310243E-18    0.912615E+02    0.000000E+00
                                       0.19295E-05   -0.310243E-18    0.000000E+00    0.890325E+02
      275.000  11.7545   0.99999E+13  -0.16156E-26    0.820161E+02   -0.636002E-15   -0.497361E-17
                                       0.00000E+00   -0.620490E-18    0.820161E+02    0.000000E+00
                                       0.23970E-05    0.317075E-15    0.000000E+00    0.745878E+02
      300.000  11.7913   0.99999E+13   0.10017E-24    0.734245E+02   -0.318931E-15    0.870622E-17
                                       0.00000E+00   -0.318931E-15    0.734245E+02    0.000000E+00
                                       0.28056E-05   -0.639878E-18    0.000000E+00    0.629936E+02
      325.000  11.8283   0.10000E+14   0.00000E+00    0.657700E+02   -0.318931E-15    0.307839E-15
                                       0.00000E+00   -0.317690E-15    0.657700E+02    0.000000E+00
                                       0.31368E-05   -0.193902E-19    0.000000E+00    0.536954E+02
      350.000  11.8656   0.10000E+14  -0.20680E-24    0.590956E+02   -0.318930E-15   -0.736827E-17
                                       0.00000E+00   -0.318930E-15    0.590956E+02    0.000000E+00
                                       0.33864E-05    0.120219E-17    0.000000E+00    0.462180E+02
      375.000  11.9032   0.10000E+14   0.23264E-24    0.533336E+02   -0.320170E-15    0.126424E-16
                                       0.00000E+00   -0.320170E-15    0.533336E+02    0.000000E+00
                                       0.35584E-05    0.160008E-15    0.000000E+00    0.401735E+02
      400.000  11.9410   0.10000E+14   0.25849E-25    0.483753E+02   -0.161325E-15   -0.155120E-18
                                       0.00000E+00   -0.161325E-15    0.483753E+02    0.000000E+00
                                       0.36620E-05    0.108584E-17    0.000000E+00    0.352543E+02
      425.000  11.9791   0.99999E+13  -0.51699E-25    0.441051E+02   -0.320173E-15   -0.310245E-18
                                       0.00000E+00   -0.317691E-15    0.441051E+02    0.000000E+00
                                       0.37082E-05   -0.620490E-18    0.000000E+00    0.312203E+02
      450.000  12.0174   0.10000E+14  -0.25849E-25    0.404147E+02   -0.161326E-15   -0.159465E-15
                                       0.00000E+00   -0.161326E-15    0.404147E+02    0.000000E+00
                                       0.37079E-05    0.000000E+00    0.000000E+00    0.278852E+02
      475.000  12.0559   0.10000E+14  -0.53327E-22    0.372106E+02   -0.320170E-15    0.172495E-15
                                       0.00000E+00   -0.320170E-15    0.372106E+02    0.000000E+00
                                       0.36712E-05   -0.620485E-18    0.000000E+00    0.251051E+02
      500.000  12.0946   0.99999E+13  -0.46529E-24    0.344136E+02   -0.243232E-15   -0.144885E-15
                                       0.00000E+00   -0.243232E-15    0.344136E+02    0.000000E+00
                                       0.36065E-05   -0.310245E-18    0.000000E+00    0.227685E+02

                                                      0.551464E-05    Max error
     Iteration number:        52

     =============================================================================================
       Temp     Fermi   Hole density  Population SR            Drift Hole mobility 
        [K]      [eV]     [cm^-3]      [h per cell]                    [cm^2/Vs]
     =============================================================================================

      200.000  11.6464   0.10000E+14  -0.50487E-28    0.107986E+03   -0.775606E-19    0.000000E+00
                                       0.00000E+00   -0.775606E-19    0.107986E+03    0.000000E+00
                                       0.97245E-06   -0.113614E-21    0.000000E+00    0.128827E+03
      225.000  11.6821   0.10000E+14   0.20195E-27    0.100424E+03   -0.155122E-18    0.121189E-20
                                       0.00000E+00    0.155122E-18    0.100424E+03    0.000000E+00
                                       0.14484E-05   -0.154819E-18    0.000000E+00    0.106925E+03
      250.000  11.7181   0.10000E+14   0.51699E-25    0.912615E+02   -0.310243E-18   -0.484755E-20
                                       0.00000E+00   -0.310243E-18    0.912615E+02    0.000000E+00
                                       0.19476E-05    0.311455E-18    0.000000E+00    0.890325E+02
      275.000  11.7545   0.99999E+13  -0.40390E-26    0.820161E+02   -0.636002E-15   -0.969515E-20
                                       0.00000E+00   -0.636002E-15    0.820161E+02    0.000000E+00
                                       0.24249E-05   -0.613219E-18    0.000000E+00    0.745878E+02
      300.000  11.7913   0.99999E+13   0.32312E-26    0.734245E+02   -0.124098E-17   -0.992780E-17
                                       0.00000E+00   -0.318931E-15    0.734245E+02    0.000000E+00
                                       0.28445E-05    0.318329E-15    0.000000E+00    0.629936E+02
      325.000  11.8283   0.10000E+14   0.12925E-25    0.657700E+02   -0.124097E-17    0.149693E-16
                                       0.00000E+00   -0.317690E-15    0.657700E+02    0.000000E+00
                                       0.31866E-05    0.581707E-18    0.000000E+00    0.536954E+02
      350.000  11.8656   0.10000E+14   0.21326E-24    0.590956E+02   -0.124097E-17    0.248194E-17
                                       0.00000E+00   -0.318930E-15    0.590956E+02    0.000000E+00
                                       0.34461E-05    0.116341E-17    0.000000E+00    0.462180E+02
      375.000  11.9032   0.10000E+14   0.18095E-24    0.533336E+02   -0.248194E-17   -0.120995E-16
                                       0.00000E+00   -0.320170E-15    0.533336E+02    0.000000E+00
                                       0.36265E-05    0.131853E-17    0.000000E+00    0.401735E+02
      400.000  11.9410   0.10000E+14   0.25849E-25    0.483753E+02   -0.161325E-15    0.159153E-15
                                       0.00000E+00   -0.320167E-15    0.483753E+02    0.000000E+00
                                       0.37369E-05    0.158998E-15    0.000000E+00    0.352543E+02
      425.000  11.9791   0.99999E+13   0.51699E-25    0.441051E+02   -0.320173E-15    0.310245E-18
                                       0.00000E+00   -0.479018E-15    0.441051E+02    0.000000E+00
                                       0.37881E-05    0.158690E-15    0.000000E+00    0.312203E+02
      450.000  12.0174   0.10000E+14  -0.25849E-25    0.404147E+02   -0.161326E-15   -0.310243E-18
                                       0.00000E+00   -0.161326E-15    0.404147E+02    0.000000E+00
                                       0.37911E-05   -0.108585E-17    0.000000E+00    0.278852E+02
      475.000  12.0559   0.10000E+14  -0.53276E-22    0.372106E+02   -0.320170E-15    0.558436E-17
                                       0.00000E+00   -0.161326E-15    0.372106E+02    0.000000E+00
                                       0.37562E-05   -0.159465E-15    0.000000E+00    0.251051E+02
      500.000  12.0946   0.99999E+13  -0.46529E-24    0.344136E+02   -0.243232E-15    0.103312E-15
                                       0.00000E+00   -0.322655E-15    0.344136E+02    0.000000E+00
                                       0.36922E-05    0.155123E-17    0.000000E+00    0.227685E+02

                                                      0.532467E-05    Max error
     Iteration number:        53

     =============================================================================================
       Temp     Fermi   Hole density  Population SR            Drift Hole mobility 
        [K]      [eV]     [cm^-3]      [h per cell]                    [cm^2/Vs]
     =============================================================================================

      200.000  11.6464   0.10000E+14   0.50487E-28    0.107986E+03   -0.775606E-19    0.124188E-17
                                       0.00000E+00   -0.775606E-19    0.107986E+03    0.000000E+00
                                       0.97729E-06    0.775227E-19    0.000000E+00    0.128827E+03
      225.000  11.6821   0.10000E+14  -0.26051E-25    0.100424E+03   -0.155122E-18    0.311456E-18
                                       0.00000E+00   -0.155122E-18    0.100424E+03    0.000000E+00
                                       0.14584E-05    0.000000E+00    0.000000E+00    0.106925E+03
      250.000  11.7181   0.10000E+14   0.51699E-25    0.912615E+02   -0.310243E-18    0.615639E-18
                                       0.00000E+00   -0.310243E-18    0.912615E+02    0.000000E+00
                                       0.19652E-05    0.309031E-18    0.000000E+00    0.890325E+02
      275.000  11.7545   0.99999E+13   0.24234E-26    0.820161E+02   -0.636002E-15    0.193903E-19
                                       0.00000E+00   -0.620490E-18    0.820161E+02    0.000000E+00
                                       0.24524E-05   -0.625337E-18    0.000000E+00    0.745878E+02
      300.000  11.7913   0.99999E+13   0.10340E-24    0.734245E+02   -0.318931E-15   -0.111882E-16
                                       0.00000E+00   -0.318931E-15    0.734245E+02    0.000000E+00
                                       0.28829E-05   -0.630183E-18    0.000000E+00    0.629936E+02
      325.000  11.8283   0.10000E+14   0.64623E-26    0.657700E+02   -0.318931E-15    0.307839E-15
                                       0.00000E+00   -0.318931E-15    0.657700E+02    0.000000E+00
                                       0.32359E-05    0.000000E+00    0.000000E+00    0.536954E+02
      350.000  11.8656   0.10000E+14  -0.18741E-24    0.590956E+02   -0.318930E-15    0.240438E-17
                                       0.00000E+00   -0.318930E-15    0.590956E+02    0.000000E+00
                                       0.35055E-05   -0.698046E-18    0.000000E+00    0.462180E+02
      375.000  11.9032   0.10000E+14   0.21972E-24    0.533336E+02   -0.320170E-15    0.122546E-16
                                       0.00000E+00   -0.320170E-15    0.533336E+02    0.000000E+00
                                       0.36946E-05   -0.775606E-19    0.000000E+00    0.401735E+02
      400.000  11.9410   0.10000E+14   0.12925E-25    0.483753E+02   -0.161325E-15   -0.317685E-15
                                       0.00000E+00   -0.161325E-15    0.483753E+02    0.000000E+00
                                       0.38119E-05    0.387799E-18    0.000000E+00    0.352543E+02
      425.000  11.9791   0.99999E+13  -0.51699E-25    0.441051E+02   -0.161327E-15   -0.159156E-15
                                       0.00000E+00   -0.476536E-15    0.441051E+02    0.000000E+00
                                       0.38682E-05   -0.310245E-18    0.000000E+00    0.312203E+02
      450.000  12.0174   0.10000E+14   0.00000E+00    0.404147E+02   -0.320171E-15   -0.158844E-15
                                       0.00000E+00   -0.320171E-15    0.404147E+02    0.000000E+00
                                       0.38747E-05   -0.155122E-18    0.000000E+00    0.278852E+02
      475.000  12.0559   0.10000E+14  -0.53379E-22    0.372106E+02   -0.320170E-15    0.102380E-16
                                       0.00000E+00   -0.161326E-15    0.372106E+02    0.000000E+00
                                       0.38418E-05    0.000000E+00    0.000000E+00    0.251051E+02
      500.000  12.0946   0.99999E+13  -0.56869E-24    0.344136E+02   -0.243232E-15   -0.465368E-17
                                       0.00000E+00   -0.243232E-15    0.344136E+02    0.000000E+00
                                       0.37786E-05    0.155123E-17    0.000000E+00    0.227685E+02

                                                      0.514182E-05    Max error
     Iteration number:        54

     =============================================================================================
       Temp     Fermi   Hole density  Population SR            Drift Hole mobility 
        [K]      [eV]     [cm^-3]      [h per cell]                    [cm^2/Vs]
     =============================================================================================

      200.000  11.6464   0.10000E+14   0.50487E-28    0.107986E+03   -0.775606E-19    0.124127E-17
                                       0.00000E+00   -0.775606E-19    0.107986E+03    0.000000E+00
                                       0.98191E-06    0.775606E-19    0.000000E+00    0.128827E+03
      225.000  11.6821   0.10000E+14   0.20195E-27    0.100424E+03   -0.155122E-18    0.121189E-20
                                       0.00000E+00    0.155122E-18    0.100424E+03    0.000000E+00
                                       0.14680E-05    0.155122E-18    0.000000E+00    0.106925E+03
      250.000  11.7181   0.10000E+14   0.51699E-25    0.912615E+02   -0.310243E-18    0.433856E-17
                                       0.00000E+00   -0.310243E-18    0.912615E+02    0.000000E+00
                                       0.19824E-05    0.307820E-18    0.000000E+00    0.890324E+02
      275.000  11.7545   0.99999E+13  -0.16156E-26    0.820161E+02   -0.636002E-15    0.290855E-19
                                       0.00000E+00   -0.620490E-18    0.820161E+02    0.000000E+00
                                       0.24793E-05   -0.632609E-18    0.000000E+00    0.745878E+02
      300.000  11.7913   0.99999E+13   0.10017E-24    0.734245E+02   -0.318931E-15    0.126037E-17
                                       0.00000E+00   -0.124098E-17    0.734245E+02    0.000000E+00
                                       0.29207E-05    0.317089E-15    0.000000E+00    0.629936E+02
      325.000  11.8283   0.10000E+14   0.96935E-26    0.657700E+02   -0.318931E-15   -0.492512E-17
                                       0.00000E+00   -0.317690E-15    0.657700E+02    0.000000E+00
                                       0.32849E-05   -0.639878E-18    0.000000E+00    0.536954E+02
      350.000  11.8656   0.10000E+14  -0.20680E-24    0.590956E+02   -0.318930E-15   -0.263706E-17
                                       0.00000E+00   -0.318930E-15    0.590956E+02    0.000000E+00
                                       0.35647E-05    0.116341E-18    0.000000E+00    0.462180E+02
      375.000  11.9032   0.10000E+14   0.18095E-24    0.533336E+02   -0.320170E-15    0.146745E-15
                                       0.00000E+00   -0.320170E-15    0.533336E+02    0.000000E+00
                                       0.37626E-05   -0.155121E-18    0.000000E+00    0.401735E+02
      400.000  11.9410   0.10000E+14   0.25849E-25    0.483753E+02   -0.161325E-15   -0.155120E-18
                                       0.00000E+00   -0.320167E-15    0.483753E+02    0.000000E+00
                                       0.38869E-05   -0.775599E-18    0.000000E+00    0.352544E+02
      425.000  11.9791   0.99999E+13   0.51699E-25    0.441051E+02   -0.320173E-15    0.102381E-16
                                       0.00000E+00   -0.479018E-15    0.441051E+02    0.000000E+00
                                       0.39486E-05    0.158070E-15    0.000000E+00    0.312204E+02
      450.000  12.0174   0.10000E+14  -0.43944E-24    0.404147E+02   -0.161326E-15    0.527413E-17
                                       0.00000E+00   -0.161326E-15    0.404147E+02    0.000000E+00
                                       0.39587E-05   -0.310243E-18    0.000000E+00    0.278853E+02
      475.000  12.0559   0.10000E+14  -0.53327E-22    0.372106E+02   -0.320170E-15    0.145814E-16
                                       0.00000E+00   -0.320170E-15    0.372106E+02    0.000000E+00
                                       0.39279E-05   -0.930727E-18    0.000000E+00    0.251051E+02
      500.000  12.0946   0.99999E+13   0.36189E-24    0.344136E+02   -0.243232E-15   -0.104553E-15
                                       0.00000E+00   -0.322655E-15    0.344136E+02    0.000000E+00
                                       0.38655E-05   -0.310245E-18    0.000000E+00    0.227685E+02

                                                      0.496484E-05    Max error
     Iteration number:        55

     =============================================================================================
       Temp     Fermi   Hole density  Population SR            Drift Hole mobility 
        [K]      [eV]     [cm^-3]      [h per cell]                    [cm^2/Vs]
     =============================================================================================

      200.000  11.6464   0.10000E+14  -0.50487E-28    0.107986E+03   -0.775606E-19    0.000000E+00
                                       0.00000E+00   -0.775606E-19    0.107986E+03    0.000000E+00
                                       0.98634E-06    0.775985E-19    0.000000E+00    0.128827E+03
      225.000  11.6821   0.10000E+14  -0.26051E-25    0.100424E+03   -0.155122E-18   -0.309032E-18
                                       0.00000E+00   -0.155122E-18    0.100424E+03    0.000000E+00
                                       0.14772E-05    0.156031E-18    0.000000E+00    0.106925E+03
      250.000  11.7181   0.10000E+14   0.51699E-25    0.912615E+02   -0.310243E-18   -0.558923E-17
                                       0.00000E+00   -0.310243E-18    0.912615E+02    0.000000E+00
                                       0.19991E-05   -0.310243E-18    0.000000E+00    0.890324E+02
      275.000  11.7545   0.99999E+13   0.48468E-26    0.820161E+02   -0.636002E-15    0.499300E-17
                                       0.00000E+00   -0.620490E-18    0.820161E+02    0.000000E+00
                                       0.25057E-05    0.317681E-15    0.000000E+00    0.745878E+02
      300.000  11.7913   0.99999E+13   0.32312E-26    0.734245E+02   -0.124098E-17   -0.992780E-17
                                       0.00000E+00   -0.318931E-15    0.734245E+02    0.000000E+00
                                       0.29581E-05    0.610792E-18    0.000000E+00    0.629936E+02
      325.000  11.8283   0.10000E+14  -0.19387E-24    0.657700E+02   -0.318931E-15    0.775609E-19
                                       0.00000E+00   -0.320172E-15    0.657700E+02    0.000000E+00
                                       0.33334E-05   -0.387805E-19    0.000000E+00    0.536954E+02
      350.000  11.8656   0.10000E+14  -0.21972E-24    0.590956E+02   -0.318930E-15   -0.124097E-16
                                       0.00000E+00   -0.318930E-15    0.590956E+02    0.000000E+00
                                       0.36236E-05   -0.775607E-19    0.000000E+00    0.462180E+02
      375.000  11.9032   0.10000E+14   0.21972E-24    0.533336E+02   -0.320170E-15    0.729070E-17
                                       0.00000E+00   -0.320170E-15    0.533336E+02    0.000000E+00
                                       0.38305E-05   -0.775606E-19    0.000000E+00    0.401735E+02
      400.000  11.9410   0.10000E+14  -0.25849E-25    0.483753E+02   -0.161325E-15    0.000000E+00
                                       0.00000E+00   -0.161325E-15    0.483753E+02    0.000000E+00
                                       0.39621E-05   -0.159230E-15    0.000000E+00    0.352544E+02
      425.000  11.9791   0.99999E+13  -0.51699E-25    0.441051E+02   -0.161327E-15   -0.310245E-18
                                       0.00000E+00   -0.317691E-15    0.441051E+02    0.000000E+00
                                       0.40292E-05   -0.159466E-15    0.000000E+00    0.312204E+02
      450.000  12.0174   0.10000E+14   0.00000E+00    0.404147E+02   -0.320171E-15    0.000000E+00
                                       0.00000E+00   -0.161326E-15    0.404147E+02    0.000000E+00
                                       0.40431E-05   -0.620486E-18    0.000000E+00    0.278853E+02
      475.000  12.0559   0.10000E+14  -0.53327E-22    0.372106E+02   -0.320170E-15    0.163498E-15
                                       0.00000E+00   -0.320170E-15    0.372106E+02    0.000000E+00
                                       0.40146E-05    0.158224E-15    0.000000E+00    0.251052E+02
      500.000  12.0946   0.99999E+13   0.36189E-24    0.344136E+02   -0.243232E-15   -0.158225E-16
                                       0.00000E+00   -0.243232E-15    0.344136E+02    0.000000E+00
                                       0.39531E-05    0.930736E-18    0.000000E+00    0.227685E+02

                                                      0.479438E-05    Max error
     Iteration number:        56

     =============================================================================================
       Temp     Fermi   Hole density  Population SR            Drift Hole mobility 
        [K]      [eV]     [cm^-3]      [h per cell]                    [cm^2/Vs]
     =============================================================================================

      200.000  11.6464   0.10000E+14  -0.50487E-28    0.107986E+03   -0.775606E-19    0.124097E-17
                                       0.00000E+00   -0.775606E-19    0.107986E+03    0.000000E+00
                                       0.99058E-06    0.777121E-19    0.000000E+00    0.128827E+03
      225.000  11.6821   0.10000E+14   0.20195E-27    0.100424E+03   -0.155122E-18    0.121189E-20
                                       0.00000E+00    0.155122E-18    0.100424E+03    0.000000E+00
                                       0.14862E-05    0.155122E-18    0.000000E+00    0.106925E+03
      250.000  11.7181   0.10000E+14   0.51699E-25    0.912615E+02   -0.310243E-18    0.557953E-17
                                       0.00000E+00   -0.310243E-18    0.912615E+02    0.000000E+00
                                       0.20154E-05   -0.311455E-18    0.000000E+00    0.890324E+02
      275.000  11.7545   0.99999E+13   0.16156E-26    0.820161E+02   -0.636002E-15   -0.496392E-17
                                       0.00000E+00   -0.620490E-18    0.820161E+02    0.000000E+00
                                       0.25316E-05   -0.620490E-18    0.000000E+00    0.745878E+02
      300.000  11.7913   0.99999E+13   0.10340E-24    0.734245E+02   -0.318931E-15    0.990841E-17
                                       0.00000E+00   -0.318931E-15    0.734245E+02    0.000000E+00
                                       0.29950E-05   -0.317690E-15    0.000000E+00    0.629936E+02
      325.000  11.8283   0.10000E+14  -0.32312E-26    0.657700E+02   -0.124097E-17    0.492512E-17
                                       0.00000E+00   -0.317690E-15    0.657700E+02    0.000000E+00
                                       0.33815E-05   -0.318310E-15    0.000000E+00    0.536954E+02
      350.000  11.8656   0.10000E+14  -0.21326E-24    0.590956E+02   -0.318930E-15    0.320171E-15
                                       0.00000E+00   -0.318930E-15    0.590956E+02    0.000000E+00
                                       0.36823E-05   -0.581705E-18    0.000000E+00    0.462180E+02
      375.000  11.9032   0.10000E+14   0.18095E-24    0.533336E+02   -0.320170E-15   -0.156052E-15
                                       0.00000E+00   -0.320170E-15    0.533336E+02    0.000000E+00
                                       0.38983E-05    0.698046E-18    0.000000E+00    0.401736E+02
      400.000  11.9410   0.10000E+14   0.12925E-25    0.483753E+02   -0.161325E-15   -0.317685E-15
                                       0.00000E+00   -0.161325E-15    0.483753E+02    0.000000E+00
                                       0.40374E-05    0.232680E-18    0.000000E+00    0.352544E+02
      425.000  11.9791   0.99999E+13   0.51699E-25    0.441051E+02   -0.320173E-15   -0.456371E-15
                                       0.00000E+00   -0.479018E-15    0.441051E+02    0.000000E+00
                                       0.41101E-05   -0.108586E-17    0.000000E+00    0.312204E+02
      450.000  12.0174   0.10000E+14  -0.25849E-25    0.404147E+02   -0.320171E-15   -0.310243E-18
                                       0.00000E+00   -0.161326E-15    0.404147E+02    0.000000E+00
                                       0.41280E-05    0.465365E-18    0.000000E+00    0.278853E+02
      475.000  12.0559   0.10000E+14  -0.53327E-22    0.372106E+02   -0.320170E-15   -0.310242E-18
                                       0.00000E+00   -0.320170E-15    0.372106E+02    0.000000E+00
                                       0.41018E-05   -0.310242E-18    0.000000E+00    0.251052E+02
      500.000  12.0946   0.99999E+13  -0.56869E-24    0.344136E+02   -0.243232E-15   -0.961760E-17
                                       0.00000E+00   -0.322655E-15    0.344136E+02    0.000000E+00
                                       0.40413E-05    0.157605E-15    0.000000E+00    0.227686E+02

                                                      0.462945E-05    Max error
     Iteration number:        57

     =============================================================================================
       Temp     Fermi   Hole density  Population SR            Drift Hole mobility 
        [K]      [eV]     [cm^-3]      [h per cell]                    [cm^2/Vs]
     =============================================================================================

      200.000  11.6464   0.10000E+14   0.50487E-28    0.107986E+03   -0.775606E-19    0.908913E-21
                                       0.00000E+00   -0.775606E-19    0.107986E+03    0.000000E+00
                                       0.99463E-06    0.774470E-19    0.000000E+00    0.128827E+03
      225.000  11.6821   0.10000E+14  -0.26051E-25    0.100424E+03   -0.155122E-18   -0.309032E-18
                                       0.00000E+00   -0.155122E-18    0.100424E+03    0.000000E+00
                                       0.14949E-05   -0.153607E-18    0.000000E+00    0.106925E+03
      250.000  11.7181   0.10000E+14   0.51699E-25    0.912615E+02   -0.310243E-18   -0.496874E-17
                                       0.00000E+00   -0.310243E-18    0.912615E+02    0.000000E+00
                                       0.20312E-05   -0.484755E-20    0.000000E+00    0.890324E+02
      275.000  11.7545   0.99999E+13   0.16156E-26    0.820161E+02   -0.636002E-15   -0.387806E-19
                                       0.00000E+00   -0.636002E-15    0.820161E+02    0.000000E+00
                                       0.25570E-05    0.000000E+00    0.000000E+00    0.745878E+02
      300.000  11.7913   0.99999E+13   0.10017E-24    0.734245E+02   -0.318931E-15    0.870622E-17
                                       0.00000E+00   -0.318931E-15    0.734245E+02    0.000000E+00
                                       0.30314E-05   -0.610792E-18    0.000000E+00    0.629936E+02
      325.000  11.8283   0.10000E+14  -0.21326E-24    0.657700E+02   -0.318931E-15    0.148917E-16
                                       0.00000E+00   -0.320172E-15    0.657700E+02    0.000000E+00
                                       0.34293E-05    0.639878E-18    0.000000E+00    0.536954E+02
      350.000  11.8656   0.10000E+14  -0.21972E-24    0.590956E+02   -0.318930E-15   -0.124097E-16
                                       0.00000E+00   -0.318930E-15    0.590956E+02    0.000000E+00
                                       0.37407E-05    0.000000E+00    0.000000E+00    0.462180E+02
      375.000  11.9032   0.10000E+14   0.16802E-24    0.533336E+02   -0.320170E-15   -0.271462E-17
                                       0.00000E+00   -0.320170E-15    0.533336E+02    0.000000E+00
                                       0.39661E-05    0.620485E-18    0.000000E+00    0.401736E+02
      400.000  11.9410   0.10000E+14   0.25849E-25    0.483753E+02   -0.161325E-15   -0.155120E-18
                                       0.00000E+00   -0.320167E-15    0.483753E+02    0.000000E+00
                                       0.41127E-05   -0.930718E-18    0.000000E+00    0.352544E+02
      425.000  11.9791   0.99999E+13  -0.51699E-25    0.441051E+02   -0.161327E-15   -0.310245E-18
                                       0.00000E+00   -0.317691E-15    0.441051E+02    0.000000E+00
                                       0.41913E-05    0.155123E-18    0.000000E+00    0.312204E+02
      450.000  12.0174   0.10000E+14   0.00000E+00    0.404147E+02   -0.161326E-15    0.000000E+00
                                       0.00000E+00   -0.320171E-15    0.404147E+02    0.000000E+00
                                       0.42132E-05   -0.157759E-15    0.000000E+00    0.278853E+02
      475.000  12.0559   0.10000E+14  -0.53327E-22    0.372106E+02   -0.320170E-15    0.465364E-17
                                       0.00000E+00   -0.161326E-15    0.372106E+02    0.000000E+00
                                       0.41895E-05    0.930727E-18    0.000000E+00    0.251052E+02
      500.000  12.0946   0.99999E+13   0.46529E-24    0.344136E+02   -0.243232E-15   -0.682540E-17
                                       0.00000E+00   -0.322655E-15    0.344136E+02    0.000000E+00
                                       0.41302E-05   -0.124098E-17    0.000000E+00    0.227686E+02

                                                      0.447052E-05    Max error
     Iteration number:        58

     =============================================================================================
       Temp     Fermi   Hole density  Population SR            Drift Hole mobility 
        [K]      [eV]     [cm^-3]      [h per cell]                    [cm^2/Vs]
     =============================================================================================

      200.000  11.6464   0.10000E+14   0.50487E-28    0.107986E+03   -0.775606E-19    0.302971E-21
                                       0.00000E+00   -0.775606E-19    0.107986E+03    0.000000E+00
                                       0.99851E-06    0.775606E-19    0.000000E+00    0.128827E+03
      225.000  11.6821   0.10000E+14   0.20195E-27    0.100424E+03   -0.155122E-18    0.121189E-20
                                       0.00000E+00    0.155122E-18    0.100424E+03    0.000000E+00
                                       0.15032E-05   -0.155425E-18    0.000000E+00    0.106925E+03
      250.000  11.7181   0.10000E+14   0.51699E-25    0.912615E+02   -0.310243E-18    0.433856E-17
                                       0.00000E+00   -0.310243E-18    0.912615E+02    0.000000E+00
                                       0.20466E-05    0.307820E-18    0.000000E+00    0.890324E+02
      275.000  11.7545   0.99999E+13  -0.32312E-26    0.820161E+02   -0.636002E-15    0.000000E+00
                                       0.00000E+00   -0.620490E-18    0.820161E+02    0.000000E+00
                                       0.25819E-05    0.625337E-18    0.000000E+00    0.745878E+02
      300.000  11.7913   0.99999E+13   0.32312E-26    0.734245E+02   -0.318931E-15    0.000000E+00
                                       0.00000E+00   -0.318931E-15    0.734245E+02    0.000000E+00
                                       0.30674E-05   -0.290854E-19    0.000000E+00    0.629936E+02
      325.000  11.8283   0.10000E+14  -0.32312E-26    0.657700E+02   -0.318931E-15   -0.996658E-17
                                       0.00000E+00   -0.317690E-15    0.657700E+02    0.000000E+00
                                       0.34766E-05    0.620487E-18    0.000000E+00    0.536954E+02
      350.000  11.8656   0.10000E+14   0.21972E-24    0.590956E+02   -0.318930E-15    0.248194E-17
                                       0.00000E+00   -0.318930E-15    0.590956E+02    0.000000E+00
                                       0.37988E-05    0.316952E-15    0.000000E+00    0.462180E+02
      375.000  11.9032   0.10000E+14   0.18095E-24    0.533336E+02   -0.320170E-15    0.279218E-17
                                       0.00000E+00   -0.320170E-15    0.533336E+02    0.000000E+00
                                       0.40337E-05    0.232682E-18    0.000000E+00    0.401736E+02
      400.000  11.9410   0.10000E+14   0.25849E-25    0.483753E+02   -0.161325E-15    0.310239E-18
                                       0.00000E+00   -0.320167E-15    0.483753E+02    0.000000E+00
                                       0.41882E-05   -0.775599E-18    0.000000E+00    0.352545E+02
      425.000  11.9791   0.99999E+13   0.51699E-25    0.441051E+02   -0.161327E-15    0.149228E-15
                                       0.00000E+00   -0.320173E-15    0.441051E+02    0.000000E+00
                                       0.42727E-05   -0.310245E-18    0.000000E+00    0.312205E+02
      450.000  12.0174   0.10000E+14  -0.43944E-24    0.404147E+02   -0.320171E-15   -0.465365E-17
                                       0.00000E+00   -0.161326E-15    0.404147E+02    0.000000E+00
                                       0.42989E-05    0.310243E-18    0.000000E+00    0.278854E+02
      475.000  12.0559   0.10000E+14  -0.53276E-22    0.372106E+02   -0.320170E-15   -0.153260E-15
                                       0.00000E+00   -0.320170E-15    0.372106E+02    0.000000E+00
                                       0.42778E-05   -0.310242E-18    0.000000E+00    0.251052E+02
      500.000  12.0946   0.99999E+13  -0.46529E-24    0.344136E+02   -0.243232E-15   -0.589466E-17
                                       0.00000E+00   -0.243232E-15    0.344136E+02    0.000000E+00
                                       0.42197E-05    0.158225E-15    0.000000E+00    0.227686E+02

                                                      0.431681E-05    Max error
     Iteration number:        59

     =============================================================================================
       Temp     Fermi   Hole density  Population SR            Drift Hole mobility 
        [K]      [eV]     [cm^-3]      [h per cell]                    [cm^2/Vs]
     =============================================================================================

      200.000  11.6464   0.10000E+14  -0.50487E-28    0.107986E+03   -0.775606E-19    0.124097E-17
                                       0.00000E+00   -0.775606E-19    0.107986E+03    0.000000E+00
                                       0.10022E-05    0.776742E-19    0.000000E+00    0.128827E+03
      225.000  11.6821   0.10000E+14  -0.26051E-25    0.100424E+03   -0.155122E-18    0.311456E-18
                                       0.00000E+00   -0.155122E-18    0.100424E+03    0.000000E+00
                                       0.15113E-05    0.605945E-21    0.000000E+00    0.106925E+03
      250.000  11.7181   0.10000E+14   0.51699E-25    0.912615E+02   -0.310243E-18   -0.434825E-17
                                       0.00000E+00   -0.310243E-18    0.912615E+02    0.000000E+00
                                       0.20617E-05    0.313879E-18    0.000000E+00    0.890324E+02
      275.000  11.7545   0.99999E+13  -0.24234E-26    0.820161E+02   -0.636002E-15   -0.494453E-17
                                       0.00000E+00   -0.620490E-18    0.820161E+02    0.000000E+00
                                       0.26064E-05   -0.625337E-18    0.000000E+00    0.745878E+02
      300.000  11.7913   0.99999E+13   0.10340E-24    0.734245E+02   -0.318931E-15   -0.374232E-17
                                       0.00000E+00   -0.318931E-15    0.734245E+02    0.000000E+00
                                       0.31028E-05   -0.659268E-18    0.000000E+00    0.629936E+02
      325.000  11.8283   0.10000E+14  -0.20680E-24    0.657700E+02   -0.318931E-15    0.149693E-16
                                       0.00000E+00   -0.320172E-15    0.657700E+02    0.000000E+00
                                       0.35235E-05    0.581707E-18    0.000000E+00    0.536954E+02
      350.000  11.8656   0.10000E+14  -0.21326E-24    0.590956E+02   -0.318930E-15   -0.736827E-17
                                       0.00000E+00   -0.318930E-15    0.590956E+02    0.000000E+00
                                       0.38567E-05    0.775607E-19    0.000000E+00    0.462180E+02
      375.000  11.9032   0.10000E+14   0.21972E-24    0.533336E+02   -0.320170E-15    0.729070E-17
                                       0.00000E+00   -0.637859E-15    0.533336E+02    0.000000E+00
                                       0.41013E-05   -0.310243E-18    0.000000E+00    0.401736E+02
      400.000  11.9410   0.10000E+14   0.12925E-25    0.483753E+02   -0.161325E-15    0.158843E-15
                                       0.00000E+00   -0.161325E-15    0.483753E+02    0.000000E+00
                                       0.42637E-05   -0.159308E-15    0.000000E+00    0.352545E+02
      425.000  11.9791   0.99999E+13  -0.51699E-25    0.441051E+02   -0.320173E-15   -0.310245E-18
                                       0.00000E+00   -0.476536E-15    0.441051E+02    0.000000E+00
                                       0.43545E-05    0.155123E-18    0.000000E+00    0.312205E+02
      450.000  12.0174   0.10000E+14   0.00000E+00    0.404147E+02   -0.320171E-15   -0.148917E-15
                                       0.00000E+00   -0.161326E-15    0.404147E+02    0.000000E+00
                                       0.43850E-05   -0.310243E-18    0.000000E+00    0.278854E+02
      475.000  12.0559   0.10000E+14  -0.53379E-22    0.372106E+02   -0.320170E-15    0.310242E-18
                                       0.00000E+00   -0.161326E-15    0.372106E+02    0.000000E+00
                                       0.43667E-05    0.000000E+00    0.000000E+00    0.251053E+02
      500.000  12.0946   0.99999E+13  -0.56869E-24    0.344136E+02   -0.243232E-15   -0.840765E-16
                                       0.00000E+00   -0.322655E-15    0.344136E+02    0.000000E+00
                                       0.43099E-05    0.310245E-18    0.000000E+00    0.227686E+02

                                                      0.416861E-05    Max error
     Iteration number:        60

     =============================================================================================
       Temp     Fermi   Hole density  Population SR            Drift Hole mobility 
        [K]      [eV]     [cm^-3]      [h per cell]                    [cm^2/Vs]
     =============================================================================================

      200.000  11.6464   0.10000E+14  -0.50487E-28    0.107986E+03   -0.775606E-19    0.124097E-17
                                       0.00000E+00   -0.775606E-19    0.107986E+03    0.000000E+00
                                       0.10058E-05    0.774848E-19    0.000000E+00    0.128827E+03
      225.000  11.6821   0.10000E+14   0.20195E-27    0.100424E+03   -0.155122E-18    0.121189E-20
                                       0.00000E+00    0.155122E-18    0.100424E+03    0.000000E+00
                                       0.15191E-05    0.181783E-20    0.000000E+00    0.106925E+03
      250.000  11.7181   0.10000E+14   0.51699E-25    0.912615E+02   -0.310243E-18   -0.186631E-17
                                       0.00000E+00   -0.310243E-18    0.912615E+02    0.000000E+00
                                       0.20763E-05   -0.313879E-18    0.000000E+00    0.890324E+02
      275.000  11.7545   0.99999E+13   0.48468E-26    0.820161E+02   -0.636002E-15    0.499300E-17
                                       0.00000E+00   -0.620490E-18    0.820161E+02    0.000000E+00
                                       0.26304E-05    0.484758E-20    0.000000E+00    0.745878E+02
      300.000  11.7913   0.99999E+13   0.10017E-24    0.734245E+02   -0.318931E-15    0.870622E-17
                                       0.00000E+00   -0.318931E-15    0.734245E+02    0.000000E+00
                                       0.31378E-05   -0.581707E-18    0.000000E+00    0.629936E+02
      325.000  11.8283   0.10000E+14   0.12925E-25    0.657700E+02   -0.318931E-15   -0.985024E-17
                                       0.00000E+00   -0.317690E-15    0.657700E+02    0.000000E+00
                                       0.35701E-05    0.601097E-18    0.000000E+00    0.536954E+02
      350.000  11.8656   0.10000E+14  -0.21326E-24    0.590956E+02   -0.318930E-15    0.744583E-17
                                       0.00000E+00   -0.318930E-15    0.590956E+02    0.000000E+00
                                       0.39143E-05    0.542925E-18    0.000000E+00    0.462180E+02
      375.000  11.9032   0.10000E+14   0.20680E-24    0.533336E+02   -0.320170E-15    0.127975E-16
                                       0.00000E+00   -0.320170E-15    0.533336E+02    0.000000E+00
                                       0.41687E-05   -0.542925E-18    0.000000E+00    0.401736E+02
      400.000  11.9410   0.10000E+14   0.25849E-25    0.483753E+02   -0.161325E-15   -0.155120E-18
                                       0.00000E+00   -0.161325E-15    0.483753E+02    0.000000E+00
                                       0.43394E-05    0.310239E-18    0.000000E+00    0.352545E+02
      425.000  11.9791   0.99999E+13   0.51699E-25    0.441051E+02   -0.161327E-15    0.310245E-18
                                       0.00000E+00   -0.479018E-15    0.441051E+02    0.000000E+00
                                       0.44364E-05   -0.158690E-15    0.000000E+00    0.312205E+02
      450.000  12.0174   0.10000E+14  -0.25849E-25    0.404147E+02   -0.161326E-15   -0.310243E-18
                                       0.00000E+00   -0.161326E-15    0.404147E+02    0.000000E+00
                                       0.44715E-05    0.930729E-18    0.000000E+00    0.278854E+02
      475.000  12.0559   0.10000E+14  -0.53276E-22    0.372106E+02   -0.320170E-15   -0.434339E-17
                                       0.00000E+00   -0.161326E-15    0.372106E+02    0.000000E+00
                                       0.44561E-05    0.000000E+00    0.000000E+00    0.251053E+02
      500.000  12.0946   0.99999E+13   0.46529E-24    0.344136E+02   -0.243232E-15    0.130303E-16
                                       0.00000E+00   -0.322655E-15    0.344136E+02    0.000000E+00
                                       0.44008E-05   -0.157915E-15    0.000000E+00    0.227686E+02

                                                      0.402533E-05    Max error
     Iteration number:        61

     =============================================================================================
       Temp     Fermi   Hole density  Population SR            Drift Hole mobility 
        [K]      [eV]     [cm^-3]      [h per cell]                    [cm^2/Vs]
     =============================================================================================

      200.000  11.6464   0.10000E+14   0.50487E-28    0.107986E+03   -0.775606E-19    0.908913E-21
                                       0.00000E+00   -0.775606E-19    0.107986E+03    0.000000E+00
                                       0.10092E-05    0.378714E-22    0.000000E+00    0.128827E+03
      225.000  11.6821   0.10000E+14  -0.26051E-25    0.100424E+03   -0.155122E-18   -0.309032E-18
                                       0.00000E+00   -0.155122E-18    0.100424E+03    0.000000E+00
                                       0.15266E-05   -0.605945E-21    0.000000E+00    0.106925E+03
      250.000  11.7181   0.10000E+14   0.51699E-25    0.912615E+02   -0.310243E-18   -0.625334E-18
                                       0.00000E+00   -0.310243E-18    0.912615E+02    0.000000E+00
                                       0.20906E-05    0.311455E-18    0.000000E+00    0.890324E+02
      275.000  11.7545   0.99999E+13  -0.24234E-26    0.820161E+02   -0.636002E-15   -0.497361E-17
                                       0.00000E+00   -0.620490E-18    0.820161E+02    0.000000E+00
                                       0.26539E-05   -0.625337E-18    0.000000E+00    0.745878E+02
      300.000  11.7913   0.99999E+13   0.32312E-26    0.734245E+02   -0.124098E-17   -0.992780E-17
                                       0.00000E+00   -0.318931E-15    0.734245E+02    0.000000E+00
                                       0.31724E-05    0.581707E-18    0.000000E+00    0.629936E+02
      325.000  11.8283   0.10000E+14   0.32312E-26    0.657700E+02   -0.318931E-15    0.488634E-17
                                       0.00000E+00   -0.317690E-15    0.657700E+02    0.000000E+00
                                       0.36162E-05    0.562317E-18    0.000000E+00    0.536954E+02
      350.000  11.8656   0.10000E+14  -0.20680E-24    0.590956E+02   -0.124097E-17   -0.985021E-17
                                       0.00000E+00   -0.318930E-15    0.590956E+02    0.000000E+00
                                       0.39717E-05   -0.317495E-15    0.000000E+00    0.462180E+02
      375.000  11.9032   0.10000E+14   0.18095E-24    0.533336E+02   -0.248194E-17   -0.713558E-17
                                       0.00000E+00   -0.320170E-15    0.533336E+02    0.000000E+00
                                       0.42361E-05    0.157913E-15    0.000000E+00    0.401736E+02
      400.000  11.9410   0.10000E+14   0.25849E-25    0.483753E+02   -0.161325E-15    0.310239E-18
                                       0.00000E+00   -0.161325E-15    0.483753E+02    0.000000E+00
                                       0.44151E-05    0.310239E-18    0.000000E+00    0.352545E+02
      425.000  11.9791   0.99999E+13  -0.51699E-25    0.441051E+02   -0.320173E-15   -0.318001E-15
                                       0.00000E+00   -0.476536E-15    0.441051E+02    0.000000E+00
                                       0.45187E-05    0.620490E-18    0.000000E+00    0.312205E+02
      450.000  12.0174   0.10000E+14   0.00000E+00    0.404147E+02   -0.320171E-15   -0.158844E-15
                                       0.00000E+00   -0.320171E-15    0.404147E+02    0.000000E+00
                                       0.45584E-05    0.159775E-15    0.000000E+00    0.278855E+02
      475.000  12.0559   0.10000E+14  -0.53379E-22    0.372106E+02   -0.320170E-15    0.164118E-15
                                       0.00000E+00   -0.161326E-15    0.372106E+02    0.000000E+00
                                       0.45460E-05    0.930727E-18    0.000000E+00    0.251053E+02
      500.000  12.0946   0.99999E+13   0.36189E-24    0.344136E+02   -0.243232E-15    0.164740E-15
                                       0.00000E+00   -0.243232E-15    0.344136E+02    0.000000E+00
                                       0.44923E-05   -0.158225E-15    0.000000E+00    0.227686E+02

                                                      0.388715E-05    Max error
     Iteration number:        62

     =============================================================================================
       Temp     Fermi   Hole density  Population SR            Drift Hole mobility 
        [K]      [eV]     [cm^-3]      [h per cell]                    [cm^2/Vs]
     =============================================================================================

      200.000  11.6464   0.10000E+14   0.50487E-28    0.107986E+03   -0.775606E-19    0.124127E-17
                                       0.00000E+00   -0.775606E-19    0.107986E+03    0.000000E+00
                                       0.10124E-05   -0.775227E-19    0.000000E+00    0.128827E+03
      225.000  11.6821   0.10000E+14   0.20195E-27    0.100424E+03   -0.155122E-18    0.121189E-20
                                       0.00000E+00    0.155122E-18    0.100424E+03    0.000000E+00
                                       0.15339E-05   -0.154819E-18    0.000000E+00    0.106925E+03
      250.000  11.7181   0.10000E+14   0.51699E-25    0.912615E+02   -0.310243E-18    0.247710E-17
                                       0.00000E+00   -0.310243E-18    0.912615E+02    0.000000E+00
                                       0.21045E-05    0.311455E-18    0.000000E+00    0.890324E+02
      275.000  11.7545   0.99999E+13  -0.40390E-26    0.820161E+02   -0.636002E-15   -0.497361E-17
                                       0.00000E+00   -0.636002E-15    0.820161E+02    0.000000E+00
                                       0.26770E-05   -0.620490E-18    0.000000E+00    0.745878E+02
      300.000  11.7913   0.99999E+13   0.10340E-24    0.734245E+02   -0.318931E-15   -0.111882E-16
                                       0.00000E+00   -0.318931E-15    0.734245E+02    0.000000E+00
                                       0.32064E-05   -0.659268E-18    0.000000E+00    0.629936E+02
      325.000  11.8283   0.10000E+14   0.32312E-26    0.657700E+02   -0.124097E-17   -0.327695E-15
                                       0.00000E+00   -0.317690E-15    0.657700E+02    0.000000E+00
                                       0.36620E-05   -0.659268E-18    0.000000E+00    0.536954E+02
      350.000  11.8656   0.10000E+14   0.21326E-24    0.590956E+02   -0.318930E-15   -0.248194E-17
                                       0.00000E+00   -0.318930E-15    0.590956E+02    0.000000E+00
                                       0.40288E-05    0.317766E-15    0.000000E+00    0.462181E+02
      375.000  11.9032   0.10000E+14   0.23264E-24    0.533336E+02   -0.320170E-15    0.767850E-17
                                       0.00000E+00   -0.320170E-15    0.533336E+02    0.000000E+00
                                       0.43034E-05    0.698046E-18    0.000000E+00    0.401736E+02
      400.000  11.9410   0.10000E+14   0.12925E-25    0.483753E+02   -0.161325E-15    0.158843E-15
                                       0.00000E+00   -0.161325E-15    0.483753E+02    0.000000E+00
                                       0.44909E-05    0.158843E-15    0.000000E+00    0.352545E+02
      425.000  11.9791   0.99999E+13   0.51699E-25    0.441051E+02   -0.161327E-15    0.102381E-16
                                       0.00000E+00   -0.320173E-15    0.441051E+02    0.000000E+00
                                       0.46012E-05    0.155123E-18    0.000000E+00    0.312206E+02
      450.000  12.0174   0.10000E+14  -0.43944E-24    0.404147E+02   -0.161326E-15   -0.465365E-17
                                       0.00000E+00   -0.161326E-15    0.404147E+02    0.000000E+00
                                       0.46458E-05   -0.310243E-18    0.000000E+00    0.278855E+02
      475.000  12.0559   0.10000E+14  -0.53327E-22    0.372106E+02   -0.320170E-15    0.158534E-15
                                       0.00000E+00   -0.161326E-15    0.372106E+02    0.000000E+00
                                       0.46365E-05   -0.310242E-18    0.000000E+00    0.251053E+02
      500.000  12.0946   0.99999E+13  -0.56869E-24    0.344136E+02   -0.243232E-15   -0.145815E-16
                                       0.00000E+00   -0.322655E-15    0.344136E+02    0.000000E+00
                                       0.45844E-05   -0.155123E-17    0.000000E+00    0.227687E+02

                                                      0.375357E-05    Max error
     Iteration number:        63

     =============================================================================================
       Temp     Fermi   Hole density  Population SR            Drift Hole mobility 
        [K]      [eV]     [cm^-3]      [h per cell]                    [cm^2/Vs]
     =============================================================================================

      200.000  11.6464   0.10000E+14  -0.50487E-28    0.107986E+03   -0.775606E-19    0.124097E-17
                                       0.00000E+00   -0.775606E-19    0.107986E+03    0.000000E+00
                                       0.10155E-05   -0.775985E-19    0.000000E+00    0.128827E+03
      225.000  11.6821   0.10000E+14  -0.26051E-25    0.100424E+03   -0.155122E-18    0.311456E-18
                                       0.00000E+00   -0.155122E-18    0.100424E+03    0.000000E+00
                                       0.15409E-05    0.153910E-18    0.000000E+00    0.106925E+03
      250.000  11.7181   0.10000E+14   0.51699E-25    0.912615E+02   -0.310243E-18    0.309759E-17
                                       0.00000E+00   -0.310243E-18    0.912615E+02    0.000000E+00
                                       0.21180E-05    0.305396E-18    0.000000E+00    0.890324E+02
      275.000  11.7545   0.99999E+13   0.24234E-26    0.820161E+02   -0.636002E-15    0.193903E-19
                                       0.00000E+00   -0.620490E-18    0.820161E+02    0.000000E+00
                                       0.26996E-05    0.615642E-18    0.000000E+00    0.745877E+02
      300.000  11.7913   0.99999E+13   0.10017E-24    0.734245E+02   -0.124098E-17    0.870622E-17
                                       0.00000E+00   -0.318931E-15    0.734245E+02    0.000000E+00
                                       0.32401E-05    0.610792E-18    0.000000E+00    0.629936E+02
      325.000  11.8283   0.10000E+14  -0.32312E-26    0.657700E+02   -0.318931E-15   -0.387805E-19
                                       0.00000E+00   -0.317690E-15    0.657700E+02    0.000000E+00
                                       0.37074E-05    0.562317E-18    0.000000E+00    0.536954E+02
      350.000  11.8656   0.10000E+14  -0.18741E-24    0.590956E+02   -0.318930E-15   -0.255950E-17
                                       0.00000E+00   -0.318930E-15    0.590956E+02    0.000000E+00
                                       0.40856E-05    0.116341E-18    0.000000E+00    0.462181E+02
      375.000  11.9032   0.10000E+14   0.20680E-24    0.533336E+02   -0.320170E-15   -0.165902E-15
                                       0.00000E+00   -0.320170E-15    0.533336E+02    0.000000E+00
                                       0.43706E-05   -0.698046E-18    0.000000E+00    0.401737E+02
      400.000  11.9410   0.10000E+14   0.25849E-25    0.483753E+02   -0.161325E-15   -0.155120E-18
                                       0.00000E+00   -0.161325E-15    0.483753E+02    0.000000E+00
                                       0.45668E-05   -0.159153E-15    0.000000E+00    0.352546E+02
      425.000  11.9791   0.99999E+13  -0.51699E-25    0.441051E+02   -0.320173E-15    0.476226E-15
                                       0.00000E+00   -0.476536E-15    0.441051E+02    0.000000E+00
                                       0.46840E-05    0.155123E-18    0.000000E+00    0.312206E+02
      450.000  12.0174   0.10000E+14   0.00000E+00    0.404147E+02   -0.161326E-15    0.992778E-17
                                       0.00000E+00   -0.161326E-15    0.404147E+02    0.000000E+00
                                       0.47336E-05    0.310243E-18    0.000000E+00    0.278855E+02
      475.000  12.0559   0.10000E+14  -0.53379E-22    0.372106E+02   -0.320170E-15   -0.465364E-17
                                       0.00000E+00   -0.161326E-15    0.372106E+02    0.000000E+00
                                       0.47276E-05   -0.124097E-17    0.000000E+00    0.251054E+02
      500.000  12.0946   0.99999E+13   0.31019E-24    0.344136E+02   -0.243232E-15   -0.592568E-16
                                       0.00000E+00   -0.322655E-15    0.344136E+02    0.000000E+00
                                       0.46773E-05   -0.620490E-18    0.000000E+00    0.227687E+02

                                                      0.362472E-05    Max error
     Iteration number:        64

     =============================================================================================
       Temp     Fermi   Hole density  Population SR            Drift Hole mobility 
        [K]      [eV]     [cm^-3]      [h per cell]                    [cm^2/Vs]
     =============================================================================================

      200.000  11.6464   0.10000E+14  -0.50487E-28    0.107986E+03   -0.775606E-19    0.000000E+00
                                       0.00000E+00   -0.775606E-19    0.107986E+03    0.000000E+00
                                       0.10185E-05    0.775227E-19    0.000000E+00    0.128827E+03
      225.000  11.6821   0.10000E+14   0.20195E-27    0.100424E+03   -0.155122E-18    0.121189E-20
                                       0.00000E+00    0.155122E-18    0.100424E+03    0.000000E+00
                                       0.15476E-05   -0.151486E-20    0.000000E+00    0.106925E+03
      250.000  11.7181   0.10000E+14   0.51699E-25    0.912615E+02   -0.310243E-18   -0.558923E-17
                                       0.00000E+00   -0.310243E-18    0.912615E+02    0.000000E+00
                                       0.21312E-05   -0.313879E-18    0.000000E+00    0.890324E+02
      275.000  11.7545   0.99999E+13  -0.24234E-26    0.820161E+02   -0.636002E-15   -0.494453E-17
                                       0.00000E+00   -0.620490E-18    0.820161E+02    0.000000E+00
                                       0.27218E-05   -0.620490E-18    0.000000E+00    0.745877E+02
      300.000  11.7913   0.99999E+13   0.32312E-26    0.734245E+02   -0.124098E-17   -0.992780E-17
                                       0.00000E+00   -0.318931E-15    0.734245E+02    0.000000E+00
                                       0.32733E-05   -0.317030E-15    0.000000E+00    0.629936E+02
      325.000  11.8283   0.10000E+14  -0.20680E-24    0.657700E+02   -0.124097E-17    0.504146E-17
                                       0.00000E+00   -0.320172E-15    0.657700E+02    0.000000E+00
                                       0.37524E-05   -0.717439E-18    0.000000E+00    0.536954E+02
      350.000  11.8656   0.10000E+14  -0.20680E-24    0.590956E+02   -0.124097E-17   -0.155121E-18
                                       0.00000E+00   -0.318930E-15    0.590956E+02    0.000000E+00
                                       0.41422E-05    0.853168E-18    0.000000E+00    0.462181E+02
      375.000  11.9032   0.10000E+14   0.20680E-24    0.533336E+02   -0.248194E-17    0.760094E-17
                                       0.00000E+00   -0.320170E-15    0.533336E+02    0.000000E+00
                                       0.44377E-05   -0.159775E-15    0.000000E+00    0.401737E+02
      400.000  11.9410   0.10000E+14   0.25849E-25    0.483753E+02   -0.161325E-15    0.310239E-18
                                       0.00000E+00   -0.161325E-15    0.483753E+02    0.000000E+00
                                       0.46428E-05    0.000000E+00    0.000000E+00    0.352546E+02
      425.000  11.9791   0.99999E+13   0.51699E-25    0.441051E+02   -0.320173E-15    0.318001E-15
                                       0.00000E+00   -0.479018E-15    0.441051E+02    0.000000E+00
                                       0.47670E-05    0.465368E-18    0.000000E+00    0.312206E+02
      450.000  12.0174   0.10000E+14  -0.25849E-25    0.404147E+02   -0.320171E-15   -0.310243E-18
                                       0.00000E+00   -0.161326E-15    0.404147E+02    0.000000E+00
                                       0.48218E-05   -0.620486E-18    0.000000E+00    0.278855E+02
      475.000  12.0559   0.10000E+14  -0.53379E-22    0.372106E+02   -0.320170E-15    0.152019E-16
                                       0.00000E+00   -0.320170E-15    0.372106E+02    0.000000E+00
                                       0.48193E-05   -0.124097E-17    0.000000E+00    0.251054E+02
      500.000  12.0946   0.99999E+13   0.36189E-24    0.344136E+02   -0.243232E-15    0.172807E-15
                                       0.00000E+00   -0.243232E-15    0.344136E+02    0.000000E+00
                                       0.47708E-05    0.124098E-17    0.000000E+00    0.227687E+02

                                                      0.350018E-05    Max error
     Iteration number:        65

     =============================================================================================
       Temp     Fermi   Hole density  Population SR            Drift Hole mobility 
        [K]      [eV]     [cm^-3]      [h per cell]                    [cm^2/Vs]
     =============================================================================================

      200.000  11.6464   0.10000E+14   0.50487E-28    0.107986E+03   -0.775606E-19    0.908913E-21
                                       0.00000E+00   -0.775606E-19    0.107986E+03    0.000000E+00
                                       0.10213E-05   -0.776363E-19    0.000000E+00    0.128827E+03
      225.000  11.6821   0.10000E+14  -0.26051E-25    0.100424E+03   -0.155122E-18    0.121189E-20
                                       0.00000E+00   -0.155122E-18    0.100424E+03    0.000000E+00
                                       0.15542E-05    0.154516E-18    0.000000E+00    0.106925E+03
      250.000  11.7181   0.10000E+14   0.51699E-25    0.912615E+02   -0.310243E-18    0.433856E-17
                                       0.00000E+00   -0.310243E-18    0.912615E+02    0.000000E+00
                                       0.21440E-05    0.313879E-18    0.000000E+00    0.890324E+02
      275.000  11.7545   0.99999E+13   0.80779E-27    0.820161E+02   -0.636002E-15    0.494453E-17
                                       0.00000E+00   -0.620490E-18    0.820161E+02    0.000000E+00
                                       0.27436E-05   -0.625337E-18    0.000000E+00    0.745877E+02
      300.000  11.7913   0.99999E+13   0.10340E-24    0.734245E+02   -0.318931E-15   -0.111882E-16
                                       0.00000E+00   -0.318931E-15    0.734245E+02    0.000000E+00
                                       0.33060E-05    0.601097E-18    0.000000E+00    0.629936E+02
      325.000  11.8283   0.10000E+14   0.12925E-25    0.657700E+02   -0.318931E-15    0.775609E-19
                                       0.00000E+00   -0.317690E-15    0.657700E+02    0.000000E+00
                                       0.37970E-05    0.581707E-19    0.000000E+00    0.536954E+02
      350.000  11.8656   0.10000E+14  -0.21326E-24    0.590956E+02   -0.318930E-15    0.124097E-16
                                       0.00000E+00   -0.318930E-15    0.590956E+02    0.000000E+00
                                       0.41986E-05    0.581705E-18    0.000000E+00    0.462181E+02
      375.000  11.9032   0.10000E+14   0.18095E-24    0.533336E+02   -0.320170E-15   -0.165980E-15
                                       0.00000E+00   -0.320170E-15    0.533336E+02    0.000000E+00
                                       0.45047E-05    0.159697E-15    0.000000E+00    0.401737E+02
      400.000  11.9410   0.10000E+14   0.12925E-25    0.483753E+02   -0.161325E-15    0.000000E+00
                                       0.00000E+00   -0.161325E-15    0.483753E+02    0.000000E+00
                                       0.47189E-05    0.159153E-15    0.000000E+00    0.352546E+02
      425.000  11.9791   0.99999E+13  -0.51699E-25    0.441051E+02   -0.161327E-15   -0.310245E-18
                                       0.00000E+00   -0.317691E-15    0.441051E+02    0.000000E+00
                                       0.48504E-05    0.108586E-17    0.000000E+00    0.312206E+02
      450.000  12.0174   0.10000E+14   0.00000E+00    0.404147E+02   -0.161326E-15    0.000000E+00
                                       0.00000E+00   -0.320171E-15    0.404147E+02    0.000000E+00
                                       0.49105E-05   -0.310243E-18    0.000000E+00    0.278856E+02
      475.000  12.0559   0.10000E+14  -0.53327E-22    0.372106E+02   -0.320170E-15    0.145814E-16
                                       0.00000E+00   -0.161326E-15    0.372106E+02    0.000000E+00
                                       0.49115E-05    0.000000E+00    0.000000E+00    0.251054E+02
      500.000  12.0946   0.99999E+13  -0.51699E-24    0.344136E+02   -0.243232E-15   -0.152020E-16
                                       0.00000E+00   -0.243232E-15    0.344136E+02    0.000000E+00
                                       0.48650E-05    0.158225E-15    0.000000E+00    0.227687E+02

                                                      0.338003E-05    Max error
     Iteration number:        66

     =============================================================================================
       Temp     Fermi   Hole density  Population SR            Drift Hole mobility 
        [K]      [eV]     [cm^-3]      [h per cell]                    [cm^2/Vs]
     =============================================================================================

      200.000  11.6464   0.10000E+14   0.50487E-28    0.107986E+03   -0.775606E-19    0.124127E-17
                                       0.00000E+00   -0.775606E-19    0.107986E+03    0.000000E+00
                                       0.10240E-05   -0.775985E-19    0.000000E+00    0.128827E+03
      225.000  11.6821   0.10000E+14   0.20195E-27    0.100424E+03   -0.155122E-18    0.121189E-20
                                       0.00000E+00    0.155122E-18    0.100424E+03    0.000000E+00
                                       0.15605E-05   -0.155122E-18    0.000000E+00    0.106925E+03
      250.000  11.7181   0.10000E+14   0.51699E-25    0.912615E+02   -0.310243E-18   -0.434825E-17
                                       0.00000E+00   -0.310243E-18    0.912615E+02    0.000000E+00
                                       0.21565E-05    0.309031E-18    0.000000E+00    0.890324E+02
      275.000  11.7545   0.99999E+13  -0.24234E-26    0.820161E+02   -0.636002E-15   -0.969515E-20
                                       0.00000E+00   -0.620490E-18    0.820161E+02    0.000000E+00
                                       0.27650E-05   -0.625337E-18    0.000000E+00    0.745877E+02
      300.000  11.7913   0.99999E+13   0.10017E-24    0.734245E+02   -0.124098E-17    0.126037E-17
                                       0.00000E+00   -0.124098E-17    0.734245E+02    0.000000E+00
                                       0.33384E-05   -0.317089E-15    0.000000E+00    0.629936E+02
      325.000  11.8283   0.10000E+14  -0.32312E-26    0.657700E+02   -0.318931E-15   -0.302837E-15
                                       0.00000E+00   -0.317690E-15    0.657700E+02    0.000000E+00
                                       0.38413E-05   -0.639878E-18    0.000000E+00    0.536954E+02
      350.000  11.8656   0.10000E+14  -0.21972E-24    0.590956E+02   -0.124097E-17   -0.248194E-17
                                       0.00000E+00   -0.318930E-15    0.590956E+02    0.000000E+00
                                       0.42547E-05   -0.318232E-15    0.000000E+00    0.462181E+02
      375.000  11.9032   0.10000E+14   0.20680E-24    0.533336E+02   -0.320170E-15   -0.209414E-17
                                       0.00000E+00   -0.320170E-15    0.533336E+02    0.000000E+00
                                       0.45716E-05    0.232682E-18    0.000000E+00    0.401737E+02
      400.000  11.9410   0.10000E+14   0.25849E-25    0.483753E+02   -0.161325E-15   -0.155120E-18
                                       0.00000E+00   -0.320167E-15    0.483753E+02    0.000000E+00
                                       0.47951E-05    0.158687E-15    0.000000E+00    0.352546E+02
      425.000  11.9791   0.99999E+13   0.51699E-25    0.441051E+02   -0.320173E-15   -0.961760E-17
                                       0.00000E+00   -0.479018E-15    0.441051E+02    0.000000E+00
                                       0.49340E-05   -0.310245E-18    0.000000E+00    0.312207E+02
      450.000  12.0174   0.10000E+14  -0.43944E-24    0.404147E+02   -0.161326E-15    0.174046E-15
                                       0.00000E+00   -0.161326E-15    0.404147E+02    0.000000E+00
                                       0.49996E-05    0.155122E-17    0.000000E+00    0.278856E+02
      475.000  12.0559   0.10000E+14  -0.53276E-22    0.372106E+02   -0.320170E-15    0.154501E-15
                                       0.00000E+00   -0.161326E-15    0.372106E+02    0.000000E+00
                                       0.50043E-05    0.000000E+00    0.000000E+00    0.251054E+02
      500.000  12.0946   0.99999E+13  -0.46529E-24    0.344136E+02   -0.243232E-15    0.238889E-16
                                       0.00000E+00   -0.322655E-15    0.344136E+02    0.000000E+00
                                       0.49599E-05    0.158846E-15    0.000000E+00    0.227687E+02

                                                      0.326392E-05    Max error
     Iteration number:        67

     =============================================================================================
       Temp     Fermi   Hole density  Population SR            Drift Hole mobility 
        [K]      [eV]     [cm^-3]      [h per cell]                    [cm^2/Vs]
     =============================================================================================

      200.000  11.6464   0.10000E+14  -0.50487E-28    0.107986E+03   -0.775606E-19    0.000000E+00
                                       0.00000E+00   -0.775606E-19    0.107986E+03    0.000000E+00
                                       0.10266E-05   -0.775227E-19    0.000000E+00    0.128827E+03
      225.000  11.6821   0.10000E+14  -0.26051E-25    0.100424E+03   -0.155122E-18   -0.309032E-18
                                       0.00000E+00   -0.155122E-18    0.100424E+03    0.000000E+00
                                       0.15666E-05    0.605945E-21    0.000000E+00    0.106925E+03
      250.000  11.7181   0.10000E+14   0.51699E-25    0.912615E+02   -0.310243E-18    0.557953E-17
                                       0.00000E+00   -0.310243E-18    0.912615E+02    0.000000E+00
                                       0.21687E-05   -0.363566E-20    0.000000E+00    0.890324E+02
      275.000  11.7545   0.99999E+13  -0.32312E-26    0.820161E+02   -0.636002E-15    0.000000E+00
                                       0.00000E+00   -0.636002E-15    0.820161E+02    0.000000E+00
                                       0.27860E-05    0.317080E-15    0.000000E+00    0.745877E+02
      300.000  11.7913   0.99999E+13   0.32312E-26    0.734245E+02   -0.318931E-15   -0.992780E-17
                                       0.00000E+00   -0.318931E-15    0.734245E+02    0.000000E+00
                                       0.33703E-05    0.484756E-19    0.000000E+00    0.629936E+02
      325.000  11.8283   0.10000E+14  -0.20680E-24    0.657700E+02   -0.318931E-15   -0.985024E-17
                                       0.00000E+00   -0.320172E-15    0.657700E+02    0.000000E+00
                                       0.38852E-05    0.775609E-19    0.000000E+00    0.536954E+02
      350.000  11.8656   0.10000E+14  -0.21326E-24    0.590956E+02   -0.318930E-15    0.148917E-16
                                       0.00000E+00   -0.318930E-15    0.590956E+02    0.000000E+00
                                       0.43105E-05    0.775607E-18    0.000000E+00    0.462181E+02
      375.000  11.9032   0.10000E+14   0.23264E-24    0.533336E+02   -0.248194E-17   -0.224926E-17
                                       0.00000E+00   -0.320170E-15    0.533336E+02    0.000000E+00
                                       0.46385E-05    0.000000E+00    0.000000E+00    0.401737E+02
      400.000  11.9410   0.10000E+14   0.25849E-25    0.483753E+02   -0.161325E-15    0.310239E-18
                                       0.00000E+00   -0.161325E-15    0.483753E+02    0.000000E+00
                                       0.48714E-05   -0.155120E-18    0.000000E+00    0.352547E+02
      425.000  11.9791   0.99999E+13  -0.51699E-25    0.441051E+02   -0.161327E-15   -0.159156E-15
                                       0.00000E+00   -0.317691E-15    0.441051E+02    0.000000E+00
                                       0.50178E-05    0.310245E-18    0.000000E+00    0.312207E+02
      450.000  12.0174   0.10000E+14   0.00000E+00    0.404147E+02   -0.320171E-15    0.148917E-15
                                       0.00000E+00   -0.161326E-15    0.404147E+02    0.000000E+00
                                       0.50891E-05   -0.620486E-18    0.000000E+00    0.278856E+02
      475.000  12.0559   0.10000E+14  -0.53379E-22    0.372106E+02   -0.320170E-15    0.527412E-17
                                       0.00000E+00   -0.320170E-15    0.372106E+02    0.000000E+00
                                       0.50977E-05    0.310242E-18    0.000000E+00    0.251055E+02
      500.000  12.0946   0.99999E+13  -0.36189E-24    0.344136E+02   -0.243232E-15   -0.167532E-16
                                       0.00000E+00   -0.322655E-15    0.344136E+02    0.000000E+00
                                       0.50554E-05   -0.186147E-17    0.000000E+00    0.227688E+02

                                                      0.315187E-05    Max error
     Iteration number:        68

     =============================================================================================
       Temp     Fermi   Hole density  Population SR            Drift Hole mobility 
        [K]      [eV]     [cm^-3]      [h per cell]                    [cm^2/Vs]
     =============================================================================================

      200.000  11.6464   0.10000E+14  -0.50487E-28    0.107986E+03   -0.775606E-19    0.124097E-17
                                       0.00000E+00   -0.775606E-19    0.107986E+03    0.000000E+00
                                       0.10291E-05   -0.378714E-22    0.000000E+00    0.128827E+03
      225.000  11.6821   0.10000E+14   0.20195E-27    0.100424E+03   -0.155122E-18    0.121189E-20
                                       0.00000E+00    0.155122E-18    0.100424E+03    0.000000E+00
                                       0.15725E-05   -0.155122E-18    0.000000E+00    0.106925E+03
      250.000  11.7181   0.10000E+14   0.51699E-25    0.912615E+02   -0.310243E-18   -0.558923E-17
                                       0.00000E+00   -0.310243E-18    0.912615E+02    0.000000E+00
                                       0.21805E-05   -0.305396E-18    0.000000E+00    0.890324E+02
      275.000  11.7545   0.99999E+13   0.16156E-26    0.820161E+02   -0.636002E-15    0.193903E-19
                                       0.00000E+00   -0.620490E-18    0.820161E+02    0.000000E+00
                                       0.28066E-05   -0.484758E-20    0.000000E+00    0.745877E+02
      300.000  11.7913   0.99999E+13   0.10340E-24    0.734245E+02   -0.318931E-15   -0.622427E-17
                                       0.00000E+00   -0.318931E-15    0.734245E+02    0.000000E+00
                                       0.34017E-05   -0.659268E-18    0.000000E+00    0.629935E+02
      325.000  11.8283   0.10000E+14   0.12925E-25    0.657700E+02   -0.124097E-17    0.327695E-15
                                       0.00000E+00   -0.317690E-15    0.657700E+02    0.000000E+00
                                       0.39287E-05   -0.659268E-18    0.000000E+00    0.536954E+02
      350.000  11.8656   0.10000E+14   0.21326E-24    0.590956E+02   -0.318930E-15   -0.248194E-17
                                       0.00000E+00   -0.318930E-15    0.590956E+02    0.000000E+00
                                       0.43661E-05    0.317689E-15    0.000000E+00    0.462181E+02
      375.000  11.9032   0.10000E+14   0.20680E-24    0.533336E+02   -0.320170E-15    0.286974E-17
                                       0.00000E+00   -0.320170E-15    0.533336E+02    0.000000E+00
                                       0.47052E-05    0.310243E-18    0.000000E+00    0.401737E+02
      400.000  11.9410   0.10000E+14   0.12925E-25    0.483753E+02   -0.161325E-15   -0.158843E-15
                                       0.00000E+00   -0.161325E-15    0.483753E+02    0.000000E+00
                                       0.49478E-05    0.159308E-15    0.000000E+00    0.352547E+02
      425.000  11.9791   0.99999E+13   0.51699E-25    0.441051E+02   -0.320173E-15    0.102381E-16
                                       0.00000E+00   -0.320173E-15    0.441051E+02    0.000000E+00
                                       0.51020E-05    0.000000E+00    0.000000E+00    0.312207E+02
      450.000  12.0174   0.10000E+14  -0.25849E-25    0.404147E+02   -0.161326E-15   -0.310243E-18
                                       0.00000E+00   -0.161326E-15    0.404147E+02    0.000000E+00
                                       0.51791E-05   -0.310243E-18    0.000000E+00    0.278856E+02
      475.000  12.0559   0.10000E+14  -0.53379E-22    0.372106E+02   -0.320170E-15   -0.465364E-17
                                       0.00000E+00   -0.320170E-15    0.372106E+02    0.000000E+00
                                       0.51917E-05    0.158224E-15    0.000000E+00    0.251055E+02
      500.000  12.0946   0.99999E+13   0.36189E-24    0.344136E+02   -0.243232E-15    0.183355E-15
                                       0.00000E+00   -0.322655E-15    0.344136E+02    0.000000E+00
                                       0.51517E-05    0.620490E-18    0.000000E+00    0.227688E+02

                                                      0.304361E-05    Max error
     Iteration number:        69

     =============================================================================================
       Temp     Fermi   Hole density  Population SR            Drift Hole mobility 
        [K]      [eV]     [cm^-3]      [h per cell]                    [cm^2/Vs]
     =============================================================================================

      200.000  11.6464   0.10000E+14   0.50487E-28    0.107986E+03   -0.775606E-19    0.248285E-17
                                       0.00000E+00   -0.775606E-19    0.107986E+03    0.000000E+00
                                       0.10315E-05   -0.189357E-21    0.000000E+00    0.128827E+03
      225.000  11.6821   0.10000E+14  -0.26051E-25    0.100424E+03   -0.155122E-18    0.311456E-18
                                       0.00000E+00   -0.155122E-18    0.100424E+03    0.000000E+00
                                       0.15782E-05    0.151486E-20    0.000000E+00    0.106925E+03
      250.000  11.7181   0.10000E+14   0.51699E-25    0.912615E+02   -0.310243E-18    0.309759E-17
                                       0.00000E+00   -0.310243E-18    0.912615E+02    0.000000E+00
                                       0.21920E-05    0.306608E-18    0.000000E+00    0.890324E+02
      275.000  11.7545   0.99999E+13  -0.24234E-26    0.820161E+02   -0.636002E-15    0.498331E-17
                                       0.00000E+00   -0.620490E-18    0.820161E+02    0.000000E+00
                                       0.28268E-05   -0.610795E-18    0.000000E+00    0.745877E+02
      300.000  11.7913   0.99999E+13   0.10017E-24    0.734245E+02   -0.318931E-15   -0.370353E-17
                                       0.00000E+00   -0.318931E-15    0.734245E+02    0.000000E+00
                                       0.34328E-05   -0.659268E-18    0.000000E+00    0.629935E+02
      325.000  11.8283   0.10000E+14  -0.32312E-26    0.657700E+02   -0.318931E-15   -0.149305E-16
                                       0.00000E+00   -0.317690E-15    0.657700E+02    0.000000E+00
                                       0.39719E-05    0.562317E-18    0.000000E+00    0.536954E+02
      350.000  11.8656   0.10000E+14  -0.20033E-24    0.590956E+02   -0.318930E-15   -0.255950E-17
                                       0.00000E+00   -0.318930E-15    0.590956E+02    0.000000E+00
                                       0.44215E-05    0.775607E-18    0.000000E+00    0.462181E+02
      375.000  11.9032   0.10000E+14   0.18095E-24    0.533336E+02   -0.248194E-17   -0.217170E-17
                                       0.00000E+00   -0.320170E-15    0.533336E+02    0.000000E+00
                                       0.47719E-05   -0.387803E-18    0.000000E+00    0.401738E+02
      400.000  11.9410   0.10000E+14   0.25849E-25    0.483753E+02   -0.161325E-15   -0.155120E-18
                                       0.00000E+00   -0.161325E-15    0.483753E+02    0.000000E+00
                                       0.50243E-05   -0.159153E-15    0.000000E+00    0.352547E+02
      425.000  11.9791   0.99999E+13  -0.51699E-25    0.441051E+02   -0.161327E-15   -0.318001E-15
                                       0.00000E+00   -0.317691E-15    0.441051E+02    0.000000E+00
                                       0.51864E-05    0.620490E-18    0.000000E+00    0.312207E+02
      450.000  12.0174   0.10000E+14   0.00000E+00    0.404147E+02   -0.320171E-15    0.158844E-15
                                       0.00000E+00   -0.320171E-15    0.404147E+02    0.000000E+00
                                       0.52696E-05    0.930729E-18    0.000000E+00    0.278857E+02
      475.000  12.0559   0.10000E+14  -0.53276E-22    0.372106E+02   -0.320170E-15    0.154501E-15
                                       0.00000E+00   -0.161326E-15    0.372106E+02    0.000000E+00
                                       0.52862E-05    0.159154E-15    0.000000E+00    0.251055E+02
      500.000  12.0946   0.99999E+13   0.51699E-24    0.344136E+02   -0.243232E-15    0.145815E-16
                                       0.00000E+00   -0.243232E-15    0.344136E+02    0.000000E+00
                                       0.52487E-05    0.186147E-17    0.000000E+00    0.227688E+02

                                                      0.293912E-05    Max error
     Iteration number:        70

     =============================================================================================
       Temp     Fermi   Hole density  Population SR            Drift Hole mobility 
        [K]      [eV]     [cm^-3]      [h per cell]                    [cm^2/Vs]
     =============================================================================================

      200.000  11.6464   0.10000E+14   0.50487E-28    0.107986E+03   -0.775606E-19    0.302971E-21
                                       0.00000E+00   -0.775606E-19    0.107986E+03    0.000000E+00
                                       0.10338E-05   -0.775985E-19    0.000000E+00    0.128827E+03
      225.000  11.6821   0.10000E+14   0.20195E-27    0.100424E+03   -0.155122E-18    0.121189E-20
                                       0.00000E+00    0.155122E-18    0.100424E+03    0.000000E+00
                                       0.15837E-05   -0.155728E-18    0.000000E+00    0.106925E+03
      250.000  11.7181   0.10000E+14   0.51699E-25    0.912615E+02   -0.310243E-18    0.615639E-18
                                       0.00000E+00   -0.310243E-18    0.912615E+02    0.000000E+00
                                       0.22033E-05   -0.310243E-18    0.000000E+00    0.890324E+02
      275.000  11.7545   0.99999E+13   0.00000E+00    0.820161E+02   -0.636002E-15   -0.499300E-17
                                       0.00000E+00   -0.620490E-18    0.820161E+02    0.000000E+00
                                       0.28466E-05   -0.630185E-18    0.000000E+00    0.745877E+02
      300.000  11.7913   0.99999E+13   0.32312E-26    0.734245E+02   -0.124098E-17    0.000000E+00
                                       0.00000E+00   -0.318931E-15    0.734245E+02    0.000000E+00
                                       0.34635E-05    0.572012E-18    0.000000E+00    0.629935E+02
      325.000  11.8283   0.10000E+14  -0.20680E-24    0.657700E+02   -0.124097E-17    0.100054E-16
                                       0.00000E+00   -0.320172E-15    0.657700E+02    0.000000E+00
                                       0.40147E-05   -0.542926E-18    0.000000E+00    0.536954E+02
      350.000  11.8656   0.10000E+14  -0.19387E-24    0.590956E+02   -0.124097E-17   -0.752339E-17
                                       0.00000E+00   -0.318930E-15    0.590956E+02    0.000000E+00
                                       0.44766E-05   -0.659266E-18    0.000000E+00    0.462181E+02
      375.000  11.9032   0.10000E+14   0.18095E-24    0.533336E+02   -0.320170E-15    0.279218E-17
                                       0.00000E+00   -0.320170E-15    0.533336E+02    0.000000E+00
                                       0.48385E-05    0.159154E-15    0.000000E+00    0.401738E+02
      400.000  11.9410   0.10000E+14   0.25849E-25    0.483753E+02   -0.161325E-15    0.310239E-18
                                       0.00000E+00   -0.320167E-15    0.483753E+02    0.000000E+00
                                       0.51008E-05    0.159308E-15    0.000000E+00    0.352547E+02
      425.000  11.9791   0.99999E+13   0.51699E-25    0.441051E+02   -0.161327E-15    0.310245E-18
                                       0.00000E+00   -0.479018E-15    0.441051E+02    0.000000E+00
                                       0.52711E-05    0.930735E-18    0.000000E+00    0.312208E+02
      450.000  12.0174   0.10000E+14  -0.43944E-24    0.404147E+02   -0.320171E-15   -0.145814E-16
                                       0.00000E+00   -0.161326E-15    0.404147E+02    0.000000E+00
                                       0.53604E-05    0.157914E-15    0.000000E+00    0.278857E+02
      475.000  12.0559   0.10000E+14  -0.53276E-22    0.372106E+02   -0.320170E-15   -0.153260E-15
                                       0.00000E+00   -0.320170E-15    0.372106E+02    0.000000E+00
                                       0.53814E-05   -0.124097E-17    0.000000E+00    0.251055E+02
      500.000  12.0946   0.99999E+13  -0.36189E-24    0.344136E+02   -0.243232E-15    0.152020E-15
                                       0.00000E+00   -0.322655E-15    0.344136E+02    0.000000E+00
                                       0.53464E-05   -0.186147E-17    0.000000E+00    0.227688E+02

                                                      0.283818E-05    Max error
     Iteration number:        71

     =============================================================================================
       Temp     Fermi   Hole density  Population SR            Drift Hole mobility 
        [K]      [eV]     [cm^-3]      [h per cell]                    [cm^2/Vs]
     =============================================================================================

      200.000  11.6464   0.10000E+14  -0.50487E-28    0.107986E+03   -0.775606E-19    0.124097E-17
                                       0.00000E+00   -0.775606E-19    0.107986E+03    0.000000E+00
                                       0.10360E-05    0.378714E-22    0.000000E+00    0.128827E+03
      225.000  11.6821   0.10000E+14  -0.26051E-25    0.100424E+03   -0.155122E-18   -0.309032E-18
                                       0.00000E+00   -0.155122E-18    0.100424E+03    0.000000E+00
                                       0.15890E-05   -0.153607E-18    0.000000E+00    0.106925E+03
      250.000  11.7181   0.10000E+14   0.51699E-25    0.912615E+02   -0.310243E-18   -0.625334E-18
                                       0.00000E+00   -0.310243E-18    0.912615E+02    0.000000E+00
                                       0.22142E-05    0.000000E+00    0.000000E+00    0.890324E+02
      275.000  11.7545   0.99999E+13  -0.24234E-26    0.820161E+02   -0.636002E-15    0.495422E-17
                                       0.00000E+00   -0.620490E-18    0.820161E+02    0.000000E+00
                                       0.28660E-05   -0.317061E-15    0.000000E+00    0.745877E+02
      300.000  11.7913   0.99999E+13   0.10340E-24    0.734245E+02   -0.318931E-15   -0.622427E-17
                                       0.00000E+00   -0.318931E-15    0.734245E+02    0.000000E+00
                                       0.34937E-05    0.630183E-18    0.000000E+00    0.629935E+02
      325.000  11.8283   0.10000E+14   0.12925E-25    0.657700E+02   -0.318931E-15   -0.488634E-17
                                       0.00000E+00   -0.317690E-15    0.657700E+02    0.000000E+00
                                       0.40571E-05    0.318232E-15    0.000000E+00    0.536954E+02
      350.000  11.8656   0.10000E+14  -0.20033E-24    0.590956E+02   -0.318930E-15    0.232682E-17
                                       0.00000E+00   -0.318930E-15    0.590956E+02    0.000000E+00
                                       0.45314E-05    0.775607E-18    0.000000E+00    0.462181E+02
      375.000  11.9032   0.10000E+14   0.21972E-24    0.533336E+02   -0.320170E-15    0.760094E-17
                                       0.00000E+00   -0.320170E-15    0.533336E+02    0.000000E+00
                                       0.49050E-05   -0.158767E-15    0.000000E+00    0.401738E+02
      400.000  11.9410   0.10000E+14   0.12925E-25    0.483753E+02   -0.161325E-15    0.317685E-15
                                       0.00000E+00   -0.161325E-15    0.483753E+02    0.000000E+00
                                       0.51775E-05   -0.155120E-18    0.000000E+00    0.352548E+02
      425.000  11.9791   0.99999E+13  -0.51699E-25    0.441051E+02   -0.320173E-15   -0.310245E-18
                                       0.00000E+00   -0.317691E-15    0.441051E+02    0.000000E+00
                                       0.53561E-05    0.310245E-18    0.000000E+00    0.312208E+02
      450.000  12.0174   0.10000E+14   0.00000E+00    0.404147E+02   -0.161326E-15   -0.148917E-15
                                       0.00000E+00   -0.161326E-15    0.404147E+02    0.000000E+00
                                       0.54517E-05    0.310243E-18    0.000000E+00    0.278857E+02
      475.000  12.0559   0.10000E+14  -0.53379E-22    0.372106E+02   -0.320170E-15    0.154190E-15
                                       0.00000E+00   -0.161326E-15    0.372106E+02    0.000000E+00
                                       0.54771E-05    0.158844E-15    0.000000E+00    0.251056E+02
      500.000  12.0946   0.99999E+13  -0.46529E-24    0.344136E+02   -0.243232E-15   -0.589466E-17
                                       0.00000E+00   -0.243232E-15    0.344136E+02    0.000000E+00
                                       0.54448E-05    0.186147E-17    0.000000E+00    0.227688E+02

                                                      0.274074E-05    Max error
     Iteration number:        72

     =============================================================================================
       Temp     Fermi   Hole density  Population SR            Drift Hole mobility 
        [K]      [eV]     [cm^-3]      [h per cell]                    [cm^2/Vs]
     =============================================================================================

      200.000  11.6464   0.10000E+14  -0.50487E-28    0.107986E+03   -0.775606E-19    0.000000E+00
                                       0.00000E+00   -0.775606E-19    0.107986E+03    0.000000E+00
                                       0.10381E-05    0.775606E-19    0.000000E+00    0.128827E+03
      225.000  11.6821   0.10000E+14   0.20195E-27    0.100424E+03   -0.155122E-18    0.121189E-20
                                       0.00000E+00    0.155122E-18    0.100424E+03    0.000000E+00
                                       0.15941E-05   -0.153607E-18    0.000000E+00    0.106925E+03
      250.000  11.7181   0.10000E+14   0.51699E-25    0.912615E+02   -0.310243E-18   -0.310728E-17
                                       0.00000E+00   -0.310243E-18    0.912615E+02    0.000000E+00
                                       0.22249E-05    0.242378E-20    0.000000E+00    0.890323E+02
      275.000  11.7545   0.99999E+13  -0.40390E-26    0.820161E+02   -0.636002E-15   -0.969515E-20
                                       0.00000E+00   -0.636002E-15    0.820161E+02    0.000000E+00
                                       0.28850E-05   -0.630185E-18    0.000000E+00    0.745877E+02
      300.000  11.7913   0.99999E+13   0.10017E-24    0.734245E+02   -0.124098E-17   -0.866744E-17
                                       0.00000E+00   -0.124098E-17    0.734245E+02    0.000000E+00
                                       0.35236E-05    0.620488E-18    0.000000E+00    0.629935E+02
      325.000  11.8283   0.10000E+14  -0.32312E-26    0.657700E+02   -0.318931E-15   -0.307801E-15
                                       0.00000E+00   -0.317690E-15    0.657700E+02    0.000000E+00
                                       0.40992E-05   -0.504146E-18    0.000000E+00    0.536954E+02
      350.000  11.8656   0.10000E+14  -0.21326E-24    0.590956E+02   -0.318930E-15   -0.124097E-16
                                       0.00000E+00   -0.318930E-15    0.590956E+02    0.000000E+00
                                       0.45860E-05   -0.465364E-18    0.000000E+00    0.462181E+02
      375.000  11.9032   0.10000E+14  -0.19387E-24    0.533336E+02   -0.248194E-17   -0.161481E-15
                                       0.00000E+00   -0.320170E-15    0.533336E+02    0.000000E+00
                                       0.49714E-05   -0.310243E-18    0.000000E+00    0.401738E+02
      400.000  11.9410   0.10000E+14   0.25849E-25    0.483753E+02   -0.161325E-15   -0.155120E-18
                                       0.00000E+00   -0.161325E-15    0.483753E+02    0.000000E+00
                                       0.52542E-05   -0.930718E-18    0.000000E+00    0.352548E+02
      425.000  11.9791   0.99999E+13   0.51699E-25    0.441051E+02   -0.161327E-15    0.102381E-16
                                       0.00000E+00   -0.479018E-15    0.441051E+02    0.000000E+00
                                       0.54414E-05    0.158535E-15    0.000000E+00    0.312208E+02
      450.000  12.0174   0.10000E+14  -0.25849E-25    0.404147E+02   -0.320171E-15   -0.310243E-18
                                       0.00000E+00   -0.161326E-15    0.404147E+02    0.000000E+00
                                       0.55435E-05   -0.157914E-15    0.000000E+00    0.278858E+02
      475.000  12.0559   0.10000E+14  -0.53327E-22    0.372106E+02   -0.320170E-15    0.136507E-16
                                       0.00000E+00   -0.320170E-15    0.372106E+02    0.000000E+00
                                       0.55734E-05    0.620485E-18    0.000000E+00    0.251056E+02
      500.000  12.0946   0.99999E+13  -0.36189E-24    0.344136E+02   -0.243232E-15    0.527417E-17
                                       0.00000E+00   -0.243232E-15    0.344136E+02    0.000000E+00
                                       0.55439E-05    0.310245E-17    0.000000E+00    0.227689E+02

                                                      0.264662E-05    Max error
     Iteration number:        73

     =============================================================================================
       Temp     Fermi   Hole density  Population SR            Drift Hole mobility 
        [K]      [eV]     [cm^-3]      [h per cell]                    [cm^2/Vs]
     =============================================================================================

      200.000  11.6464   0.10000E+14   0.50487E-28    0.107986E+03   -0.775606E-19   -0.124006E-17
                                       0.00000E+00   -0.775606E-19    0.107986E+03    0.000000E+00
                                       0.10400E-05    0.777499E-19    0.000000E+00    0.128827E+03
      225.000  11.6821   0.10000E+14  -0.26051E-25    0.100424E+03   -0.155122E-18    0.311456E-18
                                       0.00000E+00   -0.155122E-18    0.100424E+03    0.000000E+00
                                       0.15990E-05    0.908917E-21    0.000000E+00    0.106925E+03
      250.000  11.7181   0.10000E+14   0.51699E-25    0.912615E+02   -0.310243E-18   -0.434825E-17
                                       0.00000E+00   -0.310243E-18    0.912615E+02    0.000000E+00
                                       0.22353E-05   -0.315091E-18    0.000000E+00    0.890323E+02
      275.000  11.7545   0.99999E+13   0.24234E-26    0.820161E+02   -0.636002E-15    0.193903E-19
                                       0.00000E+00   -0.620490E-18    0.820161E+02    0.000000E+00
                                       0.29037E-05    0.620490E-18    0.000000E+00    0.745877E+02
      300.000  11.7913   0.99999E+13   0.32312E-26    0.734245E+02   -0.124098E-17    0.992780E-17
                                       0.00000E+00   -0.318931E-15    0.734245E+02    0.000000E+00
                                       0.35531E-05    0.318271E-15    0.000000E+00    0.629935E+02
      325.000  11.8283   0.10000E+14  -0.20680E-24    0.657700E+02   -0.318931E-15    0.504146E-17
                                       0.00000E+00   -0.320172E-15    0.657700E+02    0.000000E+00
                                       0.41410E-05    0.736829E-18    0.000000E+00    0.536954E+02
      350.000  11.8656   0.10000E+14   0.21326E-24    0.590956E+02   -0.124097E-17   -0.317689E-15
                                       0.00000E+00   -0.318930E-15    0.590956E+02    0.000000E+00
                                       0.46404E-05    0.158534E-15    0.000000E+00    0.462181E+02
      375.000  11.9032   0.10000E+14   0.20680E-24    0.533336E+02   -0.320170E-15    0.127975E-16
                                       0.00000E+00   -0.320170E-15    0.533336E+02    0.000000E+00
                                       0.50377E-05   -0.310243E-18    0.000000E+00    0.401738E+02
      400.000  11.9410   0.10000E+14   0.25849E-25    0.483753E+02   -0.161325E-15    0.310239E-18
                                       0.00000E+00   -0.161325E-15    0.483753E+02    0.000000E+00
                                       0.53311E-05   -0.465359E-18    0.000000E+00    0.352548E+02
      425.000  11.9791   0.99999E+13  -0.51699E-25    0.441051E+02   -0.320173E-15   -0.310245E-18
                                       0.00000E+00   -0.317691E-15    0.441051E+02    0.000000E+00
                                       0.55269E-05   -0.620490E-18    0.000000E+00    0.312208E+02
      450.000  12.0174   0.10000E+14   0.00000E+00    0.404147E+02   -0.320171E-15    0.000000E+00
                                       0.00000E+00   -0.320171E-15    0.404147E+02    0.000000E+00
                                       0.56357E-05   -0.620486E-18    0.000000E+00    0.278858E+02
      475.000  12.0559   0.10000E+14  -0.53276E-22    0.372106E+02   -0.320170E-15    0.164428E-15
                                       0.00000E+00   -0.161326E-15    0.372106E+02    0.000000E+00
                                       0.56704E-05    0.124097E-17    0.000000E+00    0.251056E+02
      500.000  12.0946   0.99999E+13  -0.46529E-24    0.344136E+02   -0.243232E-15    0.234235E-15
                                       0.00000E+00   -0.163809E-15    0.344136E+02    0.000000E+00
                                       0.56437E-05    0.159466E-15    0.000000E+00    0.227689E+02

                                                      0.255576E-05    Max error
     Iteration number:        74

     =============================================================================================
       Temp     Fermi   Hole density  Population SR            Drift Hole mobility 
        [K]      [eV]     [cm^-3]      [h per cell]                    [cm^2/Vs]
     =============================================================================================

      200.000  11.6464   0.10000E+14   0.50487E-28    0.107986E+03   -0.775606E-19   -0.124067E-17
                                       0.00000E+00   -0.775606E-19    0.107986E+03    0.000000E+00
                                       0.10420E-05   -0.777499E-19    0.000000E+00    0.128827E+03
      225.000  11.6821   0.10000E+14   0.20195E-27    0.100424E+03   -0.155122E-18    0.121189E-20
                                       0.00000E+00    0.155122E-18    0.100424E+03    0.000000E+00
                                       0.16038E-05   -0.156334E-18    0.000000E+00    0.106925E+03
      250.000  11.7181   0.10000E+14   0.51699E-25    0.912615E+02   -0.310243E-18    0.682051E-17
                                       0.00000E+00   -0.310243E-18    0.912615E+02    0.000000E+00
                                       0.22454E-05   -0.311455E-18    0.000000E+00    0.890323E+02
      275.000  11.7545   0.99999E+13  -0.24234E-26    0.820161E+02   -0.636002E-15    0.498331E-17
                                       0.00000E+00   -0.620490E-18    0.820161E+02    0.000000E+00
                                       0.29221E-05   -0.318321E-15    0.000000E+00    0.745877E+02
      300.000  11.7913   0.99999E+13   0.10340E-24    0.734245E+02   -0.318931E-15    0.111494E-16
                                       0.00000E+00   -0.318931E-15    0.734245E+02    0.000000E+00
                                       0.35821E-05    0.317108E-15    0.000000E+00    0.629935E+02
      325.000  11.8283   0.10000E+14   0.12925E-25    0.657700E+02   -0.318931E-15    0.504146E-17
                                       0.00000E+00   -0.317690E-15    0.657700E+02    0.000000E+00
                                       0.41824E-05   -0.504146E-18    0.000000E+00    0.536954E+02
      350.000  11.8656   0.10000E+14  -0.18741E-24    0.590956E+02   -0.124097E-17    0.240438E-17
                                       0.00000E+00   -0.318930E-15    0.590956E+02    0.000000E+00
                                       0.46945E-05    0.158844E-15    0.000000E+00    0.462181E+02
      375.000  11.9032   0.10000E+14   0.21972E-24    0.533336E+02   -0.320170E-15    0.729070E-17
                                       0.00000E+00   -0.322652E-15    0.533336E+02    0.000000E+00
                                       0.51039E-05   -0.775606E-19    0.000000E+00    0.401738E+02
      400.000  11.9410   0.10000E+14   0.12925E-25    0.483753E+02   -0.161325E-15    0.312721E-15
                                       0.00000E+00   -0.161325E-15    0.483753E+02    0.000000E+00
                                       0.54080E-05   -0.158843E-15    0.000000E+00    0.352548E+02
      425.000  11.9791   0.99999E+13   0.51699E-25    0.441051E+02   -0.161327E-15    0.476847E-15
                                       0.00000E+00   -0.320173E-15    0.441051E+02    0.000000E+00
                                       0.56127E-05   -0.159156E-15    0.000000E+00    0.312209E+02
      450.000  12.0174   0.10000E+14  -0.43944E-24    0.404147E+02   -0.161326E-15   -0.153570E-15
                                       0.00000E+00   -0.161326E-15    0.404147E+02    0.000000E+00
                                       0.57284E-05   -0.157914E-15    0.000000E+00    0.278858E+02
      475.000  12.0559   0.10000E+14  -0.53379E-22    0.372106E+02   -0.320170E-15    0.152019E-16
                                       0.00000E+00   -0.161326E-15    0.372106E+02    0.000000E+00
                                       0.57679E-05    0.620485E-18    0.000000E+00    0.251056E+02
      500.000  12.0946   0.99999E+13   0.52526E-22    0.344136E+02   -0.243232E-15    0.136508E-16
                                       0.00000E+00   -0.243232E-15    0.344136E+02    0.000000E+00
                                       0.57443E-05   -0.160087E-15    0.000000E+00    0.227689E+02

                                                      0.246799E-05    Max error
     Iteration number:        75

     =============================================================================================
       Temp     Fermi   Hole density  Population SR            Drift Hole mobility 
        [K]      [eV]     [cm^-3]      [h per cell]                    [cm^2/Vs]
     =============================================================================================

      200.000  11.6464   0.10000E+14  -0.50487E-28    0.107986E+03   -0.775606E-19    0.000000E+00
                                       0.00000E+00   -0.775606E-19    0.107986E+03    0.000000E+00
                                       0.10438E-05   -0.775985E-19    0.000000E+00    0.128827E+03
      225.000  11.6821   0.10000E+14  -0.26051E-25    0.100424E+03   -0.155122E-18    0.311456E-18
                                       0.00000E+00   -0.155122E-18    0.100424E+03    0.000000E+00
                                       0.16084E-05    0.156334E-18    0.000000E+00    0.106925E+03
      250.000  11.7181   0.10000E+14   0.51699E-25    0.912615E+02   -0.310243E-18   -0.558923E-17
                                       0.00000E+00   -0.310243E-18    0.912615E+02    0.000000E+00
                                       0.22552E-05    0.316303E-18    0.000000E+00    0.890323E+02
      275.000  11.7545   0.99999E+13   0.80779E-27    0.820161E+02   -0.636002E-15   -0.498331E-17
                                       0.00000E+00   -0.620490E-18    0.820161E+02    0.000000E+00
                                       0.29401E-05   -0.317681E-15    0.000000E+00    0.745877E+02
      300.000  11.7913   0.99999E+13   0.10017E-24    0.734245E+02   -0.124098E-17   -0.866744E-17
                                       0.00000E+00   -0.124098E-17    0.734245E+02    0.000000E+00
                                       0.36108E-05   -0.581707E-18    0.000000E+00    0.629935E+02
      325.000  11.8283   0.10000E+14  -0.32312E-26    0.657700E+02   -0.318931E-15    0.988902E-17
                                       0.00000E+00   -0.317690E-15    0.657700E+02    0.000000E+00
                                       0.42234E-05   -0.775609E-18    0.000000E+00    0.536954E+02
      350.000  11.8656   0.10000E+14  -0.20680E-24    0.590956E+02   -0.318930E-15   -0.320326E-15
                                       0.00000E+00   -0.318930E-15    0.590956E+02    0.000000E+00
                                       0.47484E-05    0.000000E+00    0.000000E+00    0.462182E+02
      375.000  11.9032   0.10000E+14   0.23264E-24    0.533336E+02   -0.320170E-15   -0.721314E-17
                                       0.00000E+00   -0.320170E-15    0.533336E+02    0.000000E+00
                                       0.51700E-05    0.000000E+00    0.000000E+00    0.401739E+02
      400.000  11.9410   0.10000E+14   0.25849E-25    0.483753E+02   -0.161325E-15   -0.155120E-18
                                       0.00000E+00   -0.320167E-15    0.483753E+02    0.000000E+00
                                       0.54851E-05    0.158843E-15    0.000000E+00    0.352548E+02
      425.000  11.9791   0.99999E+13  -0.51699E-25    0.441051E+02   -0.320173E-15   -0.310245E-18
                                       0.00000E+00   -0.476536E-15    0.441051E+02    0.000000E+00
                                       0.56988E-05    0.158225E-15    0.000000E+00    0.312209E+02
      450.000  12.0174   0.10000E+14   0.00000E+00    0.404147E+02   -0.320171E-15    0.000000E+00
                                       0.00000E+00   -0.161326E-15    0.404147E+02    0.000000E+00
                                       0.58215E-05    0.159775E-15    0.000000E+00    0.278858E+02
      475.000  12.0559   0.10000E+14  -0.53327E-22    0.372106E+02   -0.320170E-15    0.145814E-16
                                       0.00000E+00   -0.161326E-15    0.372106E+02    0.000000E+00
                                       0.58660E-05    0.161947E-15    0.000000E+00    0.251057E+02
      500.000  12.0946   0.99999E+13  -0.46529E-24    0.344136E+02   -0.243232E-15   -0.174668E-15
                                       0.00000E+00   -0.322655E-15    0.344136E+02    0.000000E+00
                                       0.58456E-05   -0.434343E-17    0.000000E+00    0.227689E+02

                                                      0.238326E-05    Max error
     Iteration number:        76

     =============================================================================================
       Temp     Fermi   Hole density  Population SR            Drift Hole mobility 
        [K]      [eV]     [cm^-3]      [h per cell]                    [cm^2/Vs]
     =============================================================================================

      200.000  11.6464   0.10000E+14  -0.50487E-28    0.107986E+03   -0.775606E-19    0.000000E+00
                                       0.00000E+00   -0.775606E-19    0.107986E+03    0.000000E+00
                                       0.10455E-05    0.151486E-21    0.000000E+00    0.128827E+03
      225.000  11.6821   0.10000E+14   0.20195E-27    0.100424E+03   -0.155122E-18    0.121189E-20
                                       0.00000E+00    0.155122E-18    0.100424E+03    0.000000E+00
                                       0.16129E-05   -0.156334E-18    0.000000E+00    0.106925E+03
      250.000  11.7181   0.10000E+14   0.51699E-25    0.912615E+02   -0.310243E-18    0.309759E-17
                                       0.00000E+00   -0.310243E-18    0.912615E+02    0.000000E+00
                                       0.22648E-05    0.307820E-18    0.000000E+00    0.890323E+02
      275.000  11.7545   0.99999E+13  -0.24234E-26    0.820161E+02   -0.636002E-15    0.495422E-17
                                       0.00000E+00   -0.620490E-18    0.820161E+02    0.000000E+00
                                       0.29577E-05    0.484758E-20    0.000000E+00    0.745877E+02
      300.000  11.7913   0.99999E+13   0.32312E-26    0.734245E+02   -0.318931E-15    0.992780E-17
                                       0.00000E+00   -0.318931E-15    0.734245E+02    0.000000E+00
                                       0.36392E-05   -0.591402E-18    0.000000E+00    0.629935E+02
      325.000  11.8283   0.10000E+14  -0.20680E-24    0.657700E+02   -0.124097E-17   -0.148141E-16
                                       0.00000E+00   -0.320172E-15    0.657700E+02    0.000000E+00
                                       0.42641E-05   -0.620487E-18    0.000000E+00    0.536954E+02
      350.000  11.8656   0.10000E+14  -0.21972E-24    0.590956E+02   -0.318930E-15   -0.744583E-17
                                       0.00000E+00   -0.318930E-15    0.590956E+02    0.000000E+00
                                       0.48021E-05    0.155121E-18    0.000000E+00    0.462182E+02
      375.000  11.9032   0.10000E+14  -0.18095E-24    0.533336E+02   -0.320170E-15   -0.171409E-16
                                       0.00000E+00   -0.320170E-15    0.533336E+02    0.000000E+00
                                       0.52361E-05    0.232682E-18    0.000000E+00    0.401739E+02
      400.000  11.9410   0.10000E+14   0.25849E-25    0.483753E+02   -0.161325E-15    0.159153E-15
                                       0.00000E+00   -0.320167E-15    0.483753E+02    0.000000E+00
                                       0.55622E-05   -0.465359E-18    0.000000E+00    0.352549E+02
      425.000  11.9791   0.99999E+13   0.51699E-25    0.441051E+02   -0.320173E-15   -0.327309E-15
                                       0.00000E+00   -0.479018E-15    0.441051E+02    0.000000E+00
                                       0.57852E-05    0.159776E-15    0.000000E+00    0.312209E+02
      450.000  12.0174   0.10000E+14  -0.25849E-25    0.404147E+02   -0.161326E-15   -0.310243E-18
                                       0.00000E+00   -0.161326E-15    0.404147E+02    0.000000E+00
                                       0.59151E-05   -0.155122E-17    0.000000E+00    0.278859E+02
      475.000  12.0559   0.10000E+14  -0.53327E-22    0.372106E+02   -0.320170E-15   -0.154190E-15
                                       0.00000E+00   -0.161326E-15    0.372106E+02    0.000000E+00
                                       0.59648E-05   -0.160085E-15    0.000000E+00    0.251057E+02
      500.000  12.0946   0.99999E+13   0.46529E-24    0.344136E+02   -0.243232E-15   -0.167532E-16
                                       0.00000E+00   -0.322655E-15    0.344136E+02    0.000000E+00
                                       0.59476E-05   -0.155123E-15    0.000000E+00    0.227690E+02

                                                      0.230142E-05    Max error
     Iteration number:        77

     =============================================================================================
       Temp     Fermi   Hole density  Population SR            Drift Hole mobility 
        [K]      [eV]     [cm^-3]      [h per cell]                    [cm^2/Vs]
     =============================================================================================

      200.000  11.6464   0.10000E+14   0.50487E-28    0.107986E+03   -0.775606E-19    0.124188E-17
                                       0.00000E+00   -0.775606E-19    0.107986E+03    0.000000E+00
                                       0.10472E-05    0.775606E-19    0.000000E+00    0.128827E+03
      225.000  11.6821   0.10000E+14  -0.26051E-25    0.100424E+03   -0.155122E-18   -0.309032E-18
                                       0.00000E+00   -0.155122E-18    0.100424E+03    0.000000E+00
                                       0.16172E-05   -0.156637E-18    0.000000E+00    0.106925E+03
      250.000  11.7181   0.10000E+14   0.51699E-25    0.912615E+02   -0.310243E-18   -0.434825E-17
                                       0.00000E+00   -0.310243E-18    0.912615E+02    0.000000E+00
                                       0.22742E-05   -0.317515E-18    0.000000E+00    0.890323E+02
      275.000  11.7545   0.99999E+13  -0.32312E-26    0.820161E+02   -0.636002E-15   -0.496392E-17
                                       0.00000E+00   -0.636002E-15    0.820161E+02    0.000000E+00
                                       0.29750E-05    0.625337E-18    0.000000E+00    0.745877E+02
      300.000  11.7913   0.99999E+13   0.10340E-24    0.734245E+02   -0.124098E-17    0.111494E-16
                                       0.00000E+00   -0.318931E-15    0.734245E+02    0.000000E+00
                                       0.36671E-05   -0.630183E-18    0.000000E+00    0.629935E+02
      325.000  11.8283   0.10000E+14   0.12925E-25    0.657700E+02   -0.318931E-15    0.149693E-16
                                       0.00000E+00   -0.317690E-15    0.657700E+02    0.000000E+00
                                       0.43045E-05    0.659268E-18    0.000000E+00    0.536954E+02
      350.000  11.8656   0.10000E+14  -0.21972E-24    0.590956E+02   -0.318930E-15    0.248194E-17
                                       0.00000E+00   -0.318930E-15    0.590956E+02    0.000000E+00
                                       0.48555E-05    0.000000E+00    0.000000E+00    0.462182E+02
      375.000  11.9032   0.10000E+14   0.18095E-24    0.533336E+02   -0.320170E-15    0.279218E-17
                                       0.00000E+00   -0.320170E-15    0.533336E+02    0.000000E+00
                                       0.53021E-05   -0.465364E-18    0.000000E+00    0.401739E+02
      400.000  11.9410   0.10000E+14   0.12925E-25    0.483753E+02   -0.161325E-15    0.317685E-15
                                       0.00000E+00   -0.161325E-15    0.483753E+02    0.000000E+00
                                       0.56394E-05   -0.158687E-15    0.000000E+00    0.352549E+02
      425.000  11.9791   0.99999E+13  -0.51699E-25    0.441051E+02   -0.161327E-15    0.317381E-15
                                       0.00000E+00   -0.317691E-15    0.441051E+02    0.000000E+00
                                       0.58719E-05    0.310245E-18    0.000000E+00    0.312209E+02
      450.000  12.0174   0.10000E+14   0.00000E+00    0.404147E+02   -0.161326E-15   -0.992778E-17
                                       0.00000E+00   -0.320171E-15    0.404147E+02    0.000000E+00
                                       0.60092E-05    0.157293E-15    0.000000E+00    0.278859E+02
      475.000  12.0559   0.10000E+14  -0.53327E-22    0.372106E+02   -0.320170E-15    0.465364E-17
                                       0.00000E+00   -0.161326E-15    0.372106E+02    0.000000E+00
                                       0.60642E-05   -0.156983E-15    0.000000E+00    0.251057E+02
      500.000  12.0946   0.99999E+13  -0.46529E-24    0.344136E+02   -0.243232E-15   -0.589466E-17
                                       0.00000E+00   -0.322655E-15    0.344136E+02    0.000000E+00
                                       0.60504E-05   -0.124098E-17    0.000000E+00    0.227690E+02

                                                      0.222241E-05    Max error
     Iteration number:        78

     =============================================================================================
       Temp     Fermi   Hole density  Population SR            Drift Hole mobility 
        [K]      [eV]     [cm^-3]      [h per cell]                    [cm^2/Vs]
     =============================================================================================

      200.000  11.6464   0.10000E+14   0.50487E-28    0.107986E+03   -0.775606E-19    0.302971E-21
                                       0.00000E+00   -0.775606E-19    0.107986E+03    0.000000E+00
                                       0.10488E-05    0.776742E-19    0.000000E+00    0.128827E+03
      225.000  11.6821   0.10000E+14   0.20195E-27    0.100424E+03   -0.155122E-18    0.121189E-20
                                       0.00000E+00    0.155122E-18    0.100424E+03    0.000000E+00
                                       0.16213E-05    0.152698E-18    0.000000E+00    0.106925E+03
      250.000  11.7181   0.10000E+14   0.51699E-25    0.912615E+02   -0.310243E-18    0.433856E-17
                                       0.00000E+00   -0.310243E-18    0.912615E+02    0.000000E+00
                                       0.22833E-05   -0.304184E-18    0.000000E+00    0.890323E+02
      275.000  11.7545   0.99999E+13   0.16156E-26    0.820161E+02   -0.636002E-15    0.193903E-19
                                       0.00000E+00   -0.620490E-18    0.820161E+02    0.000000E+00
                                       0.29920E-05    0.630185E-18    0.000000E+00    0.745877E+02
      300.000  11.7913   0.99999E+13   0.10017E-24    0.734245E+02   -0.318931E-15    0.374232E-17
                                       0.00000E+00   -0.124098E-17    0.734245E+02    0.000000E+00
                                       0.36947E-05   -0.193902E-19    0.000000E+00    0.629935E+02
      325.000  11.8283   0.10000E+14  -0.32312E-26    0.657700E+02   -0.318931E-15    0.307723E-15
                                       0.00000E+00   -0.317690E-15    0.657700E+02    0.000000E+00
                                       0.43445E-05    0.116341E-18    0.000000E+00    0.536954E+02
      350.000  11.8656   0.10000E+14  -0.21326E-24    0.590956E+02   -0.318930E-15   -0.124097E-16
                                       0.00000E+00   -0.318930E-15    0.590956E+02    0.000000E+00
                                       0.49086E-05    0.387804E-18    0.000000E+00    0.462182E+02
      375.000  11.9032   0.10000E+14   0.20680E-24    0.533336E+02   -0.248194E-17   -0.153493E-15
                                       0.00000E+00   -0.320170E-15    0.533336E+02    0.000000E+00
                                       0.53680E-05   -0.310243E-18    0.000000E+00    0.401739E+02
      400.000  11.9410   0.10000E+14   0.25849E-25    0.483753E+02   -0.161325E-15    0.158687E-15
                                       0.00000E+00   -0.161325E-15    0.483753E+02    0.000000E+00
                                       0.57167E-05   -0.620479E-18    0.000000E+00    0.352549E+02
      425.000  11.9791   0.99999E+13   0.51699E-25    0.441051E+02   -0.320173E-15    0.102381E-16
                                       0.00000E+00   -0.320173E-15    0.441051E+02    0.000000E+00
                                       0.59588E-05   -0.158845E-15    0.000000E+00    0.312210E+02
      450.000  12.0174   0.10000E+14  -0.43944E-24    0.404147E+02   -0.320171E-15    0.152019E-16
                                       0.00000E+00   -0.161326E-15    0.404147E+02    0.000000E+00
                                       0.61037E-05    0.159775E-15    0.000000E+00    0.278859E+02
      475.000  12.0559   0.10000E+14  -0.53327E-22    0.372106E+02   -0.320170E-15    0.145814E-16
                                       0.00000E+00   -0.320170E-15    0.372106E+02    0.000000E+00
                                       0.61642E-05    0.124097E-17    0.000000E+00    0.251057E+02
      500.000  12.0946   0.99999E+13  -0.51699E-24    0.344136E+02   -0.243232E-15    0.155123E-16
                                       0.00000E+00   -0.322655E-15    0.344136E+02    0.000000E+00
                                       0.61540E-05    0.186147E-17    0.000000E+00    0.227690E+02

                                                      0.214609E-05    Max error
     Iteration number:        79

     =============================================================================================
       Temp     Fermi   Hole density  Population SR            Drift Hole mobility 
        [K]      [eV]     [cm^-3]      [h per cell]                    [cm^2/Vs]
     =============================================================================================

      200.000  11.6464   0.10000E+14  -0.50487E-28    0.107986E+03   -0.775606E-19    0.000000E+00
                                       0.00000E+00   -0.775606E-19    0.107986E+03    0.000000E+00
                                       0.10503E-05   -0.775227E-19    0.000000E+00    0.128827E+03
      225.000  11.6821   0.10000E+14  -0.26051E-25    0.100424E+03   -0.155122E-18    0.311456E-18
                                       0.00000E+00   -0.155122E-18    0.100424E+03    0.000000E+00
                                       0.16253E-05    0.154516E-18    0.000000E+00    0.106925E+03
      250.000  11.7181   0.10000E+14   0.51699E-25    0.912615E+02   -0.310243E-18   -0.186631E-17
                                       0.00000E+00   -0.310243E-18    0.912615E+02    0.000000E+00
                                       0.22921E-05    0.311455E-18    0.000000E+00    0.890323E+02
      275.000  11.7545   0.99999E+13  -0.24234E-26    0.820161E+02   -0.636002E-15    0.498331E-17
                                       0.00000E+00   -0.620490E-18    0.820161E+02    0.000000E+00
                                       0.30087E-05   -0.242379E-19    0.000000E+00    0.745877E+02
      300.000  11.7913   0.99999E+13   0.32312E-26    0.734245E+02   -0.318931E-15    0.992780E-17
                                       0.00000E+00   -0.318931E-15    0.734245E+02    0.000000E+00
                                       0.37219E-05    0.317108E-15    0.000000E+00    0.629935E+02
      325.000  11.8283   0.10000E+14  -0.20680E-24    0.657700E+02   -0.318931E-15    0.504146E-17
                                       0.00000E+00   -0.320172E-15    0.657700E+02    0.000000E+00
                                       0.43842E-05    0.318194E-15    0.000000E+00    0.536954E+02
      350.000  11.8656   0.10000E+14   0.22618E-24    0.590956E+02   -0.124097E-17   -0.248194E-17
                                       0.00000E+00   -0.318930E-15    0.590956E+02    0.000000E+00
                                       0.49616E-05    0.232682E-18    0.000000E+00    0.462182E+02
      375.000  11.9032   0.10000E+14   0.18095E-24    0.533336E+02   -0.320170E-15   -0.224926E-17
                                       0.00000E+00   -0.320170E-15    0.533336E+02    0.000000E+00
                                       0.54338E-05   -0.155121E-18    0.000000E+00    0.401739E+02
      400.000  11.9410   0.10000E+14  -0.25849E-25    0.483753E+02   -0.161325E-15    0.000000E+00
                                       0.00000E+00   -0.161325E-15    0.483753E+02    0.000000E+00
                                       0.57942E-05    0.158532E-15    0.000000E+00    0.352549E+02
      425.000  11.9791   0.99999E+13  -0.51699E-25    0.441051E+02   -0.161327E-15   -0.310245E-18
                                       0.00000E+00   -0.476536E-15    0.441051E+02    0.000000E+00
                                       0.60461E-05    0.186147E-17    0.000000E+00    0.312210E+02
      450.000  12.0174   0.10000E+14   0.00000E+00    0.404147E+02   -0.161326E-15   -0.158844E-15
                                       0.00000E+00   -0.161326E-15    0.404147E+02    0.000000E+00
                                       0.61987E-05   -0.930729E-18    0.000000E+00    0.278860E+02
      475.000  12.0559   0.10000E+14  -0.53276E-22    0.372106E+02   -0.320170E-15    0.558436E-17
                                       0.00000E+00   -0.161326E-15    0.372106E+02    0.000000E+00
                                       0.62648E-05    0.248194E-17    0.000000E+00    0.251058E+02
      500.000  12.0946   0.99999E+13   0.36189E-24    0.344136E+02   -0.243232E-15    0.840765E-16
                                       0.00000E+00   -0.322655E-15    0.344136E+02    0.000000E+00
                                       0.62583E-05   -0.186147E-17    0.000000E+00    0.227690E+02

                                                      0.207241E-05    Max error
     Iteration number:        80

     =============================================================================================
       Temp     Fermi   Hole density  Population SR            Drift Hole mobility 
        [K]      [eV]     [cm^-3]      [h per cell]                    [cm^2/Vs]
     =============================================================================================

      200.000  11.6464   0.10000E+14  -0.50487E-28    0.107986E+03   -0.775606E-19    0.124097E-17
                                       0.00000E+00   -0.775606E-19    0.107986E+03    0.000000E+00
                                       0.10518E-05   -0.777121E-19    0.000000E+00    0.128827E+03
      225.000  11.6821   0.10000E+14   0.20195E-27    0.100424E+03   -0.155122E-18    0.121189E-20
                                       0.00000E+00    0.155122E-18    0.100424E+03    0.000000E+00
                                       0.16292E-05    0.155728E-18    0.000000E+00    0.106925E+03
      250.000  11.7181   0.10000E+14   0.51699E-25    0.912615E+02   -0.310243E-18    0.615639E-18
                                       0.00000E+00   -0.310243E-18    0.912615E+02    0.000000E+00
                                       0.23008E-05    0.121189E-20    0.000000E+00    0.890323E+02
      275.000  11.7545   0.99999E+13   0.00000E+00    0.820161E+02   -0.636002E-15   -0.499300E-17
                                       0.00000E+00   -0.620490E-18    0.820161E+02    0.000000E+00
                                       0.30250E-05    0.639880E-18    0.000000E+00    0.745877E+02
      300.000  11.7913   0.99999E+13   0.10340E-24    0.734245E+02   -0.124098E-17   -0.374232E-17
                                       0.00000E+00   -0.318931E-15    0.734245E+02    0.000000E+00
                                       0.37488E-05    0.581707E-18    0.000000E+00    0.629935E+02
      325.000  11.8283   0.10000E+14   0.12925E-25    0.657700E+02   -0.318931E-15   -0.488634E-17
                                       0.00000E+00   -0.317690E-15    0.657700E+02    0.000000E+00
                                       0.44236E-05    0.581707E-18    0.000000E+00    0.536954E+02
      350.000  11.8656   0.10000E+14  -0.21326E-24    0.590956E+02   -0.318930E-15   -0.736827E-17
                                       0.00000E+00   -0.318930E-15    0.590956E+02    0.000000E+00
                                       0.50143E-05    0.232682E-18    0.000000E+00    0.462182E+02
      375.000  11.9032   0.10000E+14   0.18095E-24    0.533336E+02   -0.320170E-15    0.279218E-17
                                       0.00000E+00   -0.320170E-15    0.533336E+02    0.000000E+00
                                       0.54995E-05   -0.465364E-18    0.000000E+00    0.401739E+02
      400.000  11.9410   0.10000E+14   0.12925E-25    0.483753E+02   -0.161325E-15   -0.317685E-15
                                       0.00000E+00   -0.161325E-15    0.483753E+02    0.000000E+00
                                       0.58717E-05    0.310239E-18    0.000000E+00    0.352550E+02
      425.000  11.9791   0.99999E+13   0.51699E-25    0.441051E+02   -0.320173E-15    0.102381E-16
                                       0.00000E+00   -0.320173E-15    0.441051E+02    0.000000E+00
                                       0.61336E-05   -0.157605E-15    0.000000E+00    0.312210E+02
      450.000  12.0174   0.10000E+14  -0.25849E-25    0.404147E+02   -0.161326E-15   -0.310243E-18
                                       0.00000E+00   -0.161326E-15    0.404147E+02    0.000000E+00
                                       0.62941E-05   -0.161016E-15    0.000000E+00    0.278860E+02
      475.000  12.0559   0.10000E+14  -0.53379E-22    0.372106E+02   -0.320170E-15    0.154190E-15
                                       0.00000E+00   -0.320170E-15    0.372106E+02    0.000000E+00
                                       0.63661E-05    0.248194E-17    0.000000E+00    0.251058E+02
      500.000  12.0946   0.99999E+13  -0.46529E-24    0.344136E+02   -0.243232E-15   -0.403319E-17
                                       0.00000E+00   -0.243232E-15    0.344136E+02    0.000000E+00
                                       0.63633E-05    0.124098E-17    0.000000E+00    0.227690E+02

                                                      0.200125E-05    Max error
     Iteration number:        81

     =============================================================================================
       Temp     Fermi   Hole density  Population SR            Drift Hole mobility 
        [K]      [eV]     [cm^-3]      [h per cell]                    [cm^2/Vs]
     =============================================================================================

      200.000  11.6464   0.10000E+14   0.50487E-28    0.107986E+03   -0.775606E-19   -0.124006E-17
                                       0.00000E+00   -0.775606E-19    0.107986E+03    0.000000E+00
                                       0.10532E-05    0.774091E-19    0.000000E+00    0.128827E+03
      225.000  11.6821   0.10000E+14  -0.26051E-25    0.100424E+03   -0.155122E-18   -0.309032E-18
                                       0.00000E+00   -0.155122E-18    0.100424E+03    0.000000E+00
                                       0.16330E-05    0.121189E-20    0.000000E+00    0.106925E+03
      250.000  11.7181   0.10000E+14   0.51699E-25    0.912615E+02   -0.310243E-18   -0.310728E-17
                                       0.00000E+00   -0.310243E-18    0.912615E+02    0.000000E+00
                                       0.23092E-05   -0.242378E-20    0.000000E+00    0.890323E+02
      275.000  11.7545   0.99999E+13  -0.24234E-26    0.820161E+02   -0.636002E-15    0.495422E-17
                                       0.00000E+00   -0.620490E-18    0.820161E+02    0.000000E+00
                                       0.30411E-05    0.000000E+00    0.000000E+00    0.745877E+02
      300.000  11.7913   0.99999E+13   0.10017E-24    0.734245E+02   -0.318931E-15    0.870622E-17
                                       0.00000E+00   -0.318931E-15    0.734245E+02    0.000000E+00
                                       0.37753E-05    0.601097E-18    0.000000E+00    0.629935E+02
      325.000  11.8283   0.10000E+14  -0.32312E-26    0.657700E+02   -0.318931E-15    0.988902E-17
                                       0.00000E+00   -0.317690E-15    0.657700E+02    0.000000E+00
                                       0.44626E-05   -0.659268E-18    0.000000E+00    0.536954E+02
      350.000  11.8656   0.10000E+14  -0.21326E-24    0.590956E+02   -0.318930E-15    0.325135E-15
                                       0.00000E+00   -0.318930E-15    0.590956E+02    0.000000E+00
                                       0.50667E-05    0.159232E-15    0.000000E+00    0.462182E+02
      375.000  11.9032   0.10000E+14   0.18095E-24    0.533336E+02   -0.320170E-15   -0.468777E-15
                                       0.00000E+00   -0.320170E-15    0.533336E+02    0.000000E+00
                                       0.55651E-05   -0.155121E-18    0.000000E+00    0.401739E+02
      400.000  11.9410   0.10000E+14   0.25849E-25    0.483753E+02   -0.161325E-15   -0.155120E-18
                                       0.00000E+00   -0.320167E-15    0.483753E+02    0.000000E+00
                                       0.59493E-05    0.157447E-15    0.000000E+00    0.352550E+02
      425.000  11.9791   0.99999E+13  -0.51699E-25    0.441051E+02   -0.161327E-15   -0.159156E-15
                                       0.00000E+00   -0.317691E-15    0.441051E+02    0.000000E+00
                                       0.62214E-05   -0.159156E-15    0.000000E+00    0.312211E+02
      450.000  12.0174   0.10000E+14   0.00000E+00    0.404147E+02   -0.320171E-15    0.148917E-15
                                       0.00000E+00   -0.320171E-15    0.404147E+02    0.000000E+00
                                       0.63900E-05    0.155122E-17    0.000000E+00    0.278860E+02
      475.000  12.0559   0.10000E+14  -0.53276E-22    0.372106E+02   -0.320170E-15   -0.434339E-17
                                       0.00000E+00   -0.161326E-15    0.372106E+02    0.000000E+00
                                       0.64680E-05   -0.161947E-15    0.000000E+00    0.251058E+02
      500.000  12.0946   0.99999E+13  -0.56869E-24    0.344136E+02   -0.243232E-15   -0.153571E-15
                                       0.00000E+00   -0.322655E-15    0.344136E+02    0.000000E+00
                                       0.64691E-05   -0.160707E-15    0.000000E+00    0.227691E+02

                                                      0.193254E-05    Max error
     Iteration number:        82

     =============================================================================================
       Temp     Fermi   Hole density  Population SR            Drift Hole mobility 
        [K]      [eV]     [cm^-3]      [h per cell]                    [cm^2/Vs]
     =============================================================================================

      200.000  11.6464   0.10000E+14   0.50487E-28    0.107986E+03   -0.775606E-19    0.302971E-21
                                       0.00000E+00   -0.775606E-19    0.107986E+03    0.000000E+00
                                       0.10545E-05    0.774091E-19    0.000000E+00    0.128827E+03
      225.000  11.6821   0.10000E+14   0.20195E-27    0.100424E+03   -0.155122E-18    0.121189E-20
                                       0.00000E+00    0.155122E-18    0.100424E+03    0.000000E+00
                                       0.16366E-05   -0.605945E-21    0.000000E+00    0.106925E+03
      250.000  11.7181   0.10000E+14   0.51699E-25    0.912615E+02   -0.310243E-18   -0.558923E-17
                                       0.00000E+00   -0.310243E-18    0.912615E+02    0.000000E+00
                                       0.23174E-05    0.300548E-18    0.000000E+00    0.890323E+02
      275.000  11.7545   0.99999E+13  -0.40390E-26    0.820161E+02   -0.636002E-15   -0.497361E-17
                                       0.00000E+00   -0.636002E-15    0.820161E+02    0.000000E+00
                                       0.30568E-05   -0.305397E-18    0.000000E+00    0.745876E+02
      300.000  11.7913   0.99999E+13   0.32312E-26    0.734245E+02   -0.318931E-15    0.000000E+00
                                       0.00000E+00   -0.318931E-15    0.734245E+02    0.000000E+00
                                       0.38015E-05    0.317147E-15    0.000000E+00    0.629935E+02
      325.000  11.8283   0.10000E+14  -0.20680E-24    0.657700E+02   -0.318931E-15    0.312803E-15
                                       0.00000E+00   -0.320172E-15    0.657700E+02    0.000000E+00
                                       0.45013E-05   -0.581707E-18    0.000000E+00    0.536954E+02
      350.000  11.8656   0.10000E+14  -0.20680E-24    0.590956E+02   -0.318930E-15   -0.985021E-17
                                       0.00000E+00   -0.318930E-15    0.590956E+02    0.000000E+00
                                       0.51189E-05    0.155121E-18    0.000000E+00    0.462182E+02
      375.000  11.9032   0.10000E+14   0.20680E-24    0.533336E+02   -0.320170E-15   -0.705802E-17
                                       0.00000E+00   -0.320170E-15    0.533336E+02    0.000000E+00
                                       0.56306E-05   -0.310243E-18    0.000000E+00    0.401740E+02
      400.000  11.9410   0.10000E+14   0.25849E-25    0.483753E+02   -0.161325E-15   -0.158532E-15
                                       0.00000E+00   -0.161325E-15    0.483753E+02    0.000000E+00
                                       0.60270E-05   -0.159463E-15    0.000000E+00    0.352550E+02
      425.000  11.9791   0.99999E+13   0.51699E-25    0.441051E+02   -0.320173E-15    0.310245E-18
                                       0.00000E+00   -0.479018E-15    0.441051E+02    0.000000E+00
                                       0.63095E-05   -0.158535E-15    0.000000E+00    0.312211E+02
      450.000  12.0174   0.10000E+14  -0.43944E-24    0.404147E+02   -0.161326E-15    0.310243E-18
                                       0.00000E+00   -0.161326E-15    0.404147E+02    0.000000E+00
                                       0.64864E-05   -0.156362E-15    0.000000E+00    0.278860E+02
      475.000  12.0559   0.10000E+14  -0.53379E-22    0.372106E+02   -0.320170E-15   -0.153570E-15
                                       0.00000E+00   -0.320170E-15    0.372106E+02    0.000000E+00
                                       0.65705E-05    0.310242E-17    0.000000E+00    0.251059E+02
      500.000  12.0946   0.99999E+13   0.31019E-24    0.344136E+02   -0.243232E-15   -0.145815E-16
                                       0.00000E+00   -0.322655E-15    0.344136E+02    0.000000E+00
                                       0.65757E-05    0.248196E-17    0.000000E+00    0.227691E+02

                                                      0.186619E-05    Max error
     Iteration number:        83

     =============================================================================================
       Temp     Fermi   Hole density  Population SR            Drift Hole mobility 
        [K]      [eV]     [cm^-3]      [h per cell]                    [cm^2/Vs]
     =============================================================================================

      200.000  11.6464   0.10000E+14  -0.50487E-28    0.107986E+03   -0.775606E-19    0.124097E-17
                                       0.00000E+00   -0.775606E-19    0.107986E+03    0.000000E+00
                                       0.10558E-05   -0.774091E-19    0.000000E+00    0.128827E+03
      225.000  11.6821   0.10000E+14  -0.26051E-25    0.100424E+03   -0.155122E-18    0.121189E-20
                                       0.00000E+00   -0.155122E-18    0.100424E+03    0.000000E+00
                                       0.16401E-05   -0.154516E-18    0.000000E+00    0.106925E+03
      250.000  11.7181   0.10000E+14   0.51699E-25    0.912615E+02   -0.310243E-18    0.806148E-17
                                       0.00000E+00   -0.310243E-18    0.912615E+02    0.000000E+00
                                       0.23253E-05    0.316303E-18    0.000000E+00    0.890323E+02
      275.000  11.7545   0.99999E+13   0.24234E-26    0.820161E+02   -0.636002E-15   -0.494453E-17
                                       0.00000E+00   -0.620490E-18    0.820161E+02    0.000000E+00
                                       0.30722E-05   -0.969515E-20    0.000000E+00    0.745876E+02
      300.000  11.7913   0.99999E+13   0.10340E-24    0.734245E+02   -0.124098E-17   -0.870622E-17
                                       0.00000E+00   -0.318931E-15    0.734245E+02    0.000000E+00
                                       0.38273E-05   -0.562317E-18    0.000000E+00    0.629935E+02
      325.000  11.8283   0.10000E+14   0.12925E-25    0.657700E+02   -0.318931E-15    0.775609E-19
                                       0.00000E+00   -0.317690E-15    0.657700E+02    0.000000E+00
                                       0.45397E-05    0.542926E-18    0.000000E+00    0.536954E+02
      350.000  11.8656   0.10000E+14   0.21326E-24    0.590956E+02   -0.124097E-17    0.248194E-17
                                       0.00000E+00   -0.318930E-15    0.590956E+02    0.000000E+00
                                       0.51709E-05   -0.159310E-15    0.000000E+00    0.462182E+02
      375.000  11.9032   0.10000E+14   0.18095E-24    0.533336E+02   -0.320170E-15   -0.309932E-15
                                       0.00000E+00   -0.320170E-15    0.533336E+02    0.000000E+00
                                       0.56961E-05   -0.158534E-15    0.000000E+00    0.401740E+02
      400.000  11.9410   0.10000E+14   0.12925E-25    0.483753E+02   -0.161325E-15    0.000000E+00
                                       0.00000E+00   -0.161325E-15    0.483753E+02    0.000000E+00
                                       0.61048E-05   -0.157291E-15    0.000000E+00    0.352550E+02
      425.000  11.9791   0.99999E+13  -0.51699E-25    0.441051E+02   -0.320173E-15   -0.310245E-18
                                       0.00000E+00   -0.317691E-15    0.441051E+02    0.000000E+00
                                       0.63979E-05    0.157915E-15    0.000000E+00    0.312211E+02
      450.000  12.0174   0.10000E+14   0.00000E+00    0.404147E+02   -0.320171E-15    0.158844E-15
                                       0.00000E+00   -0.161326E-15    0.404147E+02    0.000000E+00
                                       0.65833E-05   -0.159155E-15    0.000000E+00    0.278861E+02
      475.000  12.0559   0.10000E+14  -0.53327E-22    0.372106E+02   -0.320170E-15   -0.527412E-17
                                       0.00000E+00   -0.320170E-15    0.372106E+02    0.000000E+00
                                       0.66736E-05    0.620485E-18    0.000000E+00    0.251059E+02
      500.000  12.0946   0.99999E+13  -0.46529E-24    0.344136E+02   -0.243232E-15    0.403319E-17
                                       0.00000E+00   -0.243232E-15    0.344136E+02    0.000000E+00
                                       0.66831E-05   -0.620490E-18    0.000000E+00    0.227691E+02

                                                      0.180211E-05    Max error
     Iteration number:        84

     =============================================================================================
       Temp     Fermi   Hole density  Population SR            Drift Hole mobility 
        [K]      [eV]     [cm^-3]      [h per cell]                    [cm^2/Vs]
     =============================================================================================

      200.000  11.6464   0.10000E+14  -0.50487E-28    0.107986E+03   -0.775606E-19    0.000000E+00
                                       0.00000E+00   -0.775606E-19    0.107986E+03    0.000000E+00
                                       0.10570E-05   -0.775985E-19    0.000000E+00    0.128827E+03
      225.000  11.6821   0.10000E+14   0.20195E-27    0.100424E+03   -0.155122E-18    0.121189E-20
                                       0.00000E+00    0.155122E-18    0.100424E+03    0.000000E+00
                                       0.16434E-05    0.155728E-18    0.000000E+00    0.106925E+03
      250.000  11.7181   0.10000E+14   0.51699E-25    0.912615E+02   -0.310243E-18   -0.807117E-17
                                       0.00000E+00   -0.310243E-18    0.912615E+02    0.000000E+00
                                       0.23331E-05   -0.312667E-18    0.000000E+00    0.890323E+02
      275.000  11.7545   0.99999E+13  -0.24234E-26    0.820161E+02   -0.636002E-15    0.498331E-17
                                       0.00000E+00   -0.620490E-18    0.820161E+02    0.000000E+00
                                       0.30874E-05    0.317686E-15    0.000000E+00    0.745876E+02
      300.000  11.7913   0.99999E+13   0.10017E-24    0.734245E+02   -0.318931E-15    0.870622E-17
                                       0.00000E+00   -0.318931E-15    0.734245E+02    0.000000E+00
                                       0.38528E-05    0.317069E-15    0.000000E+00    0.629935E+02
      325.000  11.8283   0.10000E+14  -0.32312E-26    0.657700E+02   -0.124097E-17    0.492512E-17
                                       0.00000E+00   -0.317690E-15    0.657700E+02    0.000000E+00
                                       0.45778E-05   -0.317728E-15    0.000000E+00    0.536954E+02
      350.000  11.8656   0.10000E+14  -0.18741E-24    0.590956E+02   -0.318930E-15    0.240438E-17
                                       0.00000E+00   -0.318930E-15    0.590956E+02    0.000000E+00
                                       0.52227E-05   -0.232682E-18    0.000000E+00    0.462182E+02
      375.000  11.9032   0.10000E+14   0.18095E-24    0.533336E+02   -0.320170E-15   -0.961752E-17
                                       0.00000E+00   -0.320170E-15    0.533336E+02    0.000000E+00
                                       0.57614E-05   -0.155121E-18    0.000000E+00    0.401740E+02
      400.000  11.9410   0.10000E+14   0.25849E-25    0.483753E+02   -0.161325E-15   -0.155120E-18
                                       0.00000E+00   -0.161325E-15    0.483753E+02    0.000000E+00
                                       0.61827E-05   -0.124096E-17    0.000000E+00    0.352551E+02
      425.000  11.9791   0.99999E+13   0.51699E-25    0.441051E+02   -0.161327E-15    0.466919E-15
                                       0.00000E+00   -0.320173E-15    0.441051E+02    0.000000E+00
                                       0.64865E-05   -0.310245E-18    0.000000E+00    0.312211E+02
      450.000  12.0174   0.10000E+14  -0.25849E-25    0.404147E+02   -0.320171E-15   -0.310243E-18
                                       0.00000E+00   -0.161326E-15    0.404147E+02    0.000000E+00
                                       0.66806E-05    0.310243E-17    0.000000E+00    0.278861E+02
      475.000  12.0559   0.10000E+14  -0.53379E-22    0.372106E+02   -0.320170E-15   -0.465364E-17
                                       0.00000E+00   -0.161326E-15    0.372106E+02    0.000000E+00
                                       0.67774E-05   -0.372291E-17    0.000000E+00    0.251059E+02
      500.000  12.0946   0.99999E+13  -0.36189E-24    0.344136E+02   -0.243232E-15   -0.465368E-17
                                       0.00000E+00   -0.243232E-15    0.344136E+02    0.000000E+00
                                       0.67912E-05   -0.161328E-15    0.000000E+00    0.227691E+02

                                                      0.174024E-05    Max error
     Iteration number:        85

     =============================================================================================
       Temp     Fermi   Hole density  Population SR            Drift Hole mobility 
        [K]      [eV]     [cm^-3]      [h per cell]                    [cm^2/Vs]
     =============================================================================================

      200.000  11.6464   0.10000E+14   0.50487E-28    0.107986E+03   -0.775606E-19    0.908913E-21
                                       0.00000E+00   -0.775606E-19    0.107986E+03    0.000000E+00
                                       0.10582E-05   -0.777121E-19    0.000000E+00    0.128827E+03
      225.000  11.6821   0.10000E+14  -0.26051E-25    0.100424E+03   -0.155122E-18   -0.309032E-18
                                       0.00000E+00   -0.155122E-18    0.100424E+03    0.000000E+00
                                       0.16467E-05    0.155122E-18    0.000000E+00    0.106925E+03
      250.000  11.7181   0.10000E+14   0.51699E-25    0.912615E+02   -0.310243E-18    0.433856E-17
                                       0.00000E+00   -0.310243E-18    0.912615E+02    0.000000E+00
                                       0.23407E-05    0.302972E-18    0.000000E+00    0.890323E+02
      275.000  11.7545   0.99999E+13   0.80779E-27    0.820161E+02   -0.636002E-15   -0.498331E-17
                                       0.00000E+00   -0.620490E-18    0.820161E+02    0.000000E+00
                                       0.31022E-05    0.310245E-18    0.000000E+00    0.745876E+02
      300.000  11.7913   0.99999E+13   0.32312E-26    0.734245E+02   -0.124098E-17   -0.992780E-17
                                       0.00000E+00   -0.318931E-15    0.734245E+02    0.000000E+00
                                       0.38779E-05   -0.601097E-18    0.000000E+00    0.629935E+02
      325.000  11.8283   0.10000E+14  -0.20680E-24    0.657700E+02   -0.318931E-15   -0.110912E-16
                                       0.00000E+00   -0.320172E-15    0.657700E+02    0.000000E+00
                                       0.46155E-05   -0.698048E-18    0.000000E+00    0.536954E+02
      350.000  11.8656   0.10000E+14  -0.21326E-24    0.590956E+02   -0.124097E-17   -0.240438E-17
                                       0.00000E+00   -0.318930E-15    0.590956E+02    0.000000E+00
                                       0.52742E-05    0.465364E-18    0.000000E+00    0.462182E+02
      375.000  11.9032   0.10000E+14   0.20680E-24    0.533336E+02   -0.320170E-15    0.127975E-16
                                       0.00000E+00   -0.320170E-15    0.533336E+02    0.000000E+00
                                       0.58267E-05    0.000000E+00    0.000000E+00    0.401740E+02
      400.000  11.9410   0.10000E+14   0.25849E-25    0.483753E+02   -0.161325E-15    0.310239E-18
                                       0.00000E+00   -0.320167E-15    0.483753E+02    0.000000E+00
                                       0.62606E-05    0.158998E-15    0.000000E+00    0.352551E+02
      425.000  11.9791   0.99999E+13  -0.51699E-25    0.441051E+02   -0.320173E-15   -0.310245E-18
                                       0.00000E+00   -0.317691E-15    0.441051E+02    0.000000E+00
                                       0.65755E-05    0.279221E-17    0.000000E+00    0.312212E+02
      450.000  12.0174   0.10000E+14   0.00000E+00    0.404147E+02   -0.161326E-15    0.000000E+00
                                       0.00000E+00   -0.320171E-15    0.404147E+02    0.000000E+00
                                       0.67785E-05    0.558437E-17    0.000000E+00    0.278861E+02
      475.000  12.0559   0.10000E+14  -0.53379E-22    0.372106E+02   -0.320170E-15    0.527412E-17
                                       0.00000E+00   -0.161326E-15    0.372106E+02    0.000000E+00
                                       0.68819E-05   -0.154501E-15    0.000000E+00    0.251059E+02
      500.000  12.0946   0.99999E+13  -0.46529E-24    0.344136E+02   -0.243232E-15    0.403319E-17
                                       0.00000E+00   -0.243232E-15    0.344136E+02    0.000000E+00
                                       0.69002E-05   -0.992785E-17    0.000000E+00    0.227691E+02

                                                      0.168049E-05    Max error
     Iteration number:        86

     =============================================================================================
       Temp     Fermi   Hole density  Population SR            Drift Hole mobility 
        [K]      [eV]     [cm^-3]      [h per cell]                    [cm^2/Vs]
     =============================================================================================

      200.000  11.6464   0.10000E+14   0.50487E-28    0.107986E+03   -0.775606E-19    0.124127E-17
                                       0.00000E+00   -0.775606E-19    0.107986E+03    0.000000E+00
                                       0.10593E-05    0.775227E-19    0.000000E+00    0.128827E+03
      225.000  11.6821   0.10000E+14   0.20195E-27    0.100424E+03   -0.155122E-18    0.121189E-20
                                       0.00000E+00    0.155122E-18    0.100424E+03    0.000000E+00
                                       0.16498E-05    0.156940E-18    0.000000E+00    0.106925E+03
      250.000  11.7181   0.10000E+14   0.51699E-25    0.912615E+02   -0.310243E-18   -0.496874E-17
                                       0.00000E+00   -0.310243E-18    0.912615E+02    0.000000E+00
                                       0.23480E-05   -0.302972E-18    0.000000E+00    0.890323E+02
      275.000  11.7545   0.99999E+13  -0.24234E-26    0.820161E+02   -0.636002E-15   -0.969515E-20
                                       0.00000E+00   -0.620490E-18    0.820161E+02    0.000000E+00
                                       0.31168E-05    0.317681E-15    0.000000E+00    0.745876E+02
      300.000  11.7913   0.99999E+13   0.10340E-24    0.734245E+02   -0.318931E-15   -0.161521E-16
                                       0.00000E+00   -0.318931E-15    0.734245E+02    0.000000E+00
                                       0.39028E-05   -0.620488E-18    0.000000E+00    0.629935E+02
      325.000  11.8283   0.10000E+14   0.12925E-25    0.657700E+02   -0.318931E-15    0.100054E-16
                                       0.00000E+00   -0.317690E-15    0.657700E+02    0.000000E+00
                                       0.46529E-05    0.000000E+00    0.000000E+00    0.536954E+02
      350.000  11.8656   0.10000E+14  -0.21972E-24    0.590956E+02   -0.124097E-17   -0.124097E-16
                                       0.00000E+00   -0.318930E-15    0.590956E+02    0.000000E+00
                                       0.53255E-05    0.155121E-18    0.000000E+00    0.462182E+02
      375.000  11.9032   0.10000E+14   0.18095E-24    0.533336E+02   -0.320170E-15   -0.319860E-15
                                       0.00000E+00   -0.320170E-15    0.533336E+02    0.000000E+00
                                       0.58919E-05   -0.465364E-18    0.000000E+00    0.401740E+02
      400.000  11.9410   0.10000E+14   0.12925E-25    0.483753E+02   -0.161325E-15    0.000000E+00
                                       0.00000E+00   -0.161325E-15    0.483753E+02    0.000000E+00
                                       0.63387E-05   -0.158843E-15    0.000000E+00    0.352551E+02
      425.000  11.9791   0.99999E+13   0.51699E-25    0.441051E+02   -0.161327E-15   -0.961760E-17
                                       0.00000E+00   -0.479018E-15    0.441051E+02    0.000000E+00
                                       0.66647E-05    0.316760E-15    0.000000E+00    0.312212E+02
      450.000  12.0174   0.10000E+14  -0.43944E-24    0.404147E+02   -0.320171E-15   -0.465365E-17
                                       0.00000E+00   -0.161326E-15    0.404147E+02    0.000000E+00
                                       0.68768E-05    0.620486E-18    0.000000E+00    0.278862E+02
      475.000  12.0559   0.10000E+14  -0.53327E-22    0.372106E+02   -0.320170E-15    0.153570E-15
                                       0.00000E+00   -0.320170E-15    0.372106E+02    0.000000E+00
                                       0.69870E-05    0.248194E-17    0.000000E+00    0.251060E+02
      500.000  12.0946   0.99999E+13  -0.36189E-24    0.344136E+02   -0.243232E-15   -0.682540E-17
                                       0.00000E+00   -0.322655E-15    0.344136E+02    0.000000E+00
                                       0.70099E-05   -0.161328E-15    0.000000E+00    0.227692E+02

                                                      0.162279E-05    Max error
     Iteration number:        87

     =============================================================================================
       Temp     Fermi   Hole density  Population SR            Drift Hole mobility 
        [K]      [eV]     [cm^-3]      [h per cell]                    [cm^2/Vs]
     =============================================================================================

      200.000  11.6464   0.10000E+14  -0.50487E-28    0.107986E+03   -0.775606E-19    0.124097E-17
                                       0.00000E+00   -0.775606E-19    0.107986E+03    0.000000E+00
                                       0.10604E-05   -0.773712E-19    0.000000E+00    0.128827E+03
      225.000  11.6821   0.10000E+14  -0.26051E-25    0.100424E+03   -0.155122E-18    0.311456E-18
                                       0.00000E+00   -0.155122E-18    0.100424E+03    0.000000E+00
                                       0.16529E-05    0.155728E-18    0.000000E+00    0.106925E+03
      250.000  11.7181   0.10000E+14   0.51699E-25    0.912615E+02   -0.310243E-18    0.495905E-17
                                       0.00000E+00   -0.310243E-18    0.912615E+02    0.000000E+00
                                       0.23552E-05   -0.307820E-18    0.000000E+00    0.890323E+02
      275.000  11.7545   0.99999E+13  -0.32312E-26    0.820161E+02   -0.636002E-15   -0.496392E-17
                                       0.00000E+00   -0.636002E-15    0.820161E+02    0.000000E+00
                                       0.31311E-05    0.310245E-18    0.000000E+00    0.745876E+02
      300.000  11.7913   0.99999E+13   0.10017E-24    0.734245E+02   -0.318931E-15    0.870622E-17
                                       0.00000E+00   -0.124098E-17    0.734245E+02    0.000000E+00
                                       0.39272E-05    0.601097E-18    0.000000E+00    0.629935E+02
      325.000  11.8283   0.10000E+14  -0.32312E-26    0.657700E+02   -0.318931E-15   -0.500268E-17
                                       0.00000E+00   -0.317690E-15    0.657700E+02    0.000000E+00
                                       0.46901E-05   -0.318000E-15    0.000000E+00    0.536954E+02
      350.000  11.8656   0.10000E+14  -0.21326E-24    0.590956E+02   -0.318930E-15    0.248194E-17
                                       0.00000E+00   -0.318930E-15    0.590956E+02    0.000000E+00
                                       0.53766E-05   -0.155121E-18    0.000000E+00    0.462182E+02
      375.000  11.9032   0.10000E+14   0.21972E-24    0.533336E+02   -0.320170E-15    0.232682E-17
                                       0.00000E+00   -0.320170E-15    0.533336E+02    0.000000E+00
                                       0.59570E-05    0.155121E-18    0.000000E+00    0.401740E+02
      400.000  11.9410   0.10000E+14   0.25849E-25    0.483753E+02   -0.161325E-15   -0.155120E-18
                                       0.00000E+00   -0.161325E-15    0.483753E+02    0.000000E+00
                                       0.64169E-05    0.158067E-15    0.000000E+00    0.352551E+02
      425.000  11.9791   0.99999E+13  -0.51699E-25    0.441051E+02   -0.320173E-15   -0.310245E-18
                                       0.00000E+00   -0.317691E-15    0.441051E+02    0.000000E+00
                                       0.67543E-05   -0.620490E-18    0.000000E+00    0.312212E+02
      450.000  12.0174   0.10000E+14   0.00000E+00    0.404147E+02   -0.320171E-15    0.000000E+00
                                       0.00000E+00   -0.161326E-15    0.404147E+02    0.000000E+00
                                       0.69756E-05   -0.124097E-17    0.000000E+00    0.278862E+02
      475.000  12.0559   0.10000E+14  -0.53276E-22    0.372106E+02   -0.320170E-15   -0.434339E-17
                                       0.00000E+00   -0.161326E-15    0.372106E+02    0.000000E+00
                                       0.70928E-05    0.124097E-17    0.000000E+00    0.251060E+02
      500.000  12.0946   0.99999E+13   0.36189E-24    0.344136E+02   -0.243232E-15   -0.152020E-16
                                       0.00000E+00   -0.322655E-15    0.344136E+02    0.000000E+00
                                       0.71205E-05    0.620490E-17    0.000000E+00    0.227692E+02

                                                      0.156707E-05    Max error
     Iteration number:        88

     =============================================================================================
       Temp     Fermi   Hole density  Population SR            Drift Hole mobility 
        [K]      [eV]     [cm^-3]      [h per cell]                    [cm^2/Vs]
     =============================================================================================

      200.000  11.6464   0.10000E+14  -0.50487E-28    0.107986E+03   -0.775606E-19    0.124097E-17
                                       0.00000E+00   -0.775606E-19    0.107986E+03    0.000000E+00
                                       0.10614E-05   -0.777121E-19    0.000000E+00    0.128827E+03
      225.000  11.6821   0.10000E+14   0.20195E-27    0.100424E+03   -0.155122E-18    0.121189E-20
                                       0.00000E+00    0.155122E-18    0.100424E+03    0.000000E+00
                                       0.16558E-05    0.153910E-18    0.000000E+00    0.106925E+03
      250.000  11.7181   0.10000E+14   0.51699E-25    0.912615E+02   -0.310243E-18   -0.186631E-17
                                       0.00000E+00   -0.310243E-18    0.912615E+02    0.000000E+00
                                       0.23622E-05    0.121189E-20    0.000000E+00    0.890323E+02
      275.000  11.7545   0.99999E+13   0.16156E-26    0.820161E+02   -0.636002E-15   -0.494453E-17
                                       0.00000E+00   -0.620490E-18    0.820161E+02    0.000000E+00
                                       0.31451E-05    0.300550E-18    0.000000E+00    0.745876E+02
      300.000  11.7913   0.99999E+13   0.32312E-26    0.734245E+02   -0.318931E-15   -0.992780E-17
                                       0.00000E+00   -0.318931E-15    0.734245E+02    0.000000E+00
                                       0.39514E-05   -0.318349E-15    0.000000E+00    0.629935E+02
      325.000  11.8283   0.10000E+14  -0.20680E-24    0.657700E+02   -0.124097E-17    0.327695E-15
                                       0.00000E+00   -0.320172E-15    0.657700E+02    0.000000E+00
                                       0.47269E-05    0.775609E-19    0.000000E+00    0.536954E+02
      350.000  11.8656   0.10000E+14  -0.21326E-24    0.590956E+02   -0.124097E-17   -0.124097E-16
                                       0.00000E+00   -0.318930E-15    0.590956E+02    0.000000E+00
                                       0.54274E-05   -0.155121E-18    0.000000E+00    0.462183E+02
      375.000  11.9032   0.10000E+14   0.18095E-24    0.533336E+02   -0.320170E-15   -0.217170E-17
                                       0.00000E+00   -0.320170E-15    0.533336E+02    0.000000E+00
                                       0.60220E-05    0.158999E-15    0.000000E+00    0.401741E+02
      400.000  11.9410   0.10000E+14   0.25849E-25    0.483753E+02   -0.161325E-15   -0.158532E-15
                                       0.00000E+00   -0.161325E-15    0.483753E+02    0.000000E+00
                                       0.64952E-05    0.000000E+00    0.000000E+00    0.352552E+02
      425.000  11.9791   0.99999E+13   0.51699E-25    0.441051E+02   -0.161327E-15    0.310245E-18
                                       0.00000E+00   -0.320173E-15    0.441051E+02    0.000000E+00
                                       0.68441E-05   -0.124098E-17    0.000000E+00    0.312213E+02
      450.000  12.0174   0.10000E+14  -0.25849E-25    0.404147E+02   -0.161326E-15   -0.310243E-18
                                       0.00000E+00   -0.161326E-15    0.404147E+02    0.000000E+00
                                       0.70748E-05   -0.124097E-17    0.000000E+00    0.278862E+02
      475.000  12.0559   0.10000E+14  -0.53379E-22    0.372106E+02   -0.320170E-15   -0.153570E-15
                                       0.00000E+00   -0.320170E-15    0.372106E+02    0.000000E+00
                                       0.71992E-05    0.124097E-17    0.000000E+00    0.251060E+02
      500.000  12.0946   0.99999E+13   0.41359E-24    0.344136E+02   -0.243232E-15    0.850072E-16
                                       0.00000E+00   -0.243232E-15    0.344136E+02    0.000000E+00
                                       0.72318E-05    0.310245E-17    0.000000E+00    0.227692E+02

                                                      0.151326E-05    Max error
     Iteration number:        89

     =============================================================================================
       Temp     Fermi   Hole density  Population SR            Drift Hole mobility 
        [K]      [eV]     [cm^-3]      [h per cell]                    [cm^2/Vs]
     =============================================================================================

      200.000  11.6464   0.10000E+14   0.50487E-28    0.107986E+03   -0.775606E-19    0.248285E-17
                                       0.00000E+00   -0.775606E-19    0.107986E+03    0.000000E+00
                                       0.10624E-05   -0.776363E-19    0.000000E+00    0.128827E+03
      225.000  11.6821   0.10000E+14  -0.26051E-25    0.100424E+03   -0.155122E-18   -0.309032E-18
                                       0.00000E+00   -0.155122E-18    0.100424E+03    0.000000E+00
                                       0.16586E-05    0.155122E-18    0.000000E+00    0.106925E+03
      250.000  11.7181   0.10000E+14   0.51699E-25    0.912615E+02   -0.310243E-18   -0.625334E-18
                                       0.00000E+00   -0.310243E-18    0.912615E+02    0.000000E+00
                                       0.23690E-05   -0.313879E-18    0.000000E+00    0.890323E+02
      275.000  11.7545   0.99999E+13  -0.24234E-26    0.820161E+02   -0.636002E-15    0.498331E-17
                                       0.00000E+00   -0.620490E-18    0.820161E+02    0.000000E+00
                                       0.31589E-05   -0.310245E-18    0.000000E+00    0.745876E+02
      300.000  11.7913   0.99999E+13   0.10340E-24    0.734245E+02   -0.124098E-17   -0.161521E-16
                                       0.00000E+00   -0.318931E-15    0.734245E+02    0.000000E+00
                                       0.39753E-05    0.659268E-18    0.000000E+00    0.629935E+02
      325.000  11.8283   0.10000E+14   0.12925E-25    0.657700E+02   -0.318931E-15   -0.148141E-16
                                       0.00000E+00   -0.317690E-15    0.657700E+02    0.000000E+00
                                       0.47634E-05   -0.310244E-18    0.000000E+00    0.536954E+02
      350.000  11.8656   0.10000E+14   0.21326E-24    0.590956E+02   -0.318930E-15    0.248194E-17
                                       0.00000E+00   -0.318930E-15    0.590956E+02    0.000000E+00
                                       0.54781E-05   -0.387804E-18    0.000000E+00    0.462183E+02
      375.000  11.9032   0.10000E+14  -0.20680E-24    0.533336E+02   -0.320170E-15   -0.232682E-17
                                       0.00000E+00   -0.320170E-15    0.533336E+02    0.000000E+00
                                       0.60870E-05   -0.155121E-18    0.000000E+00    0.401741E+02
      400.000  11.9410   0.10000E+14   0.12925E-25    0.483753E+02   -0.161325E-15    0.000000E+00
                                       0.00000E+00   -0.161325E-15    0.483753E+02    0.000000E+00
                                       0.65735E-05    0.310239E-18    0.000000E+00    0.352552E+02
      425.000  11.9791   0.99999E+13  -0.51699E-25    0.441051E+02   -0.161327E-15   -0.310245E-18
                                       0.00000E+00   -0.476536E-15    0.441051E+02    0.000000E+00
                                       0.69343E-05    0.320483E-15    0.000000E+00    0.312213E+02
      450.000  12.0174   0.10000E+14   0.00000E+00    0.404147E+02   -0.320171E-15    0.000000E+00
                                       0.00000E+00   -0.320171E-15    0.404147E+02    0.000000E+00
                                       0.71746E-05   -0.372292E-17    0.000000E+00    0.278863E+02
      475.000  12.0559   0.10000E+14  -0.53379E-22    0.372106E+02   -0.320170E-15    0.152019E-16
                                       0.00000E+00   -0.320170E-15    0.372106E+02    0.000000E+00
                                       0.73063E-05   -0.248194E-17    0.000000E+00    0.251061E+02
      500.000  12.0946   0.99999E+13  -0.56869E-24    0.344136E+02   -0.243232E-15    0.527417E-17
                                       0.00000E+00   -0.322655E-15    0.344136E+02    0.000000E+00
                                       0.73439E-05    0.682540E-17    0.000000E+00    0.227692E+02

                                                      0.146131E-05    Max error
     Iteration number:        90

     =============================================================================================
       Temp     Fermi   Hole density  Population SR            Drift Hole mobility 
        [K]      [eV]     [cm^-3]      [h per cell]                    [cm^2/Vs]
     =============================================================================================

      200.000  11.6464   0.10000E+14   0.50487E-28    0.107986E+03   -0.775606E-19   -0.124067E-17
                                       0.00000E+00   -0.775606E-19    0.107986E+03    0.000000E+00
                                       0.10633E-05    0.776363E-19    0.000000E+00    0.128827E+03
      225.000  11.6821   0.10000E+14   0.20195E-27    0.100424E+03   -0.155122E-18    0.121189E-20
                                       0.00000E+00    0.155122E-18    0.100424E+03    0.000000E+00
                                       0.16613E-05    0.155728E-18    0.000000E+00    0.106925E+03
      250.000  11.7181   0.10000E+14   0.51699E-25    0.912615E+02   -0.310243E-18   -0.310728E-17
                                       0.00000E+00   -0.310243E-18    0.912615E+02    0.000000E+00
                                       0.23756E-05    0.316303E-18    0.000000E+00    0.890323E+02
      275.000  11.7545   0.99999E+13   0.00000E+00    0.820161E+02   -0.636002E-15   -0.499300E-17
                                       0.00000E+00   -0.620490E-18    0.820161E+02    0.000000E+00
                                       0.31723E-05   -0.317395E-15    0.000000E+00    0.745876E+02
      300.000  11.7913   0.99999E+13   0.10017E-24    0.734245E+02   -0.318931E-15    0.126037E-17
                                       0.00000E+00   -0.124098E-17    0.734245E+02    0.000000E+00
                                       0.39988E-05    0.318349E-15    0.000000E+00    0.629935E+02
      325.000  11.8283   0.10000E+14  -0.32312E-26    0.657700E+02   -0.124097E-17   -0.307801E-15
                                       0.00000E+00   -0.317690E-15    0.657700E+02    0.000000E+00
                                       0.47996E-05   -0.317845E-15    0.000000E+00    0.536954E+02
      350.000  11.8656   0.10000E+14  -0.20033E-24    0.590956E+02   -0.318930E-15    0.240438E-17
                                       0.00000E+00   -0.318930E-15    0.590956E+02    0.000000E+00
                                       0.55284E-05   -0.155121E-18    0.000000E+00    0.462183E+02
      375.000  11.9032   0.10000E+14   0.21972E-24    0.533336E+02   -0.248194E-17    0.511900E-17
                                       0.00000E+00   -0.320170E-15    0.533336E+02    0.000000E+00
                                       0.61518E-05   -0.465364E-18    0.000000E+00    0.401741E+02
      400.000  11.9410   0.10000E+14   0.25849E-25    0.483753E+02   -0.161325E-15    0.158687E-15
                                       0.00000E+00   -0.320167E-15    0.483753E+02    0.000000E+00
                                       0.66520E-05    0.279216E-17    0.000000E+00    0.352552E+02
      425.000  11.9791   0.99999E+13   0.51699E-25    0.441051E+02   -0.320173E-15    0.169084E-15
                                       0.00000E+00   -0.320173E-15    0.441051E+02    0.000000E+00
                                       0.70247E-05   -0.310245E-18    0.000000E+00    0.312213E+02
      450.000  12.0174   0.10000E+14  -0.43944E-24    0.404147E+02   -0.320171E-15   -0.465365E-17
                                       0.00000E+00   -0.161326E-15    0.404147E+02    0.000000E+00
                                       0.72748E-05    0.186146E-17    0.000000E+00    0.278863E+02
      475.000  12.0559   0.10000E+14  -0.53276E-22    0.372106E+02   -0.320170E-15    0.164428E-15
                                       0.00000E+00   -0.161326E-15    0.372106E+02    0.000000E+00
                                       0.74140E-05   -0.317688E-15    0.000000E+00    0.251061E+02
      500.000  12.0946   0.99999E+13  -0.46529E-24    0.344136E+02   -0.243232E-15   -0.589466E-17
                                       0.00000E+00   -0.243232E-15    0.344136E+02    0.000000E+00
                                       0.74569E-05   -0.558441E-17    0.000000E+00    0.227693E+02

                                                      0.141113E-05    Max error
     Iteration number:        91

     =============================================================================================
       Temp     Fermi   Hole density  Population SR            Drift Hole mobility 
        [K]      [eV]     [cm^-3]      [h per cell]                    [cm^2/Vs]
     =============================================================================================

      200.000  11.6464   0.10000E+14  -0.50487E-28    0.107986E+03   -0.775606E-19    0.124097E-17
                                       0.00000E+00   -0.775606E-19    0.107986E+03    0.000000E+00
                                       0.10642E-05    0.378714E-22    0.000000E+00    0.128827E+03
      225.000  11.6821   0.10000E+14  -0.26051E-25    0.100424E+03   -0.155122E-18    0.311456E-18
                                       0.00000E+00   -0.155122E-18    0.100424E+03    0.000000E+00
                                       0.16640E-05   -0.153304E-18    0.000000E+00    0.106925E+03
      250.000  11.7181   0.10000E+14   0.51699E-25    0.912615E+02   -0.310243E-18   -0.683020E-17
                                       0.00000E+00   -0.310243E-18    0.912615E+02    0.000000E+00
                                       0.23821E-05    0.306608E-18    0.000000E+00    0.890323E+02
      275.000  11.7545   0.99999E+13  -0.24234E-26    0.820161E+02   -0.636002E-15   -0.969515E-20
                                       0.00000E+00   -0.620490E-18    0.820161E+02    0.000000E+00
                                       0.31856E-05   -0.193903E-19    0.000000E+00    0.745876E+02
      300.000  11.7913   0.99999E+13   0.32312E-26    0.734245E+02   -0.318931E-15   -0.992780E-17
                                       0.00000E+00   -0.318931E-15    0.734245E+02    0.000000E+00
                                       0.40220E-05   -0.659268E-18    0.000000E+00    0.629935E+02
      325.000  11.8283   0.10000E+14  -0.20680E-24    0.657700E+02   -0.318931E-15    0.504146E-17
                                       0.00000E+00   -0.320172E-15    0.657700E+02    0.000000E+00
                                       0.48355E-05   -0.317612E-15    0.000000E+00    0.536954E+02
      350.000  11.8656   0.10000E+14  -0.19387E-24    0.590956E+02   -0.318930E-15    0.736827E-17
                                       0.00000E+00   -0.318930E-15    0.590956E+02    0.000000E+00
                                       0.55786E-05    0.159077E-15    0.000000E+00    0.462183E+02
      375.000  11.9032   0.10000E+14  -0.20680E-24    0.533336E+02   -0.320170E-15   -0.705802E-17
                                       0.00000E+00   -0.320170E-15    0.533336E+02    0.000000E+00
                                       0.62166E-05   -0.159465E-15    0.000000E+00    0.401741E+02
      400.000  11.9410   0.10000E+14   0.25849E-25    0.483753E+02   -0.161325E-15    0.310239E-18
                                       0.00000E+00   -0.320167E-15    0.483753E+02    0.000000E+00
                                       0.67306E-05    0.124096E-17    0.000000E+00    0.352552E+02
      425.000  11.9791   0.99999E+13  -0.51699E-25    0.441051E+02   -0.161327E-15    0.158535E-15
                                       0.00000E+00   -0.317691E-15    0.441051E+02    0.000000E+00
                                       0.71154E-05    0.310245E-18    0.000000E+00    0.312213E+02
      450.000  12.0174   0.10000E+14   0.00000E+00    0.404147E+02   -0.320171E-15    0.148917E-15
                                       0.00000E+00   -0.161326E-15    0.404147E+02    0.000000E+00
                                       0.73756E-05   -0.310243E-17    0.000000E+00    0.278863E+02
      475.000  12.0559   0.10000E+14  -0.53276E-22    0.372106E+02   -0.320170E-15    0.558436E-17
                                       0.00000E+00   -0.161326E-15    0.372106E+02    0.000000E+00
                                       0.75225E-05    0.124097E-17    0.000000E+00    0.251061E+02
      500.000  12.0946   0.99999E+13  -0.36189E-24    0.344136E+02   -0.243232E-15    0.154192E-15
                                       0.00000E+00   -0.243232E-15    0.344136E+02    0.000000E+00
                                       0.75707E-05    0.496392E-17    0.000000E+00    0.227693E+02

                                                      0.136268E-05    Max error
     Iteration number:        92

     =============================================================================================
       Temp     Fermi   Hole density  Population SR            Drift Hole mobility 
        [K]      [eV]     [cm^-3]      [h per cell]                    [cm^2/Vs]
     =============================================================================================

      200.000  11.6464   0.10000E+14  -0.50487E-28    0.107986E+03   -0.775606E-19    0.000000E+00
                                       0.00000E+00   -0.775606E-19    0.107986E+03    0.000000E+00
                                       0.10651E-05   -0.775227E-19    0.000000E+00    0.128827E+03
      225.000  11.6821   0.10000E+14   0.20195E-27    0.100424E+03   -0.155122E-18    0.121189E-20
                                       0.00000E+00    0.155122E-18    0.100424E+03    0.000000E+00
                                       0.16665E-05    0.121189E-20    0.000000E+00    0.106925E+03
      250.000  11.7181   0.10000E+14   0.51699E-25    0.912615E+02   -0.310243E-18    0.615639E-18
                                       0.00000E+00   -0.310243E-18    0.912615E+02    0.000000E+00
                                       0.23883E-05   -0.307820E-18    0.000000E+00    0.890323E+02
      275.000  11.7545   0.99999E+13  -0.40390E-26    0.820161E+02   -0.636002E-15   -0.497361E-17
                                       0.00000E+00   -0.636002E-15    0.820161E+02    0.000000E+00
                                       0.31986E-05    0.324788E-18    0.000000E+00    0.745876E+02
      300.000  11.7913   0.99999E+13   0.10340E-24    0.734245E+02   -0.124098E-17   -0.126037E-17
                                       0.00000E+00   -0.318931E-15    0.734245E+02    0.000000E+00
                                       0.40450E-05   -0.193902E-19    0.000000E+00    0.629935E+02
      325.000  11.8283   0.10000E+14   0.12925E-25    0.657700E+02   -0.318931E-15    0.504146E-17
                                       0.00000E+00   -0.317690E-15    0.657700E+02    0.000000E+00
                                       0.48711E-05    0.000000E+00    0.000000E+00    0.536954E+02
      350.000  11.8656   0.10000E+14  -0.21972E-24    0.590956E+02   -0.318930E-15   -0.248194E-17
                                       0.00000E+00   -0.318930E-15    0.590956E+02    0.000000E+00
                                       0.56286E-05    0.159155E-15    0.000000E+00    0.462183E+02
      375.000  11.9032   0.10000E+14   0.21972E-24    0.533336E+02   -0.320170E-15    0.171099E-15
                                       0.00000E+00   -0.320170E-15    0.533336E+02    0.000000E+00
                                       0.62813E-05    0.000000E+00    0.000000E+00    0.401741E+02
      400.000  11.9410   0.10000E+14   0.12925E-25    0.483753E+02   -0.161325E-15    0.000000E+00
                                       0.00000E+00   -0.161325E-15    0.483753E+02    0.000000E+00
                                       0.68092E-05    0.124096E-17    0.000000E+00    0.352553E+02
      425.000  11.9791   0.99999E+13   0.51699E-25    0.441051E+02   -0.320173E-15   -0.195454E-16
                                       0.00000E+00   -0.320173E-15    0.441051E+02    0.000000E+00
                                       0.72064E-05   -0.372294E-17    0.000000E+00    0.312214E+02
      450.000  12.0174   0.10000E+14  -0.25849E-25    0.404147E+02   -0.161326E-15   -0.310243E-18
                                       0.00000E+00   -0.161326E-15    0.404147E+02    0.000000E+00
                                       0.74768E-05    0.620486E-18    0.000000E+00    0.278863E+02
      475.000  12.0559   0.10000E+14  -0.53379E-22    0.372106E+02   -0.320170E-15   -0.143642E-15
                                       0.00000E+00   -0.320170E-15    0.372106E+02    0.000000E+00
                                       0.76316E-05    0.248194E-17    0.000000E+00    0.251061E+02
      500.000  12.0946   0.99999E+13  -0.46529E-24    0.344136E+02   -0.243232E-15   -0.933838E-16
                                       0.00000E+00   -0.163809E-15    0.344136E+02    0.000000E+00
                                       0.76853E-05    0.124098E-17    0.000000E+00    0.227693E+02

                                                      0.131590E-05    Max error
     Iteration number:        93

     =============================================================================================
       Temp     Fermi   Hole density  Population SR            Drift Hole mobility 
        [K]      [eV]     [cm^-3]      [h per cell]                    [cm^2/Vs]
     =============================================================================================

      200.000  11.6464   0.10000E+14   0.50487E-28    0.107986E+03   -0.775606E-19   -0.124006E-17
                                       0.00000E+00   -0.775606E-19    0.107986E+03    0.000000E+00
                                       0.10659E-05    0.774848E-19    0.000000E+00    0.128827E+03
      225.000  11.6821   0.10000E+14  -0.26051E-25    0.100424E+03   -0.155122E-18    0.311456E-18
                                       0.00000E+00   -0.155122E-18    0.100424E+03    0.000000E+00
                                       0.16690E-05    0.155728E-18    0.000000E+00    0.106925E+03
      250.000  11.7181   0.10000E+14   0.51699E-25    0.912615E+02   -0.310243E-18    0.185661E-17
                                       0.00000E+00   -0.310243E-18    0.912615E+02    0.000000E+00
                                       0.23945E-05    0.000000E+00    0.000000E+00    0.890323E+02
      275.000  11.7545   0.99999E+13   0.24234E-26    0.820161E+02   -0.636002E-15   -0.494453E-17
                                       0.00000E+00   -0.620490E-18    0.820161E+02    0.000000E+00
                                       0.32113E-05    0.969515E-20    0.000000E+00    0.745876E+02
      300.000  11.7913   0.99999E+13   0.10017E-24    0.734245E+02   -0.318931E-15   -0.136313E-16
                                       0.00000E+00   -0.124098E-17    0.734245E+02    0.000000E+00
                                       0.40676E-05   -0.639878E-18    0.000000E+00    0.629935E+02
      325.000  11.8283   0.10000E+14  -0.32312E-26    0.657700E+02   -0.318931E-15   -0.387805E-19
                                       0.00000E+00   -0.317690E-15    0.657700E+02    0.000000E+00
                                       0.49064E-05   -0.116341E-18    0.000000E+00    0.536954E+02
      350.000  11.8656   0.10000E+14  -0.21326E-24    0.590956E+02   -0.318930E-15    0.124097E-16
                                       0.00000E+00   -0.318930E-15    0.590956E+02    0.000000E+00
                                       0.56783E-05    0.158999E-15    0.000000E+00    0.462183E+02
      375.000  11.9032   0.10000E+14   0.18095E-24    0.533336E+02   -0.320170E-15   -0.120995E-16
                                       0.00000E+00   -0.322652E-15    0.533336E+02    0.000000E+00
                                       0.63459E-05   -0.465364E-18    0.000000E+00    0.401741E+02
      400.000  11.9410   0.10000E+14   0.25849E-25    0.483753E+02   -0.161325E-15   -0.317840E-15
                                       0.00000E+00   -0.161325E-15    0.483753E+02    0.000000E+00
                                       0.68880E-05    0.318926E-15    0.000000E+00    0.352553E+02
      425.000  11.9791   0.99999E+13  -0.51699E-25    0.441051E+02   -0.161327E-15   -0.310245E-18
                                       0.00000E+00   -0.317691E-15    0.441051E+02    0.000000E+00
                                       0.72978E-05   -0.310245E-17    0.000000E+00    0.312214E+02
      450.000  12.0174   0.10000E+14   0.00000E+00    0.404147E+02   -0.320171E-15    0.158844E-15
                                       0.00000E+00   -0.320171E-15    0.404147E+02    0.000000E+00
                                       0.75786E-05    0.315207E-15    0.000000E+00    0.278864E+02
      475.000  12.0559   0.10000E+14  -0.53327E-22    0.372106E+02   -0.320170E-15   -0.620485E-17
                                       0.00000E+00   -0.161326E-15    0.372106E+02    0.000000E+00
                                       0.77414E-05    0.558436E-17    0.000000E+00    0.251062E+02
      500.000  12.0946   0.99999E+13   0.52526E-22    0.344136E+02   -0.243232E-15    0.172496E-15
                                       0.00000E+00   -0.243232E-15    0.344136E+02    0.000000E+00
                                       0.78008E-05   -0.311486E-15    0.000000E+00    0.227693E+02

                                                      0.127072E-05    Max error
     Iteration number:        94

     =============================================================================================
       Temp     Fermi   Hole density  Population SR            Drift Hole mobility 
        [K]      [eV]     [cm^-3]      [h per cell]                    [cm^2/Vs]
     =============================================================================================

      200.000  11.6464   0.10000E+14   0.50487E-28    0.107986E+03   -0.775606E-19    0.124127E-17
                                       0.00000E+00   -0.775606E-19    0.107986E+03    0.000000E+00
                                       0.10667E-05    0.000000E+00    0.000000E+00    0.128827E+03
      225.000  11.6821   0.10000E+14   0.20195E-27    0.100424E+03   -0.155122E-18    0.121189E-20
                                       0.00000E+00    0.155122E-18    0.100424E+03    0.000000E+00
                                       0.16714E-05    0.155728E-18    0.000000E+00    0.106925E+03
      250.000  11.7181   0.10000E+14   0.51699E-25    0.912615E+02   -0.310243E-18   -0.434825E-17
                                       0.00000E+00   -0.310243E-18    0.912615E+02    0.000000E+00
                                       0.24004E-05   -0.312667E-18    0.000000E+00    0.890323E+02
      275.000  11.7545   0.99999E+13  -0.24234E-26    0.820161E+02   -0.636002E-15    0.498331E-17
                                       0.00000E+00   -0.620490E-18    0.820161E+02    0.000000E+00
                                       0.32238E-05    0.317701E-15    0.000000E+00    0.745876E+02
      300.000  11.7913   0.99999E+13   0.32312E-26    0.734245E+02   -0.124098E-17    0.000000E+00
                                       0.00000E+00   -0.318931E-15    0.734245E+02    0.000000E+00
                                       0.40899E-05   -0.601097E-18    0.000000E+00    0.629935E+02
      325.000  11.8283   0.10000E+14  -0.20680E-24    0.657700E+02   -0.124097E-17   -0.302720E-15
                                       0.00000E+00   -0.320172E-15    0.657700E+02    0.000000E+00
                                       0.49414E-05    0.155122E-18    0.000000E+00    0.536954E+02
      350.000  11.8656   0.10000E+14   0.21326E-24    0.590956E+02   -0.318930E-15    0.248194E-17
                                       0.00000E+00   -0.318930E-15    0.590956E+02    0.000000E+00
                                       0.57278E-05    0.232682E-18    0.000000E+00    0.462183E+02
      375.000  11.9032   0.10000E+14   0.18095E-24    0.533336E+02   -0.320170E-15    0.127199E-16
                                       0.00000E+00   -0.320170E-15    0.533336E+02    0.000000E+00
                                       0.64104E-05    0.155121E-18    0.000000E+00    0.401742E+02
      400.000  11.9410   0.10000E+14   0.25849E-25    0.483753E+02   -0.161325E-15   -0.158532E-15
                                       0.00000E+00   -0.320167E-15    0.483753E+02    0.000000E+00
                                       0.69668E-05   -0.155120E-17    0.000000E+00    0.352553E+02
      425.000  11.9791   0.99999E+13   0.51699E-25    0.441051E+02   -0.320173E-15    0.102381E-16
                                       0.00000E+00   -0.320173E-15    0.441051E+02    0.000000E+00
                                       0.73894E-05    0.248196E-17    0.000000E+00    0.312214E+02
      450.000  12.0174   0.10000E+14  -0.43944E-24    0.404147E+02   -0.161326E-15   -0.145814E-16
                                       0.00000E+00   -0.161326E-15    0.404147E+02    0.000000E+00
                                       0.76808E-05   -0.310243E-17    0.000000E+00    0.278864E+02
      475.000  12.0559   0.10000E+14  -0.53276E-22    0.372106E+02   -0.320170E-15    0.164428E-15
                                       0.00000E+00   -0.161326E-15    0.372106E+02    0.000000E+00
                                       0.78518E-05   -0.620485E-18    0.000000E+00    0.251062E+02
      500.000  12.0946   0.99999E+13  -0.46529E-24    0.344136E+02   -0.243232E-15    0.834560E-16
                                       0.00000E+00   -0.322655E-15    0.344136E+02    0.000000E+00
                                       0.79171E-05   -0.620490E-17    0.000000E+00    0.227694E+02

                                                      0.122709E-05    Max error
     Iteration number:        95

     =============================================================================================
       Temp     Fermi   Hole density  Population SR            Drift Hole mobility 
        [K]      [eV]     [cm^-3]      [h per cell]                    [cm^2/Vs]
     =============================================================================================

      200.000  11.6464   0.10000E+14  -0.50487E-28    0.107986E+03   -0.775606E-19    0.000000E+00
                                       0.00000E+00   -0.775606E-19    0.107986E+03    0.000000E+00
                                       0.10674E-05    0.000000E+00    0.000000E+00    0.128827E+03
      225.000  11.6821   0.10000E+14  -0.26051E-25    0.100424E+03   -0.155122E-18   -0.309032E-18
                                       0.00000E+00   -0.155122E-18    0.100424E+03    0.000000E+00
                                       0.16736E-05    0.155728E-18    0.000000E+00    0.106925E+03
      250.000  11.7181   0.10000E+14   0.51699E-25    0.912615E+02   -0.310243E-18    0.557953E-17
                                       0.00000E+00   -0.310243E-18    0.912615E+02    0.000000E+00
                                       0.24062E-05    0.302972E-18    0.000000E+00    0.890323E+02
      275.000  11.7545   0.99999E+13   0.80779E-27    0.820161E+02   -0.636002E-15   -0.498331E-17
                                       0.00000E+00   -0.620490E-18    0.820161E+02    0.000000E+00
                                       0.32361E-05   -0.324788E-18    0.000000E+00    0.745876E+02
      300.000  11.7913   0.99999E+13   0.10340E-24    0.734245E+02   -0.318931E-15    0.866744E-17
                                       0.00000E+00   -0.318931E-15    0.734245E+02    0.000000E+00
                                       0.41120E-05    0.620488E-18    0.000000E+00    0.629935E+02
      325.000  11.8283   0.10000E+14   0.12925E-25    0.657700E+02   -0.318931E-15   -0.985024E-17
                                       0.00000E+00   -0.317690E-15    0.657700E+02    0.000000E+00
                                       0.49761E-05   -0.155122E-18    0.000000E+00    0.536954E+02
      350.000  11.8656   0.10000E+14  -0.18741E-24    0.590956E+02   -0.318930E-15   -0.255950E-17
                                       0.00000E+00   -0.318930E-15    0.590956E+02    0.000000E+00
                                       0.57770E-05    0.000000E+00    0.000000E+00    0.462183E+02
      375.000  11.9032   0.10000E+14  -0.19387E-24    0.533336E+02   -0.320170E-15   -0.760094E-17
                                       0.00000E+00   -0.320170E-15    0.533336E+02    0.000000E+00
                                       0.64748E-05    0.310243E-18    0.000000E+00    0.401742E+02
      400.000  11.9410   0.10000E+14   0.12925E-25    0.483753E+02   -0.161325E-15    0.000000E+00
                                       0.00000E+00   -0.161325E-15    0.483753E+02    0.000000E+00
                                       0.70458E-05    0.930718E-18    0.000000E+00    0.352553E+02
      425.000  11.9791   0.99999E+13  -0.51699E-25    0.441051E+02   -0.320173E-15    0.158535E-15
                                       0.00000E+00   -0.317691E-15    0.441051E+02    0.000000E+00
                                       0.74813E-05    0.217172E-17    0.000000E+00    0.312214E+02
      450.000  12.0174   0.10000E+14   0.00000E+00    0.404147E+02   -0.161326E-15    0.158844E-15
                                       0.00000E+00   -0.161326E-15    0.404147E+02    0.000000E+00
                                       0.77836E-05   -0.186146E-17    0.000000E+00    0.278864E+02
      475.000  12.0559   0.10000E+14  -0.53379E-22    0.372106E+02   -0.320170E-15   -0.163498E-15
                                       0.00000E+00   -0.161326E-15    0.372106E+02    0.000000E+00
                                       0.79630E-05    0.315827E-15    0.000000E+00    0.251062E+02
      500.000  12.0946   0.99999E+13   0.46529E-24    0.344136E+02   -0.243232E-15   -0.682540E-17
                                       0.00000E+00   -0.322655E-15    0.344136E+02    0.000000E+00
                                       0.80343E-05    0.322655E-15    0.000000E+00    0.227694E+02

                                                      0.118495E-05    Max error
     Iteration number:        96

     =============================================================================================
       Temp     Fermi   Hole density  Population SR            Drift Hole mobility 
        [K]      [eV]     [cm^-3]      [h per cell]                    [cm^2/Vs]
     =============================================================================================

      200.000  11.6464   0.10000E+14  -0.50487E-28    0.107986E+03   -0.775606E-19    0.124097E-17
                                       0.00000E+00   -0.775606E-19    0.107986E+03    0.000000E+00
                                       0.10681E-05   -0.113614E-21    0.000000E+00    0.128827E+03
      225.000  11.6821   0.10000E+14   0.20195E-27    0.100424E+03   -0.155122E-18    0.121189E-20
                                       0.00000E+00    0.155122E-18    0.100424E+03    0.000000E+00
                                       0.16759E-05    0.156334E-18    0.000000E+00    0.106925E+03
      250.000  11.7181   0.10000E+14   0.51699E-25    0.912615E+02   -0.310243E-18   -0.807117E-17
                                       0.00000E+00   -0.310243E-18    0.912615E+02    0.000000E+00
                                       0.24119E-05   -0.302972E-18    0.000000E+00    0.890323E+02
      275.000  11.7545   0.99999E+13  -0.24234E-26    0.820161E+02   -0.636002E-15   -0.969515E-20
                                       0.00000E+00   -0.620490E-18    0.820161E+02    0.000000E+00
                                       0.32481E-05    0.969515E-20    0.000000E+00    0.745876E+02
      300.000  11.7913   0.99999E+13   0.10017E-24    0.734245E+02   -0.318931E-15   -0.370353E-17
                                       0.00000E+00   -0.124098E-17    0.734245E+02    0.000000E+00
                                       0.41337E-05    0.620488E-18    0.000000E+00    0.629935E+02
      325.000  11.8283   0.10000E+14  -0.32312E-26    0.657700E+02   -0.124097E-17    0.492512E-17
                                       0.00000E+00   -0.317690E-15    0.657700E+02    0.000000E+00
                                       0.50105E-05   -0.387805E-19    0.000000E+00    0.536954E+02
      350.000  11.8656   0.10000E+14  -0.20680E-24    0.590956E+02   -0.318930E-15    0.232682E-17
                                       0.00000E+00   -0.318930E-15    0.590956E+02    0.000000E+00
                                       0.58261E-05    0.232682E-18    0.000000E+00    0.462183E+02
      375.000  11.9032   0.10000E+14   0.23264E-24    0.533336E+02   -0.320170E-15    0.176063E-16
                                       0.00000E+00   -0.320170E-15    0.533336E+02    0.000000E+00
                                       0.65391E-05    0.317068E-15    0.000000E+00    0.401742E+02
      400.000  11.9410   0.10000E+14   0.25849E-25    0.483753E+02   -0.161325E-15   -0.317840E-15
                                       0.00000E+00   -0.320167E-15    0.483753E+02    0.000000E+00
                                       0.71248E-05   -0.124096E-17    0.000000E+00    0.352553E+02
      425.000  11.9791   0.99999E+13   0.51699E-25    0.441051E+02   -0.161327E-15    0.102381E-16
                                       0.00000E+00   -0.479018E-15    0.441051E+02    0.000000E+00
                                       0.75735E-05   -0.310245E-17    0.000000E+00    0.312215E+02
      450.000  12.0174   0.10000E+14  -0.25849E-25    0.404147E+02   -0.320171E-15   -0.310243E-18
                                       0.00000E+00   -0.161326E-15    0.404147E+02    0.000000E+00
                                       0.78868E-05    0.372292E-17    0.000000E+00    0.278865E+02
      475.000  12.0559   0.10000E+14  -0.53327E-22    0.372106E+02   -0.320170E-15    0.145814E-16
                                       0.00000E+00   -0.320170E-15    0.372106E+02    0.000000E+00
                                       0.80749E-05    0.248194E-17    0.000000E+00    0.251063E+02
      500.000  12.0946   0.99999E+13  -0.46529E-24    0.344136E+02   -0.243232E-15    0.139610E-16
                                       0.00000E+00   -0.322655E-15    0.344136E+02    0.000000E+00
                                       0.81523E-05    0.620490E-17    0.000000E+00    0.227694E+02

                                                      0.114427E-05    Max error
     Iteration number:        97

     =============================================================================================
       Temp     Fermi   Hole density  Population SR            Drift Hole mobility 
        [K]      [eV]     [cm^-3]      [h per cell]                    [cm^2/Vs]
     =============================================================================================

      200.000  11.6464   0.10000E+14   0.50487E-28    0.107986E+03   -0.775606E-19    0.124188E-17
                                       0.00000E+00   -0.775606E-19    0.107986E+03    0.000000E+00
                                       0.10688E-05    0.776742E-19    0.000000E+00    0.128827E+03
      225.000  11.6821   0.10000E+14  -0.26051E-25    0.100424E+03   -0.155122E-18    0.311456E-18
                                       0.00000E+00   -0.155122E-18    0.100424E+03    0.000000E+00
                                       0.16780E-05   -0.155728E-18    0.000000E+00    0.106925E+03
      250.000  11.7181   0.10000E+14   0.51699E-25    0.912615E+02   -0.310243E-18    0.433856E-17
                                       0.00000E+00   -0.310243E-18    0.912615E+02    0.000000E+00
                                       0.24174E-05   -0.484755E-20    0.000000E+00    0.890323E+02
      275.000  11.7545   0.99999E+13  -0.32312E-26    0.820161E+02   -0.636002E-15   -0.496392E-17
                                       0.00000E+00   -0.636002E-15    0.820161E+02    0.000000E+00
                                       0.32599E-05   -0.317996E-15    0.000000E+00    0.745876E+02
      300.000  11.7913   0.99999E+13   0.32312E-26    0.734245E+02   -0.318931E-15    0.992780E-17
                                       0.00000E+00   -0.318931E-15    0.734245E+02    0.000000E+00
                                       0.41552E-05   -0.659268E-18    0.000000E+00    0.629935E+02
      325.000  11.8283   0.10000E+14  -0.20680E-24    0.657700E+02   -0.318931E-15   -0.985024E-17
                                       0.00000E+00   -0.320172E-15    0.657700E+02    0.000000E+00
                                       0.50447E-05    0.349024E-18    0.000000E+00    0.536954E+02
      350.000  11.8656   0.10000E+14  -0.21972E-24    0.590956E+02   -0.124097E-17    0.744583E-17
                                       0.00000E+00   -0.318930E-15    0.590956E+02    0.000000E+00
                                       0.58749E-05    0.232682E-18    0.000000E+00    0.462183E+02
      375.000  11.9032   0.10000E+14   0.16802E-24    0.533336E+02   -0.320170E-15    0.224926E-17
                                       0.00000E+00   -0.322652E-15    0.533336E+02    0.000000E+00
                                       0.66034E-05   -0.775606E-18    0.000000E+00    0.401742E+02
      400.000  11.9410   0.10000E+14   0.25849E-25    0.483753E+02   -0.161325E-15    0.310239E-18
                                       0.00000E+00   -0.320167E-15    0.483753E+02    0.000000E+00
                                       0.72040E-05    0.310239E-18    0.000000E+00    0.352554E+02
      425.000  11.9791   0.99999E+13  -0.51699E-25    0.441051E+02   -0.320173E-15   -0.310245E-18
                                       0.00000E+00   -0.476536E-15    0.441051E+02    0.000000E+00
                                       0.76660E-05   -0.321104E-15    0.000000E+00    0.312215E+02
      450.000  12.0174   0.10000E+14   0.00000E+00    0.404147E+02   -0.161326E-15    0.000000E+00
                                       0.00000E+00   -0.320171E-15    0.404147E+02    0.000000E+00
                                       0.79906E-05   -0.317068E-15    0.000000E+00    0.278865E+02
      475.000  12.0559   0.10000E+14  -0.53327E-22    0.372106E+02   -0.320170E-15    0.465364E-17
                                       0.00000E+00   -0.320170E-15    0.372106E+02    0.000000E+00
                                       0.81874E-05    0.558436E-17    0.000000E+00    0.251063E+02
      500.000  12.0946   0.99999E+13  -0.51699E-24    0.344136E+02   -0.243232E-15    0.155123E-16
                                       0.00000E+00   -0.243232E-15    0.344136E+02    0.000000E+00
                                       0.82711E-05   -0.124098E-17    0.000000E+00    0.227694E+02

                                                      0.110498E-05    Max error
     Iteration number:        98

     =============================================================================================
       Temp     Fermi   Hole density  Population SR            Drift Hole mobility 
        [K]      [eV]     [cm^-3]      [h per cell]                    [cm^2/Vs]
     =============================================================================================

      200.000  11.6464   0.10000E+14   0.50487E-28    0.107986E+03   -0.775606E-19    0.248224E-17
                                       0.00000E+00   -0.775606E-19    0.107986E+03    0.000000E+00
                                       0.10695E-05   -0.776742E-19    0.000000E+00    0.128827E+03
      225.000  11.6821   0.10000E+14   0.20195E-27    0.100424E+03   -0.155122E-18    0.121189E-20
                                       0.00000E+00    0.155122E-18    0.100424E+03    0.000000E+00
                                       0.16801E-05    0.154516E-18    0.000000E+00    0.106925E+03
      250.000  11.7181   0.10000E+14   0.51699E-25    0.912615E+02   -0.310243E-18    0.615639E-18
                                       0.00000E+00   -0.310243E-18    0.912615E+02    0.000000E+00
                                       0.24228E-05    0.305396E-18    0.000000E+00    0.890323E+02
      275.000  11.7545   0.99999E+13   0.16156E-26    0.820161E+02   -0.636002E-15   -0.494453E-17
                                       0.00000E+00   -0.620490E-18    0.820161E+02    0.000000E+00
                                       0.32715E-05    0.193903E-19    0.000000E+00    0.745876E+02
      300.000  11.7913   0.99999E+13   0.10340E-24    0.734245E+02   -0.124098E-17    0.111494E-16
                                       0.00000E+00   -0.318931E-15    0.734245E+02    0.000000E+00
                                       0.41763E-05   -0.562317E-18    0.000000E+00    0.629935E+02
      325.000  11.8283   0.10000E+14   0.12925E-25    0.657700E+02   -0.318931E-15    0.100054E-16
                                       0.00000E+00   -0.317690E-15    0.657700E+02    0.000000E+00
                                       0.50785E-05   -0.349024E-18    0.000000E+00    0.536954E+02
      350.000  11.8656   0.10000E+14  -0.21326E-24    0.590956E+02   -0.318930E-15    0.000000E+00
                                       0.00000E+00   -0.318930E-15    0.590956E+02    0.000000E+00
                                       0.59236E-05    0.232682E-18    0.000000E+00    0.462183E+02
      375.000  11.9032   0.10000E+14  -0.23264E-24    0.533336E+02   -0.248194E-17    0.232682E-18
                                       0.00000E+00   -0.320170E-15    0.533336E+02    0.000000E+00
                                       0.66676E-05   -0.155121E-18    0.000000E+00    0.401742E+02
      400.000  11.9410   0.10000E+14   0.12925E-25    0.483753E+02   -0.161325E-15    0.158843E-15
                                       0.00000E+00   -0.161325E-15    0.483753E+02    0.000000E+00
                                       0.72832E-05   -0.186144E-17    0.000000E+00    0.352554E+02
      425.000  11.9791   0.99999E+13   0.51699E-25    0.441051E+02   -0.320173E-15    0.298146E-15
                                       0.00000E+00   -0.320173E-15    0.441051E+02    0.000000E+00
                                       0.77589E-05   -0.403319E-17    0.000000E+00    0.312215E+02
      450.000  12.0174   0.10000E+14  -0.43944E-24    0.404147E+02   -0.161326E-15    0.527413E-17
                                       0.00000E+00   -0.161326E-15    0.404147E+02    0.000000E+00
                                       0.80948E-05    0.186146E-17    0.000000E+00    0.278865E+02
      475.000  12.0559   0.10000E+14  -0.53327E-22    0.372106E+02   -0.320170E-15   -0.164118E-15
                                       0.00000E+00   -0.161326E-15    0.372106E+02    0.000000E+00
                                       0.83007E-05    0.744582E-17    0.000000E+00    0.251063E+02
      500.000  12.0946   0.99999E+13   0.36189E-24    0.344136E+02   -0.243232E-15   -0.946248E-16
                                       0.00000E+00   -0.322655E-15    0.344136E+02    0.000000E+00
                                       0.83909E-05   -0.124098E-17    0.000000E+00    0.227695E+02

                                                      0.106704E-05    Max error
     Iteration number:        99

     =============================================================================================
       Temp     Fermi   Hole density  Population SR            Drift Hole mobility 
        [K]      [eV]     [cm^-3]      [h per cell]                    [cm^2/Vs]
     =============================================================================================

      200.000  11.6464   0.10000E+14  -0.50487E-28    0.107986E+03   -0.775606E-19    0.124097E-17
                                       0.00000E+00   -0.775606E-19    0.107986E+03    0.000000E+00
                                       0.10701E-05    0.113614E-21    0.000000E+00    0.128827E+03
      225.000  11.6821   0.10000E+14  -0.26051E-25    0.100424E+03   -0.155122E-18   -0.309032E-18
                                       0.00000E+00   -0.155122E-18    0.100424E+03    0.000000E+00
                                       0.16821E-05    0.156940E-18    0.000000E+00    0.106925E+03
      250.000  11.7181   0.10000E+14   0.51699E-25    0.912615E+02   -0.310243E-18   -0.248679E-17
                                       0.00000E+00   -0.310243E-18    0.912615E+02    0.000000E+00
                                       0.24280E-05    0.310243E-18    0.000000E+00    0.890323E+02
      275.000  11.7545   0.99999E+13  -0.24234E-26    0.820161E+02   -0.636002E-15    0.498331E-17
                                       0.00000E+00   -0.620490E-18    0.820161E+02    0.000000E+00
                                       0.32828E-05    0.334483E-18    0.000000E+00    0.745876E+02
      300.000  11.7913   0.99999E+13   0.10017E-24    0.734245E+02   -0.318931E-15    0.498329E-17
                                       0.00000E+00   -0.318931E-15    0.734245E+02    0.000000E+00
                                       0.41972E-05    0.659268E-18    0.000000E+00    0.629935E+02
      325.000  11.8283   0.10000E+14  -0.32312E-26    0.657700E+02   -0.318931E-15   -0.500268E-17
                                       0.00000E+00   -0.317690E-15    0.657700E+02    0.000000E+00
                                       0.51121E-05    0.310244E-18    0.000000E+00    0.536954E+02
      350.000  11.8656   0.10000E+14  -0.21326E-24    0.590956E+02   -0.318930E-15    0.124097E-16
                                       0.00000E+00   -0.318930E-15    0.590956E+02    0.000000E+00
                                       0.59720E-05    0.387804E-18    0.000000E+00    0.462183E+02
      375.000  11.9032   0.10000E+14  -0.18095E-24    0.533336E+02   -0.320170E-15    0.126424E-16
                                       0.00000E+00   -0.320170E-15    0.533336E+02    0.000000E+00
                                       0.67317E-05   -0.310243E-18    0.000000E+00    0.401742E+02
      400.000  11.9410   0.10000E+14   0.25849E-25    0.483753E+02   -0.161325E-15   -0.317840E-15
                                       0.00000E+00   -0.320167E-15    0.483753E+02    0.000000E+00
                                       0.73625E-05   -0.319547E-15    0.000000E+00    0.352554E+02
      425.000  11.9791   0.99999E+13  -0.51699E-25    0.441051E+02   -0.161327E-15   -0.310245E-18
                                       0.00000E+00   -0.317691E-15    0.441051E+02    0.000000E+00
                                       0.78520E-05    0.217172E-17    0.000000E+00    0.312216E+02
      450.000  12.0174   0.10000E+14   0.00000E+00    0.404147E+02   -0.320171E-15    0.000000E+00
                                       0.00000E+00   -0.161326E-15    0.404147E+02    0.000000E+00
                                       0.81996E-05   -0.310243E-17    0.000000E+00    0.278866E+02
      475.000  12.0559   0.10000E+14  -0.53327E-22    0.372106E+02   -0.320170E-15   -0.149227E-15
                                       0.00000E+00   -0.161326E-15    0.372106E+02    0.000000E+00
                                       0.84146E-05    0.324514E-15    0.000000E+00    0.251064E+02
      500.000  12.0946   0.99999E+13  -0.46529E-24    0.344136E+02   -0.243232E-15   -0.403319E-17
                                       0.00000E+00   -0.243232E-15    0.344136E+02    0.000000E+00
                                       0.85115E-05    0.124098E-17    0.000000E+00    0.227695E+02

                                                      0.103041E-05    Max error
     Iteration number:       100

     =============================================================================================
       Temp     Fermi   Hole density  Population SR            Drift Hole mobility 
        [K]      [eV]     [cm^-3]      [h per cell]                    [cm^2/Vs]
     =============================================================================================

      200.000  11.6464   0.10000E+14  -0.50487E-28    0.107986E+03   -0.775606E-19    0.124097E-17
                                       0.00000E+00   -0.775606E-19    0.107986E+03    0.000000E+00
                                       0.10707E-05   -0.774091E-19    0.000000E+00    0.128827E+03
      225.000  11.6821   0.10000E+14   0.20195E-27    0.100424E+03   -0.155122E-18    0.121189E-20
                                       0.00000E+00    0.155122E-18    0.100424E+03    0.000000E+00
                                       0.16840E-05    0.157546E-18    0.000000E+00    0.106925E+03
      250.000  11.7181   0.10000E+14   0.51699E-25    0.912615E+02   -0.310243E-18   -0.625334E-18
                                       0.00000E+00   -0.310243E-18    0.912615E+02    0.000000E+00
                                       0.24331E-05    0.319938E-18    0.000000E+00    0.890323E+02
      275.000  11.7545   0.99999E+13   0.00000E+00    0.820161E+02   -0.636002E-15   -0.499300E-17
                                       0.00000E+00   -0.620490E-18    0.820161E+02    0.000000E+00
                                       0.32940E-05    0.319940E-18    0.000000E+00    0.745876E+02
      300.000  11.7913   0.99999E+13   0.32312E-26    0.734245E+02   -0.318931E-15    0.992780E-17
                                       0.00000E+00   -0.318931E-15    0.734245E+02    0.000000E+00
                                       0.42179E-05   -0.620488E-18    0.000000E+00    0.629935E+02
      325.000  11.8283   0.10000E+14  -0.20680E-24    0.657700E+02   -0.318931E-15    0.317767E-15
                                       0.00000E+00   -0.320172E-15    0.657700E+02    0.000000E+00
                                       0.51454E-05   -0.232683E-18    0.000000E+00    0.536954E+02
      350.000  11.8656   0.10000E+14   0.22618E-24    0.590956E+02   -0.318930E-15    0.248194E-17
                                       0.00000E+00   -0.318930E-15    0.590956E+02    0.000000E+00
                                       0.60202E-05    0.232682E-18    0.000000E+00    0.462183E+02
      375.000  11.9032   0.10000E+14  -0.23264E-24    0.533336E+02   -0.320170E-15    0.156673E-15
                                       0.00000E+00   -0.320170E-15    0.533336E+02    0.000000E+00
                                       0.67957E-05   -0.930728E-18    0.000000E+00    0.401742E+02
      400.000  11.9410   0.10000E+14   0.25849E-25    0.483753E+02   -0.161325E-15    0.310239E-18
                                       0.00000E+00   -0.161325E-15    0.483753E+02    0.000000E+00
                                       0.74420E-05   -0.317685E-15    0.000000E+00    0.352554E+02
      425.000  11.9791   0.99999E+13   0.51699E-25    0.441051E+02   -0.320173E-15   -0.168463E-15
                                       0.00000E+00   -0.479018E-15    0.441051E+02    0.000000E+00
                                       0.79454E-05    0.320483E-15    0.000000E+00    0.312216E+02
      450.000  12.0174   0.10000E+14  -0.25849E-25    0.404147E+02   -0.161326E-15   -0.310243E-18
                                       0.00000E+00   -0.161326E-15    0.404147E+02    0.000000E+00
                                       0.83049E-05    0.558437E-17    0.000000E+00    0.278866E+02
      475.000  12.0559   0.10000E+14  -0.53276E-22    0.372106E+02   -0.320170E-15    0.558436E-17
                                       0.00000E+00   -0.320170E-15    0.372106E+02    0.000000E+00
                                       0.85293E-05   -0.620485E-17    0.000000E+00    0.251064E+02
      500.000  12.0946   0.99999E+13  -0.56869E-24    0.344136E+02   -0.243232E-15    0.527417E-17
                                       0.00000E+00   -0.322655E-15    0.344136E+02    0.000000E+00
                                       0.86330E-05    0.744589E-17    0.000000E+00    0.227695E+02

                                                      0.995027E-06    Max error

     Unfolding on the coarse grid
     elphon_wrap  :      1.36s CPU      1.70s WALL (       1 calls)

     INITIALIZATION: 

     set_drhoc    :      0.04s CPU      0.04s WALL (       9 calls)
     init_vloc    :      0.06s CPU      0.06s WALL (       1 calls)
     init_us_1    :      0.00s CPU      0.00s WALL (       1 calls)



     Electron-Phonon interpolation
     ephwann      :     38.54s CPU     50.63s WALL (       1 calls)
     ep-interp    :     30.17s CPU     41.44s WALL (    1084 calls)

     Ham: step 1  :      0.00s CPU      0.00s WALL (       1 calls)
     Ham: step 2  :      0.00s CPU      0.03s WALL (       1 calls)
     ep: step 1   :      0.00s CPU      0.00s WALL (       8 calls)
     ep: step 2   :      0.01s CPU      0.02s WALL (       8 calls)
     DynW2B       :      0.49s CPU      0.51s WALL (    1084 calls)
     HamW2B       :     10.13s CPU     10.52s WALL (  238810 calls)
     ephW2Bp      :      4.10s CPU      6.12s WALL (    1084 calls)
     ephW2B       :      1.48s CPU      1.55s WALL (    2484 calls)
     print_ibte   :      2.62s CPU     10.95s WALL (    1084 calls)
     vmewan2bloch :      0.63s CPU      0.67s WALL (    6052 calls)
     vmewan2bloch :      0.63s CPU      0.67s WALL (    6052 calls)


     Total program execution
     EPW          :     40.30s CPU     52.78s WALL

     % Copyright (C) 2016-2023 EPW-Collaboration                                    
                                                                                    
     ===============================================================================
     Please consider citing the following papers.                                   
                                                                                                 
     % Paper describing the method on which EPW relies                                           
       F. Giustino and M. L. Cohen and S. G. Louie, Phys. Rev. B 76, 165108 (2007)               
                                                                                                 
     % Papers describing the EPW software                                                        
       H. Lee et al., npj Comput. Mater. 9, 156 (2023)                                           
       S. Ponc\'e, E.R. Margine, C. Verdi and F. Giustino, Comput. Phys. Commun. 209, 116 (2016) 
       J. Noffsinger et al., Comput. Phys. Commun. 181, 2140 (2010)                              
                                                                                                 
                                                                                             
     % Since you used the [lpolar] input, please consider also citing                        
       C. Verdi and F. Giustino, Phys. Rev. Lett. 115, 176401 (2015)                         
                                                                                             
     % Since you used the [scattering/iterative_bte] input, please consider also citing      
       S. Ponc\'e, E. R. Margine and F. Giustino, Phys. Rev. B 97, 121201 (2018)             
       F. Macheda and N. Bonini, Phys. Rev. B 98, 201201 (2018)                              
                                                                                             
     % Since you used the [adapt_smearing] input, please consider also citing                
       F. Macheda and N. Bonini, Phys. Rev. B 98, 201201 (2018)                              
                                                                                    
     For your convenience, this information is also reported in the                 
     functionality-dependent EPW.bib file.                                          
     ===============================================================================
                                                                                    
