  0.00000000E+00  0.34403860E+01
  0.11499645E-01  0.34407227E+01
  0.22999289E-01  0.34417330E+01
  0.34498934E-01  0.34434168E+01
  0.45998578E-01  0.34457742E+01
  0.57498223E-01  0.34488053E+01
  0.68997867E-01  0.34525101E+01
  0.80497512E-01  0.34568886E+01
  0.91997156E-01  0.34619409E+01
  0.10349680E+00  0.34676670E+01
  0.11499645E+00  0.34740671E+01
  0.12649609E+00  0.34811410E+01
  0.13799573E+00  0.34888889E+01
  0.14949538E+00  0.34973106E+01
  0.16099502E+00  0.35064060E+01
  0.17249467E+00  0.35161750E+01
  0.18399431E+00  0.35266173E+01
  0.19549396E+00  0.35377327E+01
  0.20699360E+00  0.35495206E+01
  0.21849325E+00  0.35619804E+01
  0.22999289E+00  0.35751116E+01
  0.24149253E+00  0.35889133E+01
  0.25299218E+00  0.36033843E+01
  0.26449182E+00  0.36185234E+01
  0.27599147E+00  0.36343292E+01
  0.28749111E+00  0.36507998E+01
  0.29899076E+00  0.36679333E+01
  0.31049040E+00  0.36857273E+01
  0.32199005E+00  0.37041790E+01
  0.33348969E+00  0.37232853E+01
  0.34498934E+00  0.37430426E+01
  0.35648898E+00  0.37634468E+01
  0.36798862E+00  0.37844933E+01
  0.37948827E+00  0.38061769E+01
  0.39098791E+00  0.38284916E+01
  0.40248756E+00  0.38514309E+01
  0.41398720E+00  0.38749872E+01
  0.42548685E+00  0.38991523E+01
  0.43698649E+00  0.39239166E+01
  0.44848614E+00  0.39492698E+01
  0.45998578E+00  0.39752000E+01
  0.47148543E+00  0.40016941E+01
  0.48298507E+00  0.40287375E+01
  0.49448471E+00  0.40563136E+01
  0.50598436E+00  0.40844040E+01
  0.51748400E+00  0.41129880E+01
  0.52898365E+00  0.41420423E+01
  0.54048329E+00  0.41715409E+01
  0.55198294E+00  0.42014541E+01
  0.56348258E+00  0.42317485E+01
  0.57498223E+00  0.42623863E+01
  0.58648187E+00  0.42933240E+01
  0.59798151E+00  0.43245123E+01
  0.60948116E+00  0.43558940E+01
  0.62098080E+00  0.43874031E+01
  0.63248045E+00  0.44189628E+01
  0.64398009E+00  0.44504828E+01
  0.65547974E+00  0.44818563E+01
  0.66697938E+00  0.45129561E+01
  0.67847903E+00  0.45436292E+01
  0.68997867E+00  0.45736895E+01
  0.70147832E+00  0.46029094E+01
  0.71297796E+00  0.46310079E+01
  0.72447760E+00  0.46576359E+01
  0.73597725E+00  0.46823586E+01
  0.74747689E+00  0.47046374E+01
  0.75897654E+00  0.47238146E+01
  0.77047618E+00  0.47391127E+01
  0.78197583E+00  0.47496679E+01
  0.79347547E+00  0.47546194E+01
  0.80497512E+00  0.47532674E+01
  0.81647476E+00  0.47452667E+01
  0.82797440E+00  0.47307684E+01
  0.83947405E+00  0.47104194E+01
  0.85097369E+00  0.46852122E+01
  0.86247334E+00  0.46562733E+01
  0.87397298E+00  0.46246868E+01
  0.88547263E+00  0.45913976E+01
  0.89697227E+00  0.45571817E+01
  0.90847192E+00  0.45226555E+01
  0.91997156E+00  0.44883016E+01
  0.93147121E+00  0.44544956E+01
  0.94297085E+00  0.44215310E+01
  0.95447049E+00  0.43896383E+01
  0.96597014E+00  0.43590007E+01
  0.97746978E+00  0.43297647E+01
  0.98896943E+00  0.43020491E+01
  0.10004691E+01  0.42759507E+01
  0.10119687E+01  0.42515495E+01
  0.10234684E+01  0.42289118E+01
  0.10349680E+01  0.42080931E+01
  0.10464677E+01  0.41891398E+01
  0.10579673E+01  0.41720909E+01
  0.10694669E+01  0.41569792E+01
  0.10809666E+01  0.41438319E+01
  0.10924662E+01  0.41326715E+01
  0.11039659E+01  0.41235165E+01
  0.11154655E+01  0.41163813E+01
  0.11269652E+01  0.41112771E+01
  0.11384648E+01  0.41082114E+01
  0.11499645E+01  0.41071890E+01
  0.11499645E+01  0.34403860E+01
  0.11615111E+01  0.34406949E+01
  0.11730577E+01  0.34416217E+01
  0.11846044E+01  0.34431667E+01
  0.11961510E+01  0.34453302E+01
  0.12076977E+01  0.34481126E+01
  0.12192443E+01  0.34515148E+01
  0.12307910E+01  0.34555372E+01
  0.12423376E+01  0.34601810E+01
  0.12538843E+01  0.34654470E+01
  0.12654309E+01  0.34713363E+01
  0.12769776E+01  0.34778501E+01
  0.12885242E+01  0.34849897E+01
  0.13000709E+01  0.34927565E+01
  0.13116175E+01  0.35011517E+01
  0.13231642E+01  0.35101769E+01
  0.13347108E+01  0.35198335E+01
  0.13462575E+01  0.35301228E+01
  0.13578041E+01  0.35410463E+01
  0.13693508E+01  0.35526054E+01
  0.13808974E+01  0.35648013E+01
  0.13924441E+01  0.35776353E+01
  0.14039907E+01  0.35911083E+01
  0.14155374E+01  0.36052214E+01
  0.14270840E+01  0.36199752E+01
  0.14386307E+01  0.36353702E+01
  0.14501773E+01  0.36514067E+01
  0.14617240E+01  0.36680845E+01
  0.14732706E+01  0.36854033E+01
  0.14848173E+01  0.37033622E+01
  0.14963639E+01  0.37219599E+01
  0.15079106E+01  0.37411948E+01
  0.15194572E+01  0.37610644E+01
  0.15310038E+01  0.37815660E+01
  0.15425505E+01  0.38026957E+01
  0.15540971E+01  0.38244494E+01
  0.15656438E+01  0.38468218E+01
  0.15771904E+01  0.38698067E+01
  0.15887371E+01  0.38933971E+01
  0.16002837E+01  0.39175847E+01
  0.16118304E+01  0.39423600E+01
  0.16233770E+01  0.39677123E+01
  0.16349237E+01  0.39936293E+01
  0.16464703E+01  0.40200970E+01
  0.16580170E+01  0.40470998E+01
  0.16695636E+01  0.40746201E+01
  0.16811103E+01  0.41026381E+01
  0.16926569E+01  0.41311317E+01
  0.17042036E+01  0.41600760E+01
  0.17157502E+01  0.41894435E+01
  0.17272969E+01  0.42192034E+01
  0.17388435E+01  0.42493214E+01
  0.17503902E+01  0.42797594E+01
  0.17619368E+01  0.43104749E+01
  0.17734835E+01  0.43414210E+01
  0.17850301E+01  0.43725453E+01
  0.17965768E+01  0.44037901E+01
  0.18081234E+01  0.44350913E+01
  0.18196701E+01  0.44663779E+01
  0.18312167E+01  0.44975719E+01
  0.18427634E+01  0.45285873E+01
  0.18543100E+01  0.45593295E+01
  0.18658567E+01  0.45896953E+01
  0.18774033E+01  0.46195725E+01
  0.18889500E+01  0.46488398E+01
  0.19004966E+01  0.46773672E+01
  0.19120432E+01  0.47050170E+01
  0.19235899E+01  0.47316451E+01
  0.19351365E+01  0.47571031E+01
  0.19466832E+01  0.47812420E+01
  0.19582298E+01  0.48039154E+01
  0.19697765E+01  0.48249851E+01
  0.19813231E+01  0.48443263E+01
  0.19928698E+01  0.48618340E+01
  0.20044164E+01  0.48774283E+01
  0.20159631E+01  0.48910599E+01
  0.20275097E+01  0.49027137E+01
  0.20390564E+01  0.49124104E+01
  0.20506030E+01  0.49202058E+01
  0.20621497E+01  0.49261883E+01
  0.20736963E+01  0.49304736E+01
  0.20852430E+01  0.49331988E+01
  0.20967896E+01  0.49345147E+01
  0.21083363E+01  0.49345792E+01
  0.21198829E+01  0.49335501E+01
  0.21314296E+01  0.49315796E+01
  0.21429762E+01  0.49288091E+01
  0.21545229E+01  0.49253662E+01
  0.21660695E+01  0.49213626E+01
  0.21776162E+01  0.49168939E+01
  0.21891628E+01  0.49120410E+01
  0.22007095E+01  0.49068733E+01
  0.22122561E+01  0.49014533E+01
  0.22238028E+01  0.48958419E+01
  0.22353494E+01  0.48901032E+01
  0.22468961E+01  0.48843064E+01
  0.22584427E+01  0.48785244E+01
  0.22699894E+01  0.48728285E+01
  0.22815360E+01  0.48672806E+01
  0.22930826E+01  0.48619248E+01
  0.23046293E+01  0.48567798E+01
  0.23161759E+01  0.48518345E+01
  0.23277226E+01  0.48470444E+01
  0.23392692E+01  0.48423317E+01
  0.23508159E+01  0.48375861E+01
  0.23623625E+01  0.48326680E+01
  0.23739092E+01  0.48274136E+01
  0.23854558E+01  0.48216422E+01
  0.23970025E+01  0.48151659E+01
  0.24085491E+01  0.48078020E+01
  0.24200958E+01  0.47993864E+01
  0.24316424E+01  0.47897876E+01
  0.24431891E+01  0.47789185E+01
  0.24547357E+01  0.47667437E+01
  0.24662824E+01  0.47532817E+01
  0.24778290E+01  0.47386002E+01
  0.24778290E+01  0.34403860E+01
  0.24893577E+01  0.34418599E+01
  0.25008863E+01  0.34462808E+01
  0.25124150E+01  0.34536461E+01
  0.25239436E+01  0.34639510E+01
  0.25354722E+01  0.34771889E+01
  0.25470009E+01  0.34933516E+01
  0.25585295E+01  0.35124285E+01
  0.25700582E+01  0.35344074E+01
  0.25815868E+01  0.35592739E+01
  0.25931155E+01  0.35870116E+01
  0.26046441E+01  0.36176021E+01
  0.26161727E+01  0.36510247E+01
  0.26277014E+01  0.36872566E+01
  0.26392300E+01  0.37262728E+01
  0.26507587E+01  0.37680458E+01
  0.26622873E+01  0.38125459E+01
  0.26738160E+01  0.38597408E+01
  0.26853446E+01  0.39095959E+01
  0.26968733E+01  0.39620739E+01
  0.27084019E+01  0.40171349E+01
  0.27199305E+01  0.40747363E+01
  0.27314592E+01  0.41348328E+01
  0.27429878E+01  0.41973764E+01
  0.27545165E+01  0.42623162E+01
  0.27660451E+01  0.43295986E+01
  0.27775738E+01  0.43991670E+01
  0.27891024E+01  0.44709619E+01
  0.28006310E+01  0.45449210E+01
  0.28121597E+01  0.46209793E+01
  0.28236883E+01  0.46990687E+01
  0.28352170E+01  0.47791184E+01
  0.28467456E+01  0.48610550E+01
  0.28582743E+01  0.49448022E+01
  0.28698029E+01  0.50302813E+01
  0.28813316E+01  0.51174111E+01
  0.28928602E+01  0.52061081E+01
  0.29043888E+01  0.52962865E+01
  0.29159175E+01  0.53878587E+01
  0.29274461E+01  0.54807350E+01
  0.29389748E+01  0.55748243E+01
  0.29505034E+01  0.56700341E+01
  0.29620321E+01  0.57662707E+01
  0.29735607E+01  0.58634395E+01
  0.29850893E+01  0.59614454E+01
  0.29966180E+01  0.60601930E+01
  0.30081466E+01  0.61595868E+01
  0.30196753E+01  0.62595317E+01
  0.30312039E+01  0.63599334E+01
  0.30427326E+01  0.64606983E+01
  0.30542612E+01  0.65617343E+01
  0.30657899E+01  0.66629509E+01
  0.30773185E+01  0.67642595E+01
  0.30888471E+01  0.68655738E+01
  
  0.00000000E+00  0.96950364E+01
  0.11499645E-01  0.96933340E+01
  0.22999289E-01  0.96882316E+01
  0.34498934E-01  0.96797436E+01
  0.45998578E-01  0.96678937E+01
  0.57498223E-01  0.96527143E+01
  0.68997867E-01  0.96342459E+01
  0.80497512E-01  0.96125362E+01
  0.91997156E-01  0.95876391E+01
  0.10349680E+00  0.95596137E+01
  0.11499645E+00  0.95285230E+01
  0.12649609E+00  0.94944329E+01
  0.13799573E+00  0.94574109E+01
  0.14949538E+00  0.94175247E+01
  0.16099502E+00  0.93748415E+01
  0.17249467E+00  0.93294270E+01
  0.18399431E+00  0.92813442E+01
  0.19549396E+00  0.92306534E+01
  0.20699360E+00  0.91774117E+01
  0.21849325E+00  0.91216732E+01
  0.22999289E+00  0.90634896E+01
  0.24149253E+00  0.90029110E+01
  0.25299218E+00  0.89399881E+01
  0.26449182E+00  0.88747732E+01
  0.27599147E+00  0.88073236E+01
  0.28749111E+00  0.87377034E+01
  0.29899076E+00  0.86659860E+01
  0.31049040E+00  0.85922564E+01
  0.32199005E+00  0.85166123E+01
  0.33348969E+00  0.84391647E+01
  0.34498934E+00  0.83600373E+01
  0.35648898E+00  0.82793647E+01
  0.36798862E+00  0.81972908E+01
  0.37948827E+00  0.81139657E+01
  0.39098791E+00  0.80295428E+01
  0.40248756E+00  0.79441766E+01
  0.41398720E+00  0.78580197E+01
  0.42548685E+00  0.77712214E+01
  0.43698649E+00  0.76839261E+01
  0.44848614E+00  0.75962726E+01
  0.45998578E+00  0.75083932E+01
  0.47148543E+00  0.74204142E+01
  0.48298507E+00  0.73324554E+01
  0.49448471E+00  0.72446310E+01
  0.50598436E+00  0.71570496E+01
  0.51748400E+00  0.70698154E+01
  0.52898365E+00  0.69830280E+01
  0.54048329E+00  0.68967840E+01
  0.55198294E+00  0.68111770E+01
  0.56348258E+00  0.67262989E+01
  0.57498223E+00  0.66422406E+01
  0.58648187E+00  0.65590930E+01
  0.59798151E+00  0.64769477E+01
  0.60948116E+00  0.63958990E+01
  0.62098080E+00  0.63160447E+01
  0.63248045E+00  0.62374884E+01
  0.64398009E+00  0.61603415E+01
  0.65547974E+00  0.60847265E+01
  0.66697938E+00  0.60107803E+01
  0.67847903E+00  0.59386597E+01
  0.68997867E+00  0.58685474E+01
  0.70147832E+00  0.58006609E+01
  0.71297796E+00  0.57352633E+01
  0.72447760E+00  0.56726773E+01
  0.73597725E+00  0.56133017E+01
  0.74747689E+00  0.55576292E+01
  0.75897654E+00  0.55062606E+01
  0.77047618E+00  0.54599038E+01
  0.78197583E+00  0.54193402E+01
  0.79347547E+00  0.53853338E+01
  0.80497512E+00  0.53584726E+01
  0.81647476E+00  0.53389750E+01
  0.82797440E+00  0.53265482E+01
  0.83947405E+00  0.53203902E+01
  0.85097369E+00  0.53193428E+01
  0.86247334E+00  0.53221087E+01
  0.87397298E+00  0.53274340E+01
  0.88547263E+00  0.53342154E+01
  0.89697227E+00  0.53415411E+01
  0.90847192E+00  0.53486943E+01
  0.91997156E+00  0.53551402E+01
  0.93147121E+00  0.53605084E+01
  0.94297085E+00  0.53645739E+01
  0.95447049E+00  0.53672373E+01
  0.96597014E+00  0.53685032E+01
  0.97746978E+00  0.53684578E+01
  0.98896943E+00  0.53672462E+01
  0.10004691E+01  0.53650513E+01
  0.10119687E+01  0.53620759E+01
  0.10234684E+01  0.53585276E+01
  0.10349680E+01  0.53546085E+01
  0.10464677E+01  0.53505080E+01
  0.10579673E+01  0.53463979E+01
  0.10694669E+01  0.53424307E+01
  0.10809666E+01  0.53387384E+01
  0.10924662E+01  0.53354331E+01
  0.11039659E+01  0.53326071E+01
  0.11154655E+01  0.53303346E+01
  0.11269652E+01  0.53286719E+01
  0.11384648E+01  0.53276586E+01
  0.11499645E+01  0.53273182E+01
  0.11499645E+01  0.96950364E+01
  0.11615111E+01  0.96932314E+01
  0.11730577E+01  0.96878243E+01
  0.11846044E+01  0.96788382E+01
  0.11961510E+01  0.96663111E+01
  0.12076977E+01  0.96502955E+01
  0.12192443E+01  0.96308574E+01
  0.12307910E+01  0.96080754E+01
  0.12423376E+01  0.95820394E+01
  0.12538843E+01  0.95528495E+01
  0.12654309E+01  0.95206149E+01
  0.12769776E+01  0.94854520E+01
  0.12885242E+01  0.94474836E+01
  0.13000709E+01  0.94068373E+01
  0.13116175E+01  0.93636445E+01
  0.13231642E+01  0.93180390E+01
  0.13347108E+01  0.92701562E+01
  0.13462575E+01  0.92201319E+01
  0.13578041E+01  0.91681019E+01
  0.13693508E+01  0.91142006E+01
  0.13808974E+01  0.90585612E+01
  0.13924441E+01  0.90013145E+01
  0.14039907E+01  0.89425890E+01
  0.14155374E+01  0.88825103E+01
  0.14270840E+01  0.88212008E+01
  0.14386307E+01  0.87587797E+01
  0.14501773E+01  0.86953630E+01
  0.14617240E+01  0.86310630E+01
  0.14732706E+01  0.85659884E+01
  0.14848173E+01  0.85002447E+01
  0.14963639E+01  0.84339337E+01
  0.15079106E+01  0.83671538E+01
  0.15194572E+01  0.82999996E+01
  0.15310038E+01  0.82325628E+01
  0.15425505E+01  0.81649311E+01
  0.15540971E+01  0.80971891E+01
  0.15656438E+01  0.80294172E+01
  0.15771904E+01  0.79616924E+01
  0.15887371E+01  0.78940867E+01
  0.16002837E+01  0.78266672E+01
  0.16118304E+01  0.77594942E+01
  0.16233770E+01  0.76926188E+01
  0.16349237E+01  0.76260793E+01
  0.16464703E+01  0.75598935E+01
  0.16580170E+01  0.74940461E+01
  0.16695636E+01  0.74284647E+01
  0.16811103E+01  0.73629774E+01
  0.16926569E+01  0.72972446E+01
  0.17042036E+01  0.72306985E+01
  0.17157502E+01  0.71626504E+01
  0.17272969E+01  0.70927530E+01
  0.17388435E+01  0.70213717E+01
  0.17503902E+01  0.69492618E+01
  0.17619368E+01  0.68770912E+01
  0.17734835E+01  0.68053064E+01
  0.17850301E+01  0.67341851E+01
  0.17965768E+01  0.66639037E+01
  0.18081234E+01  0.65945801E+01
  0.18196701E+01  0.65262986E+01
  0.18312167E+01  0.64591233E+01
  0.18427634E+01  0.63931054E+01
  0.18543100E+01  0.63282881E+01
  0.18658567E+01  0.62647090E+01
  0.18774033E+01  0.62024014E+01
  0.18889500E+01  0.61413961E+01
  0.19004966E+01  0.60817214E+01
  0.19120432E+01  0.60234041E+01
  0.19235899E+01  0.59664695E+01
  0.19351365E+01  0.59109419E+01
  0.19466832E+01  0.58568445E+01
  0.19582298E+01  0.58041999E+01
  0.19697765E+01  0.57530301E+01
  0.19813231E+01  0.57033564E+01
  0.19928698E+01  0.56551999E+01
  0.20044164E+01  0.56085812E+01
  0.20159631E+01  0.55635208E+01
  0.20275097E+01  0.55200394E+01
  0.20390564E+01  0.54781573E+01
  0.20506030E+01  0.54378954E+01
  0.20621497E+01  0.53992750E+01
  0.20736963E+01  0.53623181E+01
  0.20852430E+01  0.53270474E+01
  0.20967896E+01  0.52934873E+01
  0.21083363E+01  0.52616633E+01
  0.21198829E+01  0.52316033E+01
  0.21314296E+01  0.52033371E+01
  0.21429762E+01  0.51768970E+01
  0.21545229E+01  0.51523177E+01
  0.21660695E+01  0.51296355E+01
  0.21776162E+01  0.51088871E+01
  0.21891628E+01  0.50901068E+01
  0.22007095E+01  0.50733233E+01
  0.22122561E+01  0.50585541E+01
  0.22238028E+01  0.50458005E+01
  0.22353494E+01  0.50350427E+01
  0.22468961E+01  0.50262373E+01
  0.22584427E+01  0.50193190E+01
  0.22699894E+01  0.50142049E+01
  0.22815360E+01  0.50108019E+01
  0.22930826E+01  0.50090138E+01
  0.23046293E+01  0.50087480E+01
  0.23161759E+01  0.50099183E+01
  0.23277226E+01  0.50124469E+01
  0.23392692E+01  0.50162632E+01
  0.23508159E+01  0.50213016E+01
  0.23623625E+01  0.50274980E+01
  0.23739092E+01  0.50347854E+01
  0.23854558E+01  0.50430898E+01
  0.23970025E+01  0.50523243E+01
  0.24085491E+01  0.50623854E+01
  0.24200958E+01  0.50731488E+01
  0.24316424E+01  0.50844684E+01
  0.24431891E+01  0.50961779E+01
  0.24547357E+01  0.51080982E+01
  0.24662824E+01  0.51200505E+01
  0.24778290E+01  0.51318736E+01
  0.24778290E+01  0.96950364E+01
  0.24893577E+01  0.96950964E+01
  0.25008863E+01  0.96955746E+01
  0.25124150E+01  0.96964716E+01
  0.25239436E+01  0.96977879E+01
  0.25354722E+01  0.96995241E+01
  0.25470009E+01  0.97016804E+01
  0.25585295E+01  0.97042572E+01
  0.25700582E+01  0.97072547E+01
  0.25815868E+01  0.97106728E+01
  0.25931155E+01  0.97145115E+01
  0.26046441E+01  0.97187704E+01
  0.26161727E+01  0.97234490E+01
  0.26277014E+01  0.97285465E+01
  0.26392300E+01  0.97340619E+01
  0.26507587E+01  0.97399937E+01
  0.26622873E+01  0.97463398E+01
  0.26738160E+01  0.97530970E+01
  0.26853446E+01  0.97602597E+01
  0.26968733E+01  0.97678133E+01
  0.27084019E+01  0.97756740E+01
  0.27199305E+01  0.97605626E+01
  0.27314592E+01  0.96870718E+01
  0.27429878E+01  0.96116118E+01
  0.27545165E+01  0.95347558E+01
  0.27660451E+01  0.94565910E+01
  0.27775738E+01  0.93771693E+01
  0.27891024E+01  0.92965311E+01
  0.28006310E+01  0.92147098E+01
  0.28121597E+01  0.91317347E+01
  0.28236883E+01  0.90476315E+01
  0.28352170E+01  0.89624238E+01
  0.28467456E+01  0.88761335E+01
  0.28582743E+01  0.87887820E+01
  0.28698029E+01  0.87003905E+01
  0.28813316E+01  0.86109804E+01
  0.28928602E+01  0.85205745E+01
  0.29043888E+01  0.84291970E+01
  0.29159175E+01  0.83368737E+01
  0.29274461E+01  0.82436332E+01
  0.29389748E+01  0.81495064E+01
  0.29505034E+01  0.80545275E+01
  0.29620321E+01  0.79587336E+01
  0.29735607E+01  0.78621657E+01
  0.29850893E+01  0.77648680E+01
  0.29966180E+01  0.76668888E+01
  0.30081466E+01  0.75682801E+01
  0.30196753E+01  0.74690978E+01
  0.30312039E+01  0.73694018E+01
  0.30427326E+01  0.72692557E+01
  0.30542612E+01  0.71687270E+01
  0.30657899E+01  0.70678869E+01
  0.30773185E+01  0.69668099E+01
  0.30888471E+01  0.68655738E+01
  
  0.00000000E+00  0.96950364E+01
  0.11499645E-01  0.96945381E+01
  0.22999289E-01  0.96930438E+01
  0.34498934E-01  0.96905557E+01
  0.45998578E-01  0.96870770E+01
  0.57498223E-01  0.96826124E+01
  0.68997867E-01  0.96771679E+01
  0.80497512E-01  0.96707506E+01
  0.91997156E-01  0.96633690E+01
  0.10349680E+00  0.96550324E+01
  0.11499645E+00  0.96457513E+01
  0.12649609E+00  0.96355370E+01
  0.13799573E+00  0.96244014E+01
  0.14949538E+00  0.96123568E+01
  0.16099502E+00  0.95994152E+01
  0.17249467E+00  0.95855876E+01
  0.18399431E+00  0.95708826E+01
  0.19549396E+00  0.95553032E+01
  0.20699360E+00  0.95388411E+01
  0.21849325E+00  0.95214625E+01
  0.22999289E+00  0.95030689E+01
  0.24149253E+00  0.94833633E+01
  0.25299218E+00  0.94612108E+01
  0.26449182E+00  0.94300856E+01
  0.27599147E+00  0.93708383E+01
  0.28749111E+00  0.92955524E+01
  0.29899076E+00  0.92174233E+01
  0.31049040E+00  0.91388324E+01
  0.32199005E+00  0.90603911E+01
  0.33348969E+00  0.89823448E+01
  0.34498934E+00  0.89048179E+01
  0.35648898E+00  0.88278794E+01
  0.36798862E+00  0.87515671E+01
  0.37948827E+00  0.86758985E+01
  0.39098791E+00  0.86008785E+01
  0.40248756E+00  0.85265043E+01
  0.41398720E+00  0.84527689E+01
  0.42548685E+00  0.83796642E+01
  0.43698649E+00  0.83071831E+01
  0.44848614E+00  0.82353207E+01
  0.45998578E+00  0.81640755E+01
  0.47148543E+00  0.80934496E+01
  0.48298507E+00  0.80234493E+01
  0.49448471E+00  0.79540851E+01
  0.50598436E+00  0.78853714E+01
  0.51748400E+00  0.78173261E+01
  0.52898365E+00  0.77499710E+01
  0.54048329E+00  0.76833309E+01
  0.55198294E+00  0.76174338E+01
  0.56348258E+00  0.75523104E+01
  0.57498223E+00  0.74879941E+01
  0.58648187E+00  0.74245207E+01
  0.59798151E+00  0.73619284E+01
  0.60948116E+00  0.73002575E+01
  0.62098080E+00  0.72395509E+01
  0.63248045E+00  0.71798536E+01
  0.64398009E+00  0.71212131E+01
  0.65547974E+00  0.70636795E+01
  0.66697938E+00  0.70073056E+01
  0.67847903E+00  0.69521472E+01
  0.68997867E+00  0.68982638E+01
  0.70147832E+00  0.68457184E+01
  0.71297796E+00  0.67945785E+01
  0.72447760E+00  0.67449164E+01
  0.73597725E+00  0.66968103E+01
  0.74747689E+00  0.66503445E+01
  0.75897654E+00  0.66056106E+01
  0.77047618E+00  0.65627081E+01
  0.78197583E+00  0.65217456E+01
  0.79347547E+00  0.64828413E+01
  0.80497512E+00  0.64461233E+01
  0.81647476E+00  0.64117300E+01
  0.82797440E+00  0.63798094E+01
  0.83947405E+00  0.63505169E+01
  0.85097369E+00  0.63240125E+01
  0.86247334E+00  0.63004556E+01
  0.87397298E+00  0.62799972E+01
  0.88547263E+00  0.62627699E+01
  0.89697227E+00  0.62488765E+01
  0.90847192E+00  0.62383759E+01
  0.91997156E+00  0.62312708E+01
  0.93147121E+00  0.62274976E+01
  0.94297085E+00  0.62269199E+01
  0.95447049E+00  0.62293290E+01
  0.96597014E+00  0.62344500E+01
  0.97746978E+00  0.62419527E+01
  0.98896943E+00  0.62514655E+01
  0.10004691E+01  0.62625912E+01
  0.10119687E+01  0.62749203E+01
  0.10234684E+01  0.62880432E+01
  0.10349680E+01  0.63015595E+01
  0.10464677E+01  0.63150855E+01
  0.10579673E+01  0.63282587E+01
  0.10694669E+01  0.63407424E+01
  0.10809666E+01  0.63522289E+01
  0.10924662E+01  0.63624424E+01
  0.11039659E+01  0.63711422E+01
  0.11154655E+01  0.63781259E+01
  0.11269652E+01  0.63832321E+01
  0.11384648E+01  0.63863435E+01
  0.11499645E+01  0.63873886E+01
  0.11499645E+01  0.96950364E+01
  0.11615111E+01  0.96945777E+01
  0.11730577E+01  0.96932002E+01
  0.11846044E+01  0.96909003E+01
  0.11961510E+01  0.96876719E+01
  0.12076977E+01  0.96835061E+01
  0.12192443E+01  0.96783911E+01
  0.12307910E+01  0.96723118E+01
  0.12423376E+01  0.96652493E+01
  0.12538843E+01  0.96571799E+01
  0.12654309E+01  0.96480739E+01
  0.12769776E+01  0.96378936E+01
  0.12885242E+01  0.96265909E+01
  0.13000709E+01  0.96141018E+01
  0.13116175E+01  0.96003396E+01
  0.13231642E+01  0.95851821E+01
  0.13347108E+01  0.95684492E+01
  0.13462575E+01  0.95498635E+01
  0.13578041E+01  0.95289767E+01
  0.13693508E+01  0.95050313E+01
  0.13808974E+01  0.94767194E+01
  0.13924441E+01  0.94418789E+01
  0.14039907E+01  0.93976146E+01
  0.14155374E+01  0.93418871E+01
  0.14270840E+01  0.92755663E+01
  0.14386307E+01  0.92016139E+01
  0.14501773E+01  0.91228289E+01
  0.14617240E+01  0.90410605E+01
  0.14732706E+01  0.89574157E+01
  0.14848173E+01  0.88725652E+01
  0.14963639E+01  0.87869369E+01
  0.15079106E+01  0.87008223E+01
  0.15194572E+01  0.86144328E+01
  0.15310038E+01  0.85279306E+01
  0.15425505E+01  0.84414469E+01
  0.15540971E+01  0.83550923E+01
  0.15656438E+01  0.82689635E+01
  0.15771904E+01  0.81831477E+01
  0.15887371E+01  0.80977262E+01
  0.16002837E+01  0.80127772E+01
  0.16118304E+01  0.79283786E+01
  0.16233770E+01  0.78446115E+01
  0.16349237E+01  0.77615649E+01
  0.16464703E+01  0.76793442E+01
  0.16580170E+01  0.75980843E+01
  0.16695636E+01  0.75179737E+01
  0.16811103E+01  0.74392984E+01
  0.16926569E+01  0.73625095E+01
  0.17042036E+01  0.72882852E+01
  0.17157502E+01  0.72174228E+01
  0.17272969E+01  0.71503778E+01
  0.17388435E+01  0.70868926E+01
  0.17503902E+01  0.70263199E+01
  0.17619368E+01  0.69681007E+01
  0.17734835E+01  0.69118984E+01
  0.17850301E+01  0.68575467E+01
  0.17965768E+01  0.68049836E+01
  0.18081234E+01  0.67542081E+01
  0.18196701E+01  0.67052565E+01
  0.18312167E+01  0.66581896E+01
  0.18427634E+01  0.66130857E+01
  0.18543100E+01  0.65700367E+01
  0.18658567E+01  0.65291460E+01
  0.18774033E+01  0.64905268E+01
  0.18889500E+01  0.64543016E+01
  0.19004966E+01  0.64206006E+01
  0.19120432E+01  0.63895607E+01
  0.19235899E+01  0.63613236E+01
  0.19351365E+01  0.63360335E+01
  0.19466832E+01  0.63138334E+01
  0.19582298E+01  0.62948612E+01
  0.19697765E+01  0.62792445E+01
  0.19813231E+01  0.62670948E+01
  0.19928698E+01  0.62585013E+01
  0.20044164E+01  0.62535248E+01
  0.20159631E+01  0.62521920E+01
  0.20275097E+01  0.62544917E+01
  0.20390564E+01  0.62603719E+01
  0.20506030E+01  0.62697388E+01
  0.20621497E+01  0.62824568E+01
  0.20736963E+01  0.62983472E+01
  0.20852430E+01  0.63171796E+01
  0.20967896E+01  0.63386358E+01
  0.21083363E+01  0.63621533E+01
  0.21198829E+01  0.63859627E+01
  0.21314296E+01  0.63961136E+01
  0.21429762E+01  0.63588750E+01
  0.21545229E+01  0.63078388E+01
  0.21660695E+01  0.62555448E+01
  0.21776162E+01  0.62034861E+01
  0.21891628E+01  0.61520469E+01
  0.22007095E+01  0.61013936E+01
  0.22122561E+01  0.60516287E+01
  0.22238028E+01  0.60028320E+01
  0.22353494E+01  0.59550759E+01
  0.22468961E+01  0.59084311E+01
  0.22584427E+01  0.58629712E+01
  0.22699894E+01  0.58187747E+01
  0.22815360E+01  0.57759274E+01
  0.22930826E+01  0.57345243E+01
  0.23046293E+01  0.56946715E+01
  0.23161759E+01  0.56564889E+01
  0.23277226E+01  0.56201116E+01
  0.23392692E+01  0.55856922E+01
  0.23508159E+01  0.55534022E+01
  0.23623625E+01  0.55234331E+01
  0.23739092E+01  0.54959952E+01
  0.23854558E+01  0.54713162E+01
  0.23970025E+01  0.54496358E+01
  0.24085491E+01  0.54311991E+01
  0.24200958E+01  0.54162462E+01
  0.24316424E+01  0.54050007E+01
  0.24431891E+01  0.53976554E+01
  0.24547357E+01  0.53943584E+01
  0.24662824E+01  0.53951985E+01
  0.24778290E+01  0.54001923E+01
  0.24778290E+01  0.96950364E+01
  0.24893577E+01  0.96953939E+01
  0.25008863E+01  0.96961681E+01
  0.25124150E+01  0.96973583E+01
  0.25239436E+01  0.96989638E+01
  0.25354722E+01  0.97009836E+01
  0.25470009E+01  0.97034168E+01
  0.25585295E+01  0.97062623E+01
  0.25700582E+01  0.97095193E+01
  0.25815868E+01  0.97131864E+01
  0.25931155E+01  0.97172625E+01
  0.26046441E+01  0.97217462E+01
  0.26161727E+01  0.97266361E+01
  0.26277014E+01  0.97319305E+01
  0.26392300E+01  0.97376277E+01
  0.26507587E+01  0.97437255E+01
  0.26622873E+01  0.97502214E+01
  0.26738160E+01  0.97571123E+01
  0.26853446E+01  0.97643933E+01
  0.26968733E+01  0.97720541E+01
  0.27084019E+01  0.97800397E+01
  0.27199305E+01  0.97848207E+01
  0.27314592E+01  0.97932304E+01
  0.27429878E+01  0.98023748E+01
  0.27545165E+01  0.98119440E+01
  0.27660451E+01  0.98219104E+01
  0.27775738E+01  0.98322630E+01
  0.27891024E+01  0.98429940E+01
  0.28006310E+01  0.98540960E+01
  0.28121597E+01  0.98655613E+01
  0.28236883E+01  0.98773823E+01
  0.28352170E+01  0.98895505E+01
  0.28467456E+01  0.99020572E+01
  0.28582743E+01  0.99148930E+01
  0.28698029E+01  0.99280479E+01
  0.28813316E+01  0.99415114E+01
  0.28928602E+01  0.99552724E+01
  0.29043888E+01  0.99693193E+01
  0.29159175E+01  0.99836399E+01
  0.29274461E+01  0.99982213E+01
  0.29389748E+01  0.10013050E+02
  0.29505034E+01  0.10028113E+02
  0.29620321E+01  0.10043395E+02
  0.29735607E+01  0.10058882E+02
  0.29850893E+01  0.10074559E+02
  0.29966180E+01  0.10090409E+02
  0.30081466E+01  0.10106416E+02
  0.30196753E+01  0.10122565E+02
  0.30312039E+01  0.10138839E+02
  0.30427326E+01  0.10155220E+02
  0.30542612E+01  0.10171691E+02
  0.30657899E+01  0.10188235E+02
  0.30773185E+01  0.10204834E+02
  0.30888471E+01  0.10221470E+02
  
  0.00000000E+00  0.10725147E+02
  0.11499645E-01  0.10724306E+02
  0.22999289E-01  0.10721326E+02
  0.34498934E-01  0.10714093E+02
  0.45998578E-01  0.10697669E+02
  0.57498223E-01  0.10669728E+02
  0.68997867E-01  0.10632942E+02
  0.80497512E-01  0.10589416E+02
  0.91997156E-01  0.10540269E+02
  0.10349680E+00  0.10486250E+02
  0.11499645E+00  0.10427958E+02
  0.12649609E+00  0.10365916E+02
  0.13799573E+00  0.10300590E+02
  0.14949538E+00  0.10232402E+02
  0.16099502E+00  0.10161739E+02
  0.17249467E+00  0.10088956E+02
  0.18399431E+00  0.10014383E+02
  0.19549396E+00  0.99383297E+01
  0.20699360E+00  0.98610994E+01
  0.21849325E+00  0.97830005E+01
  0.22999289E+00  0.97043901E+01
  0.24149253E+00  0.96258079E+01
  0.25299218E+00  0.95486164E+01
  0.26449182E+00  0.94795535E+01
  0.27599147E+00  0.94379636E+01
  0.28749111E+00  0.94119408E+01
  0.29899076E+00  0.93884479E+01
  0.31049040E+00  0.93652413E+01
  0.32199005E+00  0.93418266E+01
  0.33348969E+00  0.93180552E+01
  0.34498934E+00  0.92938797E+01
  0.35648898E+00  0.92692909E+01
  0.36798862E+00  0.92442967E+01
  0.37948827E+00  0.92189135E+01
  0.39098791E+00  0.91931622E+01
  0.40248756E+00  0.91670665E+01
  0.41398720E+00  0.91406519E+01
  0.42548685E+00  0.91139449E+01
  0.43698649E+00  0.90869726E+01
  0.44848614E+00  0.90597626E+01
  0.45998578E+00  0.90323428E+01
  0.47148543E+00  0.90047413E+01
  0.48298507E+00  0.89769861E+01
  0.49448471E+00  0.89491054E+01
  0.50598436E+00  0.89211272E+01
  0.51748400E+00  0.88930793E+01
  0.52898365E+00  0.88649895E+01
  0.54048329E+00  0.88368854E+01
  0.55198294E+00  0.88087942E+01
  0.56348258E+00  0.87807430E+01
  0.57498223E+00  0.87527587E+01
  0.58648187E+00  0.87248676E+01
  0.59798151E+00  0.86970960E+01
  0.60948116E+00  0.86694697E+01
  0.62098080E+00  0.86420142E+01
  0.63248045E+00  0.86147545E+01
  0.64398009E+00  0.85877154E+01
  0.65547974E+00  0.85609211E+01
  0.66697938E+00  0.85343956E+01
  0.67847903E+00  0.85081622E+01
  0.68997867E+00  0.84822441E+01
  0.70147832E+00  0.84566636E+01
  0.71297796E+00  0.84314430E+01
  0.72447760E+00  0.84066039E+01
  0.73597725E+00  0.83821673E+01
  0.74747689E+00  0.83581540E+01
  0.75897654E+00  0.83345840E+01
  0.77047618E+00  0.83114770E+01
  0.78197583E+00  0.82888522E+01
  0.79347547E+00  0.82667281E+01
  0.80497512E+00  0.82451228E+01
  0.81647476E+00  0.82240539E+01
  0.82797440E+00  0.82035383E+01
  0.83947405E+00  0.81835926E+01
  0.85097369E+00  0.81642327E+01
  0.86247334E+00  0.81454739E+01
  0.87397298E+00  0.81273310E+01
  0.88547263E+00  0.81098183E+01
  0.89697227E+00  0.80929496E+01
  0.90847192E+00  0.80767378E+01
  0.91997156E+00  0.80611956E+01
  0.93147121E+00  0.80463350E+01
  0.94297085E+00  0.80321674E+01
  0.95447049E+00  0.80187036E+01
  0.96597014E+00  0.80059540E+01
  0.97746978E+00  0.79939281E+01
  0.98896943E+00  0.79826351E+01
  0.10004691E+01  0.79720836E+01
  0.10119687E+01  0.79622815E+01
  0.10234684E+01  0.79532362E+01
  0.10349680E+01  0.79449545E+01
  0.10464677E+01  0.79374426E+01
  0.10579673E+01  0.79307062E+01
  0.10694669E+01  0.79247503E+01
  0.10809666E+01  0.79195794E+01
  0.10924662E+01  0.79151974E+01
  0.11039659E+01  0.79116075E+01
  0.11154655E+01  0.79088126E+01
  0.11269652E+01  0.79068148E+01
  0.11384648E+01  0.79056155E+01
  0.11499645E+01  0.79052157E+01
  0.11499645E+01  0.10725147E+02
  0.11615111E+01  0.10724330E+02
  0.11730577E+01  0.10721411E+02
  0.11846044E+01  0.10714217E+02
  0.11961510E+01  0.10697649E+02
  0.12076977E+01  0.10669446E+02
  0.12192443E+01  0.10632406E+02
  0.12307910E+01  0.10588643E+02
  0.12423376E+01  0.10539271E+02
  0.12538843E+01  0.10485042E+02
  0.12654309E+01  0.10426560E+02
  0.12769776E+01  0.10364357E+02
  0.12885242E+01  0.10298912E+02
  0.13000709E+01  0.10230670E+02
  0.13116175E+01  0.10160056E+02
  0.13231642E+01  0.10087490E+02
  0.13347108E+01  0.10013419E+02
  0.13462575E+01  0.99383533E+01
  0.13578041E+01  0.98629518E+01
  0.13693508E+01  0.97881579E+01
  0.13808974E+01  0.97154460E+01
  0.13924441E+01  0.96471282E+01
  0.14039907E+01  0.95862349E+01
  0.14155374E+01  0.95349285E+01
  0.14270840E+01  0.94924514E+01
  0.14386307E+01  0.94559453E+01
  0.14501773E+01  0.94227072E+01
  0.14617240E+01  0.93909772E+01
  0.14732706E+01  0.93597324E+01
  0.14848173E+01  0.93283818E+01
  0.14963639E+01  0.92965736E+01
  0.15079106E+01  0.92640895E+01
  0.15194572E+01  0.92307893E+01
  0.15310038E+01  0.91965800E+01
  0.15425505E+01  0.91613990E+01
  0.15540971E+01  0.91252038E+01
  0.15656438E+01  0.90879662E+01
  0.15771904E+01  0.90496680E+01
  0.15887371E+01  0.90102993E+01
  0.16002837E+01  0.89698561E+01
  0.16118304E+01  0.89283397E+01
  0.16233770E+01  0.88857557E+01
  0.16349237E+01  0.88421136E+01
  0.16464703E+01  0.87974262E+01
  0.16580170E+01  0.87517094E+01
  0.16695636E+01  0.87049819E+01
  0.16811103E+01  0.86572651E+01
  0.16926569E+01  0.86085828E+01
  0.17042036E+01  0.85589611E+01
  0.17157502E+01  0.85084281E+01
  0.17272969E+01  0.84570142E+01
  0.17388435E+01  0.84047515E+01
  0.17503902E+01  0.83516740E+01
  0.17619368E+01  0.82978172E+01
  0.17734835E+01  0.82432182E+01
  0.17850301E+01  0.81879156E+01
  0.17965768E+01  0.81319492E+01
  0.18081234E+01  0.80753603E+01
  0.18196701E+01  0.80181908E+01
  0.18312167E+01  0.79604840E+01
  0.18427634E+01  0.79022839E+01
  0.18543100E+01  0.78436353E+01
  0.18658567E+01  0.77845835E+01
  0.18774033E+01  0.77251745E+01
  0.18889500E+01  0.76654549E+01
  0.19004966E+01  0.76054715E+01
  0.19120432E+01  0.75452712E+01
  0.19235899E+01  0.74849015E+01
  0.19351365E+01  0.74244098E+01
  0.19466832E+01  0.73638436E+01
  0.19582298E+01  0.73032503E+01
  0.19697765E+01  0.72426777E+01
  0.19813231E+01  0.71821733E+01
  0.19928698E+01  0.71217847E+01
  0.20044164E+01  0.70615597E+01
  0.20159631E+01  0.70015466E+01
  0.20275097E+01  0.69417943E+01
  0.20390564E+01  0.68823535E+01
  0.20506030E+01  0.68232773E+01
  0.20621497E+01  0.67646249E+01
  0.20736963E+01  0.67064666E+01
  0.20852430E+01  0.66488989E+01
  0.20967896E+01  0.65920874E+01
  0.21083363E+01  0.65364296E+01
  0.21198829E+01  0.64835247E+01
  0.21314296E+01  0.64471526E+01
  0.21429762E+01  0.64608782E+01
  0.21545229E+01  0.64909515E+01
  0.21660695E+01  0.65246849E+01
  0.21776162E+01  0.65604497E+01
  0.21891628E+01  0.65977386E+01
  0.22007095E+01  0.66362762E+01
  0.22122561E+01  0.66758646E+01
  0.22238028E+01  0.67163422E+01
  0.22353494E+01  0.67575692E+01
  0.22468961E+01  0.67994211E+01
  0.22584427E+01  0.68417848E+01
  0.22699894E+01  0.68845567E+01
  0.22815360E+01  0.69276414E+01
  0.22930826E+01  0.69709496E+01
  0.23046293E+01  0.70143979E+01
  0.23161759E+01  0.70579069E+01
  0.23277226E+01  0.71014006E+01
  0.23392692E+01  0.71448046E+01
  0.23508159E+01  0.71880449E+01
  0.23623625E+01  0.72310459E+01
  0.23739092E+01  0.72737268E+01
  0.23854558E+01  0.73159979E+01
  0.23970025E+01  0.73577526E+01
  0.24085491E+01  0.73988546E+01
  0.24200958E+01  0.74391120E+01
  0.24316424E+01  0.74782182E+01
  0.24431891E+01  0.75155962E+01
  0.24547357E+01  0.75498789E+01
  0.24662824E+01  0.75768037E+01
  0.24778290E+01  0.75839697E+01
  0.24778290E+01  0.10725147E+02
  0.24893577E+01  0.10722149E+02
  0.25008863E+01  0.10713202E+02
  0.25124150E+01  0.10698435E+02
  0.25239436E+01  0.10678051E+02
  0.25354722E+01  0.10652318E+02
  0.25470009E+01  0.10621545E+02
  0.25585295E+01  0.10586069E+02
  0.25700582E+01  0.10546239E+02
  0.25815868E+01  0.10502398E+02
  0.25931155E+01  0.10454882E+02
  0.26046441E+01  0.10404004E+02
  0.26161727E+01  0.10350054E+02
  0.26277014E+01  0.10293296E+02
  0.26392300E+01  0.10233967E+02
  0.26507587E+01  0.10172280E+02
  0.26622873E+01  0.10108421E+02
  0.26738160E+01  0.10042556E+02
  0.26853446E+01  0.99748331E+01
  0.26968733E+01  0.99053962E+01
  0.27084019E+01  0.98344851E+01
  0.27199305E+01  0.97889937E+01
  0.27314592E+01  0.97975679E+01
  0.27429878E+01  0.98067513E+01
  0.27545165E+01  0.98163302E+01
  0.27660451E+01  0.98262849E+01
  0.27775738E+01  0.98366068E+01
  0.27891024E+01  0.98472891E+01
  0.28006310E+01  0.98583252E+01
  0.28121597E+01  0.98697085E+01
  0.28236883E+01  0.98814320E+01
  0.28352170E+01  0.98934882E+01
  0.28467456E+01  0.99058692E+01
  0.28582743E+01  0.99185667E+01
  0.28698029E+01  0.99315717E+01
  0.28813316E+01  0.99448749E+01
  0.28928602E+01  0.99584661E+01
  0.29043888E+01  0.99723350E+01
  0.29159175E+01  0.99864705E+01
  0.29274461E+01  0.10000861E+02
  0.29389748E+01  0.10015495E+02
  0.29505034E+01  0.10030358E+02
  0.29620321E+01  0.10045440E+02
  0.29735607E+01  0.10060724E+02
  0.29850893E+01  0.10076199E+02
  0.29966180E+01  0.10091848E+02
  0.30081466E+01  0.10107657E+02
  0.30196753E+01  0.10123611E+02
  0.30312039E+01  0.10139694E+02
  0.30427326E+01  0.10155890E+02
  0.30542612E+01  0.10172183E+02
  0.30657899E+01  0.10188555E+02
  0.30773185E+01  0.10204990E+02
  0.30888471E+01  0.10221470E+02
  
  0.00000000E+00  0.10775608E+02
  0.11499645E-01  0.10772292E+02
  0.22999289E-01  0.10762876E+02
  0.34498934E-01  0.10749681E+02
  0.45998578E-01  0.10737971E+02
  0.57498223E-01  0.10730490E+02
  0.68997867E-01  0.10725051E+02
  0.80497512E-01  0.10720065E+02
  0.91997156E-01  0.10714942E+02
  0.10349680E+00  0.10709454E+02
  0.11499645E+00  0.10703501E+02
  0.12649609E+00  0.10697034E+02
  0.13799573E+00  0.10690027E+02
  0.14949538E+00  0.10682463E+02
  0.16099502E+00  0.10674335E+02
  0.17249467E+00  0.10665636E+02
  0.18399431E+00  0.10656364E+02
  0.19549396E+00  0.10646517E+02
  0.20699360E+00  0.10636091E+02
  0.21849325E+00  0.10625088E+02
  0.22999289E+00  0.10613505E+02
  0.24149253E+00  0.10601342E+02
  0.25299218E+00  0.10588599E+02
  0.26449182E+00  0.10575274E+02
  0.27599147E+00  0.10561367E+02
  0.28749111E+00  0.10546876E+02
  0.29899076E+00  0.10531802E+02
  0.31049040E+00  0.10516142E+02
  0.32199005E+00  0.10499895E+02
  0.33348969E+00  0.10483061E+02
  0.34498934E+00  0.10465637E+02
  0.35648898E+00  0.10447623E+02
  0.36798862E+00  0.10429016E+02
  0.37948827E+00  0.10409816E+02
  0.39098791E+00  0.10390021E+02
  0.40248756E+00  0.10369629E+02
  0.41398720E+00  0.10348641E+02
  0.42548685E+00  0.10327054E+02
  0.43698649E+00  0.10304869E+02
  0.44848614E+00  0.10282084E+02
  0.45998578E+00  0.10258699E+02
  0.47148543E+00  0.10234715E+02
  0.48298507E+00  0.10210132E+02
  0.49448471E+00  0.10184951E+02
  0.50598436E+00  0.10159173E+02
  0.51748400E+00  0.10132799E+02
  0.52898365E+00  0.10105832E+02
  0.54048329E+00  0.10078274E+02
  0.55198294E+00  0.10050128E+02
  0.56348258E+00  0.10021398E+02
  0.57498223E+00  0.99920889E+01
  0.58648187E+00  0.99622049E+01
  0.59798151E+00  0.99317523E+01
  0.60948116E+00  0.99007376E+01
  0.62098080E+00  0.98691686E+01
  0.63248045E+00  0.98370537E+01
  0.64398009E+00  0.98044026E+01
  0.65547974E+00  0.97712262E+01
  0.66697938E+00  0.97375364E+01
  0.67847903E+00  0.97033466E+01
  0.68997867E+00  0.96686718E+01
  0.70147832E+00  0.96335284E+01
  0.71297796E+00  0.95979346E+01
  0.72447760E+00  0.95619104E+01
  0.73597725E+00  0.95254779E+01
  0.74747689E+00  0.94886612E+01
  0.75897654E+00  0.94514870E+01
  0.77047618E+00  0.94139843E+01
  0.78197583E+00  0.93761849E+01
  0.79347547E+00  0.93381238E+01
  0.80497512E+00  0.92998388E+01
  0.81647476E+00  0.92613716E+01
  0.82797440E+00  0.92227673E+01
  0.83947405E+00  0.91840752E+01
  0.85097369E+00  0.91453492E+01
  0.86247334E+00  0.91066476E+01
  0.87397298E+00  0.90680340E+01
  0.88547263E+00  0.90295775E+01
  0.89697227E+00  0.89913531E+01
  0.90847192E+00  0.89534422E+01
  0.91997156E+00  0.89159331E+01
  0.93147121E+00  0.88789210E+01
  0.94297085E+00  0.88425091E+01
  0.95447049E+00  0.88068083E+01
  0.96597014E+00  0.87719378E+01
  0.97746978E+00  0.87380253E+01
  0.98896943E+00  0.87052068E+01
  0.10004691E+01  0.86736264E+01
  0.10119687E+01  0.86434360E+01
  0.10234684E+01  0.86147943E+01
  0.10349680E+01  0.85878653E+01
  0.10464677E+01  0.85628168E+01
  0.10579673E+01  0.85398181E+01
  0.10694669E+01  0.85190365E+01
  0.10809666E+01  0.85006346E+01
  0.10924662E+01  0.84847658E+01
  0.11039659E+01  0.84715702E+01
  0.11154655E+01  0.84611702E+01
  0.11269652E+01  0.84536662E+01
  0.11384648E+01  0.84491331E+01
  0.11499645E+01  0.84476169E+01
  0.11499645E+01  0.10775608E+02
  0.11615111E+01  0.10772265E+02
  0.11730577E+01  0.10762778E+02
  0.11846044E+01  0.10749535E+02
  0.11961510E+01  0.10737966E+02
  0.12076977E+01  0.10730762E+02
  0.12192443E+01  0.10725618E+02
  0.12307910E+01  0.10720946E+02
  0.12423376E+01  0.10716169E+02
  0.12538843E+01  0.10711065E+02
  0.12654309E+01  0.10705536E+02
  0.12769776E+01  0.10699533E+02
  0.12885242E+01  0.10693029E+02
  0.13000709E+01  0.10686009E+02
  0.13116175E+01  0.10678460E+02
  0.13231642E+01  0.10670376E+02
  0.13347108E+01  0.10661747E+02
  0.13462575E+01  0.10652565E+02
  0.13578041E+01  0.10642820E+02
  0.13693508E+01  0.10632500E+02
  0.13808974E+01  0.10621588E+02
  0.13924441E+01  0.10610065E+02
  0.14039907E+01  0.10597906E+02
  0.14155374E+01  0.10585077E+02
  0.14270840E+01  0.10571542E+02
  0.14386307E+01  0.10557259E+02
  0.14501773E+01  0.10542189E+02
  0.14617240E+01  0.10526300E+02
  0.14732706E+01  0.10509572E+02
  0.14848173E+01  0.10492002E+02
  0.14963639E+01  0.10473599E+02
  0.15079106E+01  0.10454385E+02
  0.15194572E+01  0.10434382E+02
  0.15310038E+01  0.10413615E+02
  0.15425505E+01  0.10392106E+02
  0.15540971E+01  0.10369875E+02
  0.15656438E+01  0.10346938E+02
  0.15771904E+01  0.10323311E+02
  0.15887371E+01  0.10299007E+02
  0.16002837E+01  0.10274038E+02
  0.16118304E+01  0.10248416E+02
  0.16233770E+01  0.10222152E+02
  0.16349237E+01  0.10195256E+02
  0.16464703E+01  0.10167739E+02
  0.16580170E+01  0.10139611E+02
  0.16695636E+01  0.10110883E+02
  0.16811103E+01  0.10081568E+02
  0.16926569E+01  0.10051676E+02
  0.17042036E+01  0.10021219E+02
  0.17157502E+01  0.99902114E+01
  0.17272969E+01  0.99586654E+01
  0.17388435E+01  0.99265954E+01
  0.17503902E+01  0.98940159E+01
  0.17619368E+01  0.98609423E+01
  0.17734835E+01  0.98273905E+01
  0.17850301E+01  0.97933773E+01
  0.17965768E+01  0.97589201E+01
  0.18081234E+01  0.97240371E+01
  0.18196701E+01  0.96887470E+01
  0.18312167E+01  0.96530695E+01
  0.18427634E+01  0.96170249E+01
  0.18543100E+01  0.95806341E+01
  0.18658567E+01  0.95439191E+01
  0.18774033E+01  0.95069021E+01
  0.18889500E+01  0.94696064E+01
  0.19004966E+01  0.94320556E+01
  0.19120432E+01  0.93942744E+01
  0.19235899E+01  0.93562879E+01
  0.19351365E+01  0.93181218E+01
  0.19466832E+01  0.92798025E+01
  0.19582298E+01  0.92413571E+01
  0.19697765E+01  0.92028132E+01
  0.19813231E+01  0.91641989E+01
  0.19928698E+01  0.91255430E+01
  0.20044164E+01  0.90868747E+01
  0.20159631E+01  0.90482239E+01
  0.20275097E+01  0.90096209E+01
  0.20390564E+01  0.89710964E+01
  0.20506030E+01  0.89326817E+01
  0.20621497E+01  0.88944085E+01
  0.20736963E+01  0.88563089E+01
  0.20852430E+01  0.88184155E+01
  0.20967896E+01  0.87807613E+01
  0.21083363E+01  0.87433795E+01
  0.21198829E+01  0.87063040E+01
  0.21314296E+01  0.86695686E+01
  0.21429762E+01  0.86332078E+01
  0.21545229E+01  0.85972561E+01
  0.21660695E+01  0.85617482E+01
  0.21776162E+01  0.85267189E+01
  0.21891628E+01  0.84922026E+01
  0.22007095E+01  0.84582337E+01
  0.22122561E+01  0.84248451E+01
  0.22238028E+01  0.83920682E+01
  0.22353494E+01  0.83599306E+01
  0.22468961E+01  0.83284531E+01
  0.22584427E+01  0.82976434E+01
  0.22699894E+01  0.82674808E+01
  0.22815360E+01  0.82378800E+01
  0.22930826E+01  0.82085911E+01
  0.23046293E+01  0.81789223E+01
  0.23161759E+01  0.81472866E+01
  0.23277226E+01  0.81122106E+01
  0.23392692E+01  0.80745974E+01
  0.23508159E+01  0.80359610E+01
  0.23623625E+01  0.79970676E+01
  0.23739092E+01  0.79582527E+01
  0.23854558E+01  0.79196903E+01
  0.23970025E+01  0.78814987E+01
  0.24085491E+01  0.78437877E+01
  0.24200958E+01  0.78066953E+01
  0.24316424E+01  0.77704460E+01
  0.24431891E+01  0.77355012E+01
  0.24547357E+01  0.77030662E+01
  0.24662824E+01  0.76771782E+01
  0.24778290E+01  0.76699280E+01
  0.24778290E+01  0.10775608E+02
  0.24893577E+01  0.10775366E+02
  0.25008863E+01  0.10774657E+02
  0.25124150E+01  0.10773481E+02
  0.25239436E+01  0.10771839E+02
  0.25354722E+01  0.10769730E+02
  0.25470009E+01  0.10767157E+02
  0.25585295E+01  0.10764119E+02
  0.25700582E+01  0.10760620E+02
  0.25815868E+01  0.10756661E+02
  0.25931155E+01  0.10752243E+02
  0.26046441E+01  0.10747369E+02
  0.26161727E+01  0.10742043E+02
  0.26277014E+01  0.10736266E+02
  0.26392300E+01  0.10730043E+02
  0.26507587E+01  0.10723377E+02
  0.26622873E+01  0.10716272E+02
  0.26738160E+01  0.10708732E+02
  0.26853446E+01  0.10700762E+02
  0.26968733E+01  0.10692368E+02
  0.27084019E+01  0.10683555E+02
  0.27199305E+01  0.10674328E+02
  0.27314592E+01  0.10664696E+02
  0.27429878E+01  0.10654663E+02
  0.27545165E+01  0.10644238E+02
  0.27660451E+01  0.10633429E+02
  0.27775738E+01  0.10622243E+02
  0.27891024E+01  0.10610690E+02
  0.28006310E+01  0.10598779E+02
  0.28121597E+01  0.10586519E+02
  0.28236883E+01  0.10573922E+02
  0.28352170E+01  0.10560996E+02
  0.28467456E+01  0.10547755E+02
  0.28582743E+01  0.10534210E+02
  0.28698029E+01  0.10520372E+02
  0.28813316E+01  0.10506256E+02
  0.28928602E+01  0.10491873E+02
  0.29043888E+01  0.10477239E+02
  0.29159175E+01  0.10462366E+02
  0.29274461E+01  0.10447270E+02
  0.29389748E+01  0.10431966E+02
  0.29505034E+01  0.10416468E+02
  0.29620321E+01  0.10400794E+02
  0.29735607E+01  0.10384959E+02
  0.29850893E+01  0.10368979E+02
  0.29966180E+01  0.10352871E+02
  0.30081466E+01  0.10336652E+02
  0.30196753E+01  0.10320340E+02
  0.30312039E+01  0.10303951E+02
  0.30427326E+01  0.10287503E+02
  0.30542612E+01  0.10271013E+02
  0.30657899E+01  0.10254500E+02
  0.30773185E+01  0.10237980E+02
  0.30888471E+01  0.10221470E+02
  
  0.00000000E+00  0.10775608E+02
  0.11499645E-01  0.10775320E+02
  0.22999289E-01  0.10774455E+02
  0.34498934E-01  0.10773016E+02
  0.45998578E-01  0.10771004E+02
  0.57498223E-01  0.10768421E+02
  0.68997867E-01  0.10765272E+02
  0.80497512E-01  0.10761559E+02
  0.91997156E-01  0.10757288E+02
  0.10349680E+00  0.10752464E+02
  0.11499645E+00  0.10747094E+02
  0.12649609E+00  0.10741184E+02
  0.13799573E+00  0.10734741E+02
  0.14949538E+00  0.10727775E+02
  0.16099502E+00  0.10720292E+02
  0.17249467E+00  0.10712303E+02
  0.18399431E+00  0.10703818E+02
  0.19549396E+00  0.10694847E+02
  0.20699360E+00  0.10685400E+02
  0.21849325E+00  0.10675490E+02
  0.22999289E+00  0.10665129E+02
  0.24149253E+00  0.10654330E+02
  0.25299218E+00  0.10643105E+02
  0.26449182E+00  0.10631468E+02
  0.27599147E+00  0.10619435E+02
  0.28749111E+00  0.10607019E+02
  0.29899076E+00  0.10594237E+02
  0.31049040E+00  0.10581103E+02
  0.32199005E+00  0.10567634E+02
  0.33348969E+00  0.10553847E+02
  0.34498934E+00  0.10539759E+02
  0.35648898E+00  0.10525387E+02
  0.36798862E+00  0.10510749E+02
  0.37948827E+00  0.10495861E+02
  0.39098791E+00  0.10480743E+02
  0.40248756E+00  0.10465411E+02
  0.41398720E+00  0.10449885E+02
  0.42548685E+00  0.10434181E+02
  0.43698649E+00  0.10418318E+02
  0.44848614E+00  0.10402314E+02
  0.45998578E+00  0.10386187E+02
  0.47148543E+00  0.10369954E+02
  0.48298507E+00  0.10353633E+02
  0.49448471E+00  0.10337241E+02
  0.50598436E+00  0.10320797E+02
  0.51748400E+00  0.10304316E+02
  0.52898365E+00  0.10287816E+02
  0.54048329E+00  0.10271314E+02
  0.55198294E+00  0.10254826E+02
  0.56348258E+00  0.10238368E+02
  0.57498223E+00  0.10221957E+02
  0.58648187E+00  0.10205608E+02
  0.59798151E+00  0.10189337E+02
  0.60948116E+00  0.10173159E+02
  0.62098080E+00  0.10157089E+02
  0.63248045E+00  0.10141142E+02
  0.64398009E+00  0.10125333E+02
  0.65547974E+00  0.10109675E+02
  0.66697938E+00  0.10094183E+02
  0.67847903E+00  0.10078870E+02
  0.68997867E+00  0.10063749E+02
  0.70147832E+00  0.10048834E+02
  0.71297796E+00  0.10034136E+02
  0.72447760E+00  0.10019669E+02
  0.73597725E+00  0.10005444E+02
  0.74747689E+00  0.99914734E+01
  0.75897654E+00  0.99777681E+01
  0.77047618E+00  0.99643393E+01
  0.78197583E+00  0.99511976E+01
  0.79347547E+00  0.99383537E+01
  0.80497512E+00  0.99258174E+01
  0.81647476E+00  0.99135986E+01
  0.82797440E+00  0.99017067E+01
  0.83947405E+00  0.98901508E+01
  0.85097369E+00  0.98789396E+01
  0.86247334E+00  0.98680816E+01
  0.87397298E+00  0.98575849E+01
  0.88547263E+00  0.98474573E+01
  0.89697227E+00  0.98377063E+01
  0.90847192E+00  0.98283389E+01
  0.91997156E+00  0.98193621E+01
  0.93147121E+00  0.98107822E+01
  0.94297085E+00  0.98026054E+01
  0.95447049E+00  0.97948377E+01
  0.96597014E+00  0.97874844E+01
  0.97746978E+00  0.97805508E+01
  0.98896943E+00  0.97740419E+01
  0.10004691E+01  0.97679620E+01
  0.10119687E+01  0.97623156E+01
  0.10234684E+01  0.97571064E+01
  0.10349680E+01  0.97523382E+01
  0.10464677E+01  0.97480142E+01
  0.10579673E+01  0.97441373E+01
  0.10694669E+01  0.97407103E+01
  0.10809666E+01  0.97377355E+01
  0.10924662E+01  0.97352150E+01
  0.11039659E+01  0.97331503E+01
  0.11154655E+01  0.97315431E+01
  0.11269652E+01  0.97303943E+01
  0.11384648E+01  0.97297047E+01
  0.11499645E+01  0.97294748E+01
  0.11499645E+01  0.10775608E+02
  0.11615111E+01  0.10775291E+02
  0.11730577E+01  0.10774342E+02
  0.11846044E+01  0.10772759E+02
  0.11961510E+01  0.10770542E+02
  0.12076977E+01  0.10767692E+02
  0.12192443E+01  0.10764207E+02
  0.12307910E+01  0.10760088E+02
  0.12423376E+01  0.10755334E+02
  0.12538843E+01  0.10749945E+02
  0.12654309E+01  0.10743921E+02
  0.12769776E+01  0.10737262E+02
  0.12885242E+01  0.10729970E+02
  0.13000709E+01  0.10722046E+02
  0.13116175E+01  0.10713491E+02
  0.13231642E+01  0.10704309E+02
  0.13347108E+01  0.10694505E+02
  0.13462575E+01  0.10684085E+02
  0.13578041E+01  0.10673056E+02
  0.13693508E+01  0.10661431E+02
  0.13808974E+01  0.10649224E+02
  0.13924441E+01  0.10636455E+02
  0.14039907E+01  0.10623148E+02
  0.14155374E+01  0.10609336E+02
  0.14270840E+01  0.10595054E+02
  0.14386307E+01  0.10580344E+02
  0.14501773E+01  0.10565244E+02
  0.14617240E+01  0.10549786E+02
  0.14732706E+01  0.10533989E+02
  0.14848173E+01  0.10517856E+02
  0.14963639E+01  0.10501376E+02
  0.15079106E+01  0.10484528E+02
  0.15194572E+01  0.10467288E+02
  0.15310038E+01  0.10449632E+02
  0.15425505E+01  0.10431537E+02
  0.15540971E+01  0.10412985E+02
  0.15656438E+01  0.10393957E+02
  0.15771904E+01  0.10374441E+02
  0.15887371E+01  0.10354424E+02
  0.16002837E+01  0.10333894E+02
  0.16118304E+01  0.10312845E+02
  0.16233770E+01  0.10291266E+02
  0.16349237E+01  0.10269152E+02
  0.16464703E+01  0.10246496E+02
  0.16580170E+01  0.10223292E+02
  0.16695636E+01  0.10199537E+02
  0.16811103E+01  0.10175225E+02
  0.16926569E+01  0.10150353E+02
  0.17042036E+01  0.10124918E+02
  0.17157502E+01  0.10098919E+02
  0.17272969E+01  0.10072353E+02
  0.17388435E+01  0.10045219E+02
  0.17503902E+01  0.10017518E+02
  0.17619368E+01  0.99892488E+01
  0.17734835E+01  0.99604137E+01
  0.17850301E+01  0.99310143E+01
  0.17965768E+01  0.99010534E+01
  0.18081234E+01  0.98705343E+01
  0.18196701E+01  0.98394613E+01
  0.18312167E+01  0.98078396E+01
  0.18427634E+01  0.97756750E+01
  0.18543100E+01  0.97429742E+01
  0.18658567E+01  0.97097448E+01
  0.18774033E+01  0.96759953E+01
  0.18889500E+01  0.96417347E+01
  0.19004966E+01  0.96069732E+01
  0.19120432E+01  0.95717217E+01
  0.19235899E+01  0.95359917E+01
  0.19351365E+01  0.94997958E+01
  0.19466832E+01  0.94631473E+01
  0.19582298E+01  0.94260601E+01
  0.19697765E+01  0.93885491E+01
  0.19813231E+01  0.93506297E+01
  0.19928698E+01  0.93123182E+01
  0.20044164E+01  0.92736315E+01
  0.20159631E+01  0.92345871E+01
  0.20275097E+01  0.91952031E+01
  0.20390564E+01  0.91554985E+01
  0.20506030E+01  0.91154926E+01
  0.20621497E+01  0.90752053E+01
  0.20736963E+01  0.90346571E+01
  0.20852430E+01  0.89938690E+01
  0.20967896E+01  0.89528625E+01
  0.21083363E+01  0.89116595E+01
  0.21198829E+01  0.88702824E+01
  0.21314296E+01  0.88287541E+01
  0.21429762E+01  0.87870981E+01
  0.21545229E+01  0.87453381E+01
  0.21660695E+01  0.87034986E+01
  0.21776162E+01  0.86616048E+01
  0.21891628E+01  0.86196828E+01
  0.22007095E+01  0.85777599E+01
  0.22122561E+01  0.85358650E+01
  0.22238028E+01  0.84940299E+01
  0.22353494E+01  0.84522908E+01
  0.22468961E+01  0.84106915E+01
  0.22584427E+01  0.83692902E+01
  0.22699894E+01  0.83281745E+01
  0.22815360E+01  0.82874979E+01
  0.22930826E+01  0.82475798E+01
  0.23046293E+01  0.82091838E+01
  0.23161759E+01  0.81739707E+01
  0.23277226E+01  0.81434903E+01
  0.23392692E+01  0.81169196E+01
  0.23508159E+01  0.80928297E+01
  0.23623625E+01  0.80705453E+01
  0.23739092E+01  0.80498314E+01
  0.23854558E+01  0.80306274E+01
  0.23970025E+01  0.80129485E+01
  0.24085491E+01  0.79968516E+01
  0.24200958E+01  0.79824239E+01
  0.24316424E+01  0.79697834E+01
  0.24431891E+01  0.79590841E+01
  0.24547357E+01  0.79505282E+01
  0.24662824E+01  0.79443829E+01
  0.24778290E+01  0.79410019E+01
  0.24778290E+01  0.10775608E+02
  0.24893577E+01  0.10775382E+02
  0.25008863E+01  0.10774689E+02
  0.25124150E+01  0.10773529E+02
  0.25239436E+01  0.10771903E+02
  0.25354722E+01  0.10769812E+02
  0.25470009E+01  0.10767257E+02
  0.25585295E+01  0.10764240E+02
  0.25700582E+01  0.10760762E+02
  0.25815868E+01  0.10756826E+02
  0.25931155E+01  0.10752433E+02
  0.26046441E+01  0.10747587E+02
  0.26161727E+01  0.10742289E+02
  0.26277014E+01  0.10736543E+02
  0.26392300E+01  0.10730353E+02
  0.26507587E+01  0.10723721E+02
  0.26622873E+01  0.10716653E+02
  0.26738160E+01  0.10709152E+02
  0.26853446E+01  0.10701223E+02
  0.26968733E+01  0.10692871E+02
  0.27084019E+01  0.10684101E+02
  0.27199305E+01  0.10674920E+02
  0.27314592E+01  0.10665333E+02
  0.27429878E+01  0.10655347E+02
  0.27545165E+01  0.10644969E+02
  0.27660451E+01  0.10634207E+02
  0.27775738E+01  0.10623067E+02
  0.27891024E+01  0.10611560E+02
  0.28006310E+01  0.10599693E+02
  0.28121597E+01  0.10587475E+02
  0.28236883E+01  0.10574917E+02
  0.28352170E+01  0.10562028E+02
  0.28467456E+01  0.10548819E+02
  0.28582743E+01  0.10535303E+02
  0.28698029E+01  0.10521489E+02
  0.28813316E+01  0.10507390E+02
  0.28928602E+01  0.10493020E+02
  0.29043888E+01  0.10478391E+02
  0.29159175E+01  0.10463516E+02
  0.29274461E+01  0.10448411E+02
  0.29389748E+01  0.10433089E+02
  0.29505034E+01  0.10417565E+02
  0.29620321E+01  0.10401855E+02
  0.29735607E+01  0.10385974E+02
  0.29850893E+01  0.10369939E+02
  0.29966180E+01  0.10353766E+02
  0.30081466E+01  0.10337471E+02
  0.30196753E+01  0.10321072E+02
  0.30312039E+01  0.10304587E+02
  0.30427326E+01  0.10288032E+02
  0.30542612E+01  0.10271425E+02
  0.30657899E+01  0.10254784E+02
  0.30773185E+01  0.10238126E+02
  0.30888471E+01  0.10221470E+02
  
  0.00000000E+00  0.12929420E+02
  0.11499645E-01  0.12932510E+02
  0.22999289E-01  0.12941713E+02
  0.34498934E-01  0.12956829E+02
  0.45998578E-01  0.12977549E+02
  0.57498223E-01  0.13003476E+02
  0.68997867E-01  0.13034156E+02
  0.80497512E-01  0.13069106E+02
  0.91997156E-01  0.13107839E+02
  0.10349680E+00  0.13149881E+02
  0.11499645E+00  0.13194786E+02
  0.12649609E+00  0.13242140E+02
  0.13799573E+00  0.13291571E+02
  0.14949538E+00  0.13342743E+02
  0.16099502E+00  0.13395358E+02
  0.17249467E+00  0.13449154E+02
  0.18399431E+00  0.13503900E+02
  0.19549396E+00  0.13559393E+02
  0.20699360E+00  0.13615456E+02
  0.21849325E+00  0.13671933E+02
  0.22999289E+00  0.13728686E+02
  0.24149253E+00  0.13785595E+02
  0.25299218E+00  0.13842554E+02
  0.26449182E+00  0.13899466E+02
  0.27599147E+00  0.13956247E+02
  0.28749111E+00  0.14012821E+02
  0.29899076E+00  0.14069118E+02
  0.31049040E+00  0.14125075E+02
  0.32199005E+00  0.14180634E+02
  0.33348969E+00  0.14235741E+02
  0.34498934E+00  0.14290344E+02
  0.35648898E+00  0.14344397E+02
  0.36798862E+00  0.14397854E+02
  0.37948827E+00  0.14450671E+02
  0.39098791E+00  0.14502806E+02
  0.40248756E+00  0.14554219E+02
  0.41398720E+00  0.14604868E+02
  0.42548685E+00  0.14654716E+02
  0.43698649E+00  0.14703723E+02
  0.44848614E+00  0.14751851E+02
  0.45998578E+00  0.14799062E+02
  0.47148543E+00  0.14845318E+02
  0.48298507E+00  0.14890583E+02
  0.49448471E+00  0.14934820E+02
  0.50598436E+00  0.14977993E+02
  0.51748400E+00  0.15020067E+02
  0.52898365E+00  0.15061009E+02
  0.54048329E+00  0.15100786E+02
  0.55198294E+00  0.15139367E+02
  0.56348258E+00  0.15176723E+02
  0.57498223E+00  0.15212827E+02
  0.58648187E+00  0.15247657E+02
  0.59798151E+00  0.15281191E+02
  0.60948116E+00  0.15313413E+02
  0.62098080E+00  0.15344310E+02
  0.63248045E+00  0.15373872E+02
  0.64398009E+00  0.15402097E+02
  0.65547974E+00  0.15428984E+02
  0.66697938E+00  0.15454540E+02
  0.67847903E+00  0.15478777E+02
  0.68997867E+00  0.15501710E+02
  0.70147832E+00  0.15523361E+02
  0.71297796E+00  0.15543757E+02
  0.72447760E+00  0.15562930E+02
  0.73597725E+00  0.15580915E+02
  0.74747689E+00  0.15597752E+02
  0.75897654E+00  0.15613485E+02
  0.77047618E+00  0.15628160E+02
  0.78197583E+00  0.15641827E+02
  0.79347547E+00  0.15654536E+02
  0.80497512E+00  0.15666340E+02
  0.81647476E+00  0.15677292E+02
  0.82797440E+00  0.15687445E+02
  0.83947405E+00  0.15696854E+02
  0.85097369E+00  0.15705571E+02
  0.86247334E+00  0.15713646E+02
  0.87397298E+00  0.15721129E+02
  0.88547263E+00  0.15728068E+02
  0.89697227E+00  0.15734507E+02
  0.90847192E+00  0.15740488E+02
  0.91997156E+00  0.15746051E+02
  0.93147121E+00  0.15751231E+02
  0.94297085E+00  0.15756060E+02
  0.95447049E+00  0.15760566E+02
  0.96597014E+00  0.15764774E+02
  0.97746978E+00  0.15768703E+02
  0.98896943E+00  0.15772371E+02
  0.10004691E+01  0.15775790E+02
  0.10119687E+01  0.15778970E+02
  0.10234684E+01  0.15781916E+02
  0.10349680E+01  0.15784630E+02
  0.10464677E+01  0.15787111E+02
  0.10579673E+01  0.15789357E+02
  0.10694669E+01  0.15791362E+02
  0.10809666E+01  0.15793121E+02
  0.10924662E+01  0.15794627E+02
  0.11039659E+01  0.15795871E+02
  0.11154655E+01  0.15796847E+02
  0.11269652E+01  0.15797549E+02
  0.11384648E+01  0.15797972E+02
  0.11499645E+01  0.15798113E+02
  0.11499645E+01  0.12929420E+02
  0.11615111E+01  0.12932570E+02
  0.11730577E+01  0.12941949E+02
  0.11846044E+01  0.12957354E+02
  0.11961510E+01  0.12978463E+02
  0.12076977E+01  0.13004868E+02
  0.12192443E+01  0.13036103E+02
  0.12307910E+01  0.13071673E+02
  0.12423376E+01  0.13111080E+02
  0.12538843E+01  0.13153840E+02
  0.12654309E+01  0.13199502E+02
  0.12769776E+01  0.13247648E+02
  0.12885242E+01  0.13297903E+02
  0.13000709E+01  0.13349934E+02
  0.13116175E+01  0.13403447E+02
  0.13231642E+01  0.13458187E+02
  0.13347108E+01  0.13513933E+02
  0.13462575E+01  0.13570495E+02
  0.13578041E+01  0.13627710E+02
  0.13693508E+01  0.13685441E+02
  0.13808974E+01  0.13743571E+02
  0.13924441E+01  0.13802003E+02
  0.14039907E+01  0.13860656E+02
  0.14155374E+01  0.13919465E+02
  0.14270840E+01  0.13978375E+02
  0.14386307E+01  0.14037343E+02
  0.14501773E+01  0.14096338E+02
  0.14617240E+01  0.14155334E+02
  0.14732706E+01  0.14214314E+02
  0.14848173E+01  0.14273268E+02
  0.14963639E+01  0.14332189E+02
  0.15079106E+01  0.14391079E+02
  0.15194572E+01  0.14449939E+02
  0.15310038E+01  0.14508778E+02
  0.15425505E+01  0.14567605E+02
  0.15540971E+01  0.14626434E+02
  0.15656438E+01  0.14685278E+02
  0.15771904E+01  0.14744154E+02
  0.15887371E+01  0.14803081E+02
  0.16002837E+01  0.14862076E+02
  0.16118304E+01  0.14921158E+02
  0.16233770E+01  0.14980346E+02
  0.16349237E+01  0.15039661E+02
  0.16464703E+01  0.15099121E+02
  0.16580170E+01  0.15158744E+02
  0.16695636E+01  0.15218549E+02
  0.16811103E+01  0.15278552E+02
  0.16926569E+01  0.15338767E+02
  0.17042036E+01  0.15399210E+02
  0.17157502E+01  0.15459891E+02
  0.17272969E+01  0.15520822E+02
  0.17388435E+01  0.15582008E+02
  0.17503902E+01  0.15643457E+02
  0.17619368E+01  0.15705169E+02
  0.17734835E+01  0.15767145E+02
  0.17850301E+01  0.15829379E+02
  0.17965768E+01  0.15891865E+02
  0.18081234E+01  0.15954591E+02
  0.18196701E+01  0.16017539E+02
  0.18312167E+01  0.16080690E+02
  0.18427634E+01  0.16144017E+02
  0.18543100E+01  0.16207488E+02
  0.18658567E+01  0.16271064E+02
  0.18774033E+01  0.16334701E+02
  0.18889500E+01  0.16398345E+02
  0.19004966E+01  0.16461935E+02
  0.19120432E+01  0.16525402E+02
  0.19235899E+01  0.16588665E+02
  0.19351365E+01  0.16651633E+02
  0.19466832E+01  0.16714203E+02
  0.19582298E+01  0.16776260E+02
  0.19697765E+01  0.16837673E+02
  0.19813231E+01  0.16898298E+02
  0.19928698E+01  0.16957972E+02
  0.20044164E+01  0.17016515E+02
  0.20159631E+01  0.17073728E+02
  0.20275097E+01  0.17129388E+02
  0.20390564E+01  0.17183249E+02
  0.20506030E+01  0.17235034E+02
  0.20621497E+01  0.17284431E+02
  0.20736963E+01  0.17331084E+02
  0.20852430E+01  0.17374591E+02
  0.20967896E+01  0.17414501E+02
  0.21083363E+01  0.17450355E+02
  0.21198829E+01  0.17481782E+02
  0.21314296E+01  0.17508653E+02
  0.21429762E+01  0.17531222E+02
  0.21545229E+01  0.17550119E+02
  0.21660695E+01  0.17566168E+02
  0.21776162E+01  0.17580183E+02
  0.21891628E+01  0.17592843E+02
  0.22007095E+01  0.17604665E+02
  0.22122561E+01  0.17616025E+02
  0.22238028E+01  0.17627186E+02
  0.22353494E+01  0.17638329E+02
  0.22468961E+01  0.17649576E+02
  0.22584427E+01  0.17661003E+02
  0.22699894E+01  0.17672651E+02
  0.22815360E+01  0.17684530E+02
  0.22930826E+01  0.17696627E+02
  0.23046293E+01  0.17708908E+02
  0.23161759E+01  0.17721314E+02
  0.23277226E+01  0.17733769E+02
  0.23392692E+01  0.17746177E+02
  0.23508159E+01  0.17758418E+02
  0.23623625E+01  0.17770355E+02
  0.23739092E+01  0.17781829E+02
  0.23854558E+01  0.17792664E+02
  0.23970025E+01  0.17802667E+02
  0.24085491E+01  0.17811636E+02
  0.24200958E+01  0.17819369E+02
  0.24316424E+01  0.17825672E+02
  0.24431891E+01  0.17830370E+02
  0.24547357E+01  0.17833323E+02
  0.24662824E+01  0.17834428E+02
  0.24778290E+01  0.17833628E+02
  0.24778290E+01  0.12929420E+02
  0.24893577E+01  0.12932208E+02
  0.25008863E+01  0.12940527E+02
  0.25124150E+01  0.12954241E+02
  0.25239436E+01  0.12973137E+02
  0.25354722E+01  0.12996936E+02
  0.25470009E+01  0.13025311E+02
  0.25585295E+01  0.13057907E+02
  0.25700582E+01  0.13094351E+02
  0.25815868E+01  0.13134270E+02
  0.25931155E+01  0.13177302E+02
  0.26046441E+01  0.13223097E+02
  0.26161727E+01  0.13271327E+02
  0.26277014E+01  0.13321689E+02
  0.26392300E+01  0.13373899E+02
  0.26507587E+01  0.13427698E+02
  0.26622873E+01  0.13482849E+02
  0.26738160E+01  0.13539134E+02
  0.26853446E+01  0.13596351E+02
  0.26968733E+01  0.13654317E+02
  0.27084019E+01  0.13712858E+02
  0.27199305E+01  0.13771817E+02
  0.27314592E+01  0.13831044E+02
  0.27429878E+01  0.13890397E+02
  0.27545165E+01  0.13949744E+02
  0.27660451E+01  0.14008955E+02
  0.27775738E+01  0.14067909E+02
  0.27891024E+01  0.14126486E+02
  0.28006310E+01  0.14184569E+02
  0.28121597E+01  0.14242046E+02
  0.28236883E+01  0.14298805E+02
  0.28352170E+01  0.14354736E+02
  0.28467456E+01  0.14409730E+02
  0.28582743E+01  0.14463680E+02
  0.28698029E+01  0.14516480E+02
  0.28813316E+01  0.14568026E+02
  0.28928602E+01  0.14618213E+02
  0.29043888E+01  0.14666941E+02
  0.29159175E+01  0.14714111E+02
  0.29274461E+01  0.14759628E+02
  0.29389748E+01  0.14803400E+02
  0.29505034E+01  0.14845342E+02
  0.29620321E+01  0.14885373E+02
  0.29735607E+01  0.14923419E+02
  0.29850893E+01  0.14959416E+02
  0.29966180E+01  0.14993308E+02
  0.30081466E+01  0.15025051E+02
  0.30196753E+01  0.15054613E+02
  0.30312039E+01  0.15081972E+02
  0.30427326E+01  0.15107123E+02
  0.30542612E+01  0.15130075E+02
  0.30657899E+01  0.15150848E+02
  0.30773185E+01  0.15169481E+02
  0.30888471E+01  0.15186024E+02
  
  0.00000000E+00  0.15162148E+02
  0.11499645E-01  0.15163227E+02
  0.22999289E-01  0.15166460E+02
  0.34498934E-01  0.15171826E+02
  0.45998578E-01  0.15179291E+02
  0.57498223E-01  0.15188811E+02
  0.68997867E-01  0.15200327E+02
  0.80497512E-01  0.15213773E+02
  0.91997156E-01  0.15229070E+02
  0.10349680E+00  0.15246133E+02
  0.11499645E+00  0.15264867E+02
  0.12649609E+00  0.15285172E+02
  0.13799573E+00  0.15306945E+02
  0.14949538E+00  0.15330076E+02
  0.16099502E+00  0.15354456E+02
  0.17249467E+00  0.15379973E+02
  0.18399431E+00  0.15406514E+02
  0.19549396E+00  0.15433967E+02
  0.20699360E+00  0.15462224E+02
  0.21849325E+00  0.15491176E+02
  0.22999289E+00  0.15520720E+02
  0.24149253E+00  0.15550753E+02
  0.25299218E+00  0.15581179E+02
  0.26449182E+00  0.15611905E+02
  0.27599147E+00  0.15642843E+02
  0.28749111E+00  0.15673910E+02
  0.29899076E+00  0.15705029E+02
  0.31049040E+00  0.15736126E+02
  0.32199005E+00  0.15767135E+02
  0.33348969E+00  0.15797992E+02
  0.34498934E+00  0.15828642E+02
  0.35648898E+00  0.15859032E+02
  0.36798862E+00  0.15889116E+02
  0.37948827E+00  0.15918854E+02
  0.39098791E+00  0.15948207E+02
  0.40248756E+00  0.15977146E+02
  0.41398720E+00  0.16005642E+02
  0.42548685E+00  0.16033673E+02
  0.43698649E+00  0.16061221E+02
  0.44848614E+00  0.16088271E+02
  0.45998578E+00  0.16114812E+02
  0.47148543E+00  0.16140837E+02
  0.48298507E+00  0.16166342E+02
  0.49448471E+00  0.16191325E+02
  0.50598436E+00  0.16215787E+02
  0.51748400E+00  0.16239731E+02
  0.52898365E+00  0.16263162E+02
  0.54048329E+00  0.16286086E+02
  0.55198294E+00  0.16308510E+02
  0.56348258E+00  0.16330439E+02
  0.57498223E+00  0.16351881E+02
  0.58648187E+00  0.16372840E+02
  0.59798151E+00  0.16393322E+02
  0.60948116E+00  0.16413329E+02
  0.62098080E+00  0.16432860E+02
  0.63248045E+00  0.16451912E+02
  0.64398009E+00  0.16470478E+02
  0.65547974E+00  0.16488549E+02
  0.66697938E+00  0.16506110E+02
  0.67847903E+00  0.16523142E+02
  0.68997867E+00  0.16539622E+02
  0.70147832E+00  0.16555520E+02
  0.71297796E+00  0.16570805E+02
  0.72447760E+00  0.16585437E+02
  0.73597725E+00  0.16599376E+02
  0.74747689E+00  0.16612573E+02
  0.75897654E+00  0.16624978E+02
  0.77047618E+00  0.16636536E+02
  0.78197583E+00  0.16647191E+02
  0.79347547E+00  0.16656883E+02
  0.80497512E+00  0.16665552E+02
  0.81647476E+00  0.16673139E+02
  0.82797440E+00  0.16679587E+02
  0.83947405E+00  0.16684844E+02
  0.85097369E+00  0.16688865E+02
  0.86247334E+00  0.16691617E+02
  0.87397298E+00  0.16693079E+02
  0.88547263E+00  0.16693246E+02
  0.89697227E+00  0.16692138E+02
  0.90847192E+00  0.16689790E+02
  0.91997156E+00  0.16686267E+02
  0.93147121E+00  0.16681653E+02
  0.94297085E+00  0.16676055E+02
  0.95447049E+00  0.16669599E+02
  0.96597014E+00  0.16662428E+02
  0.97746978E+00  0.16654692E+02
  0.98896943E+00  0.16646551E+02
  0.10004691E+01  0.16638164E+02
  0.10119687E+01  0.16629691E+02
  0.10234684E+01  0.16621285E+02
  0.10349680E+01  0.16613093E+02
  0.10464677E+01  0.16605251E+02
  0.10579673E+01  0.16597885E+02
  0.10694669E+01  0.16591110E+02
  0.10809666E+01  0.16585029E+02
  0.10924662E+01  0.16579729E+02
  0.11039659E+01  0.16575288E+02
  0.11154655E+01  0.16571769E+02
  0.11269652E+01  0.16569220E+02
  0.11384648E+01  0.16567676E+02
  0.11499645E+01  0.16567159E+02
  0.11499645E+01  0.15162148E+02
  0.11615111E+01  0.15163399E+02
  0.11730577E+01  0.15167148E+02
  0.11846044E+01  0.15173372E+02
  0.11961510E+01  0.15182039E+02
  0.12076977E+01  0.15193101E+02
  0.12192443E+01  0.15206501E+02
  0.12307910E+01  0.15222169E+02
  0.12423376E+01  0.15240026E+02
  0.12538843E+01  0.15259985E+02
  0.12654309E+01  0.15281953E+02
  0.12769776E+01  0.15305829E+02
  0.12885242E+01  0.15331511E+02
  0.13000709E+01  0.15358891E+02
  0.13116175E+01  0.15387860E+02
  0.13231642E+01  0.15418311E+02
  0.13347108E+01  0.15450134E+02
  0.13462575E+01  0.15483222E+02
  0.13578041E+01  0.15517471E+02
  0.13693508E+01  0.15552779E+02
  0.13808974E+01  0.15589047E+02
  0.13924441E+01  0.15626179E+02
  0.14039907E+01  0.15664087E+02
  0.14155374E+01  0.15702684E+02
  0.14270840E+01  0.15741888E+02
  0.14386307E+01  0.15781623E+02
  0.14501773E+01  0.15821816E+02
  0.14617240E+01  0.15862402E+02
  0.14732706E+01  0.15903317E+02
  0.14848173E+01  0.15944502E+02
  0.14963639E+01  0.15985905E+02
  0.15079106E+01  0.16027475E+02
  0.15194572E+01  0.16069166E+02
  0.15310038E+01  0.16110937E+02
  0.15425505E+01  0.16152748E+02
  0.15540971E+01  0.16194563E+02
  0.15656438E+01  0.16236350E+02
  0.15771904E+01  0.16278078E+02
  0.15887371E+01  0.16319719E+02
  0.16002837E+01  0.16361246E+02
  0.16118304E+01  0.16402636E+02
  0.16233770E+01  0.16443866E+02
  0.16349237E+01  0.16484912E+02
  0.16464703E+01  0.16525755E+02
  0.16580170E+01  0.16566372E+02
  0.16695636E+01  0.16606745E+02
  0.16811103E+01  0.16646852E+02
  0.16926569E+01  0.16686672E+02
  0.17042036E+01  0.16726184E+02
  0.17157502E+01  0.16765365E+02
  0.17272969E+01  0.16804192E+02
  0.17388435E+01  0.16842639E+02
  0.17503902E+01  0.16880679E+02
  0.17619368E+01  0.16918283E+02
  0.17734835E+01  0.16955417E+02
  0.17850301E+01  0.16992049E+02
  0.17965768E+01  0.17028138E+02
  0.18081234E+01  0.17063644E+02
  0.18196701E+01  0.17098521E+02
  0.18312167E+01  0.17132718E+02
  0.18427634E+01  0.17166181E+02
  0.18543100E+01  0.17198851E+02
  0.18658567E+01  0.17230663E+02
  0.18774033E+01  0.17261550E+02
  0.18889500E+01  0.17291439E+02
  0.19004966E+01  0.17320253E+02
  0.19120432E+01  0.17347917E+02
  0.19235899E+01  0.17374352E+02
  0.19351365E+01  0.17399485E+02
  0.19466832E+01  0.17423250E+02
  0.19582298E+01  0.17445594E+02
  0.19697765E+01  0.17466479E+02
  0.19813231E+01  0.17485894E+02
  0.19928698E+01  0.17503856E+02
  0.20044164E+01  0.17520422E+02
  0.20159631E+01  0.17535686E+02
  0.20275097E+01  0.17549790E+02
  0.20390564E+01  0.17562925E+02
  0.20506030E+01  0.17575333E+02
  0.20621497E+01  0.17587313E+02
  0.20736963E+01  0.17599227E+02
  0.20852430E+01  0.17611503E+02
  0.20967896E+01  0.17624632E+02
  0.21083363E+01  0.17639132E+02
  0.21198829E+01  0.17655455E+02
  0.21314296E+01  0.17673825E+02
  0.21429762E+01  0.17694105E+02
  0.21545229E+01  0.17715802E+02
  0.21660695E+01  0.17738238E+02
  0.21776162E+01  0.17760762E+02
  0.21891628E+01  0.17782859E+02
  0.22007095E+01  0.17804182E+02
  0.22122561E+01  0.17824518E+02
  0.22238028E+01  0.17843759E+02
  0.22353494E+01  0.17861868E+02
  0.22468961E+01  0.17878848E+02
  0.22584427E+01  0.17894736E+02
  0.22699894E+01  0.17909579E+02
  0.22815360E+01  0.17923436E+02
  0.22930826E+01  0.17936369E+02
  0.23046293E+01  0.17948440E+02
  0.23161759E+01  0.17959710E+02
  0.23277226E+01  0.17970242E+02
  0.23392692E+01  0.17980095E+02
  0.23508159E+01  0.17989330E+02
  0.23623625E+01  0.17998009E+02
  0.23739092E+01  0.18006192E+02
  0.23854558E+01  0.18013943E+02
  0.23970025E+01  0.18021322E+02
  0.24085491E+01  0.18028381E+02
  0.24200958E+01  0.18035163E+02
  0.24316424E+01  0.18041686E+02
  0.24431891E+01  0.18047940E+02
  0.24547357E+01  0.18053875E+02
  0.24662824E+01  0.18059398E+02
  0.24778290E+01  0.18064372E+02
  0.24778290E+01  0.15162148E+02
  0.24893577E+01  0.15162182E+02
  0.25008863E+01  0.15162287E+02
  0.25124150E+01  0.15162464E+02
  0.25239436E+01  0.15162715E+02
  0.25354722E+01  0.15163045E+02
  0.25470009E+01  0.15163458E+02
  0.25585295E+01  0.15163960E+02
  0.25700582E+01  0.15164557E+02
  0.25815868E+01  0.15165257E+02
  0.25931155E+01  0.15166068E+02
  0.26046441E+01  0.15166998E+02
  0.26161727E+01  0.15168057E+02
  0.26277014E+01  0.15169254E+02
  0.26392300E+01  0.15170598E+02
  0.26507587E+01  0.15172097E+02
  0.26622873E+01  0.15173762E+02
  0.26738160E+01  0.15175601E+02
  0.26853446E+01  0.15177620E+02
  0.26968733E+01  0.15179828E+02
  0.27084019E+01  0.15182228E+02
  0.27199305E+01  0.15184826E+02
  0.27314592E+01  0.15187622E+02
  0.27429878E+01  0.15190616E+02
  0.27545165E+01  0.15193806E+02
  0.27660451E+01  0.15197185E+02
  0.27775738E+01  0.15200744E+02
  0.27891024E+01  0.15204470E+02
  0.28006310E+01  0.15208347E+02
  0.28121597E+01  0.15212351E+02
  0.28236883E+01  0.15216458E+02
  0.28352170E+01  0.15220634E+02
  0.28467456E+01  0.15224842E+02
  0.28582743E+01  0.15229038E+02
  0.28698029E+01  0.15233172E+02
  0.28813316E+01  0.15237187E+02
  0.28928602E+01  0.15241018E+02
  0.29043888E+01  0.15244594E+02
  0.29159175E+01  0.15247837E+02
  0.29274461E+01  0.15250660E+02
  0.29389748E+01  0.15252972E+02
  0.29505034E+01  0.15254673E+02
  0.29620321E+01  0.15255658E+02
  0.29735607E+01  0.15255815E+02
  0.29850893E+01  0.15255030E+02
  0.29966180E+01  0.15253183E+02
  0.30081466E+01  0.15250155E+02
  0.30196753E+01  0.15245824E+02
  0.30312039E+01  0.15240069E+02
  0.30427326E+01  0.15232773E+02
  0.30542612E+01  0.15223823E+02
  0.30657899E+01  0.15213112E+02
  0.30773185E+01  0.15200542E+02
  0.30888471E+01  0.15186024E+02
  
  0.00000000E+00  0.19991132E+02
  0.11499645E-01  0.19990667E+02
  0.22999289E-01  0.19989267E+02
  0.34498934E-01  0.19986905E+02
  0.45998578E-01  0.19983544E+02
  0.57498223E-01  0.19979125E+02
  0.68997867E-01  0.19973575E+02
  0.80497512E-01  0.19966802E+02
  0.91997156E-01  0.19958695E+02
  0.10349680E+00  0.19949126E+02
  0.11499645E+00  0.19937950E+02
  0.12649609E+00  0.19925013E+02
  0.13799573E+00  0.19910149E+02
  0.14949538E+00  0.19893197E+02
  0.16099502E+00  0.19874007E+02
  0.17249467E+00  0.19852454E+02
  0.18399431E+00  0.19828448E+02
  0.19549396E+00  0.19801947E+02
  0.20699360E+00  0.19772961E+02
  0.21849325E+00  0.19741551E+02
  0.22999289E+00  0.19707828E+02
  0.24149253E+00  0.19671936E+02
  0.25299218E+00  0.19634050E+02
  0.26449182E+00  0.19594355E+02
  0.27599147E+00  0.19553043E+02
  0.28749111E+00  0.19510301E+02
  0.29899076E+00  0.19466309E+02
  0.31049040E+00  0.19421234E+02
  0.32199005E+00  0.19375228E+02
  0.33348969E+00  0.19328432E+02
  0.34498934E+00  0.19280972E+02
  0.35648898E+00  0.19232962E+02
  0.36798862E+00  0.19184504E+02
  0.37948827E+00  0.19135693E+02
  0.39098791E+00  0.19086610E+02
  0.40248756E+00  0.19037333E+02
  0.41398720E+00  0.18987931E+02
  0.42548685E+00  0.18938465E+02
  0.43698649E+00  0.18888995E+02
  0.44848614E+00  0.18839572E+02
  0.45998578E+00  0.18790247E+02
  0.47148543E+00  0.18741065E+02
  0.48298507E+00  0.18692068E+02
  0.49448471E+00  0.18643296E+02
  0.50598436E+00  0.18594787E+02
  0.51748400E+00  0.18546577E+02
  0.52898365E+00  0.18498698E+02
  0.54048329E+00  0.18451183E+02
  0.55198294E+00  0.18404063E+02
  0.56348258E+00  0.18357367E+02
  0.57498223E+00  0.18311125E+02
  0.58648187E+00  0.18265364E+02
  0.59798151E+00  0.18220113E+02
  0.60948116E+00  0.18175399E+02
  0.62098080E+00  0.18131250E+02
  0.63248045E+00  0.18087695E+02
  0.64398009E+00  0.18044761E+02
  0.65547974E+00  0.18002480E+02
  0.66697938E+00  0.17960881E+02
  0.67847903E+00  0.17919997E+02
  0.68997867E+00  0.17879861E+02
  0.70147832E+00  0.17840512E+02
  0.71297796E+00  0.17801986E+02
  0.72447760E+00  0.17764326E+02
  0.73597725E+00  0.17727576E+02
  0.74747689E+00  0.17691783E+02
  0.75897654E+00  0.17657000E+02
  0.77047618E+00  0.17623281E+02
  0.78197583E+00  0.17590683E+02
  0.79347547E+00  0.17559268E+02
  0.80497512E+00  0.17529100E+02
  0.81647476E+00  0.17500242E+02
  0.82797440E+00  0.17472760E+02
  0.83947405E+00  0.17446716E+02
  0.85097369E+00  0.17422168E+02
  0.86247334E+00  0.17399168E+02
  0.87397298E+00  0.17377756E+02
  0.88547263E+00  0.17357960E+02
  0.89697227E+00  0.17339790E+02
  0.90847192E+00  0.17323239E+02
  0.91997156E+00  0.17308279E+02
  0.93147121E+00  0.17294863E+02
  0.94297085E+00  0.17282923E+02
  0.95447049E+00  0.17272379E+02
  0.96597014E+00  0.17263133E+02
  0.97746978E+00  0.17255084E+02
  0.98896943E+00  0.17248122E+02
  0.10004691E+01  0.17242138E+02
  0.10119687E+01  0.17237026E+02
  0.10234684E+01  0.17232686E+02
  0.10349680E+01  0.17229023E+02
  0.10464677E+01  0.17225952E+02
  0.10579673E+01  0.17223397E+02
  0.10694669E+01  0.17221292E+02
  0.10809666E+01  0.17219577E+02
  0.10924662E+01  0.17218205E+02
  0.11039659E+01  0.17217136E+02
  0.11154655E+01  0.17216337E+02
  0.11269652E+01  0.17215783E+02
  0.11384648E+01  0.17215457E+02
  0.11499645E+01  0.17215350E+02
  0.11499645E+01  0.19991132E+02
  0.11615111E+01  0.19990588E+02
  0.11730577E+01  0.19988953E+02
  0.11846044E+01  0.19986209E+02
  0.11961510E+01  0.19982329E+02
  0.12076977E+01  0.19977281E+02
  0.12192443E+01  0.19971020E+02
  0.12307910E+01  0.19963503E+02
  0.12423376E+01  0.19954682E+02
  0.12538843E+01  0.19944510E+02
  0.12654309E+01  0.19932944E+02
  0.12769776E+01  0.19919949E+02
  0.12885242E+01  0.19905496E+02
  0.13000709E+01  0.19889567E+02
  0.13116175E+01  0.19872153E+02
  0.13231642E+01  0.19853259E+02
  0.13347108E+01  0.19832899E+02
  0.13462575E+01  0.19811099E+02
  0.13578041E+01  0.19787894E+02
  0.13693508E+01  0.19763327E+02
  0.13808974E+01  0.19737450E+02
  0.13924441E+01  0.19710320E+02
  0.14039907E+01  0.19681998E+02
  0.14155374E+01  0.19652551E+02
  0.14270840E+01  0.19622046E+02
  0.14386307E+01  0.19590554E+02
  0.14501773E+01  0.19558145E+02
  0.14617240E+01  0.19524892E+02
  0.14732706E+01  0.19490867E+02
  0.14848173E+01  0.19456140E+02
  0.14963639E+01  0.19420783E+02
  0.15079106E+01  0.19384866E+02
  0.15194572E+01  0.19348459E+02
  0.15310038E+01  0.19311628E+02
  0.15425505E+01  0.19274443E+02
  0.15540971E+01  0.19236968E+02
  0.15656438E+01  0.19199268E+02
  0.15771904E+01  0.19161406E+02
  0.15887371E+01  0.19123445E+02
  0.16002837E+01  0.19085446E+02
  0.16118304E+01  0.19047468E+02
  0.16233770E+01  0.19009572E+02
  0.16349237E+01  0.18971814E+02
  0.16464703E+01  0.18934252E+02
  0.16580170E+01  0.18896943E+02
  0.16695636E+01  0.18859942E+02
  0.16811103E+01  0.18823305E+02
  0.16926569E+01  0.18787088E+02
  0.17042036E+01  0.18751346E+02
  0.17157502E+01  0.18716135E+02
  0.17272969E+01  0.18681509E+02
  0.17388435E+01  0.18647526E+02
  0.17503902E+01  0.18614242E+02
  0.17619368E+01  0.18581715E+02
  0.17734835E+01  0.18550005E+02
  0.17850301E+01  0.18519172E+02
  0.17965768E+01  0.18489279E+02
  0.18081234E+01  0.18460391E+02
  0.18196701E+01  0.18432576E+02
  0.18312167E+01  0.18405903E+02
  0.18427634E+01  0.18380445E+02
  0.18543100E+01  0.18356281E+02
  0.18658567E+01  0.18333490E+02
  0.18774033E+01  0.18312155E+02
  0.18889500E+01  0.18292364E+02
  0.19004966E+01  0.18274206E+02
  0.19120432E+01  0.18257771E+02
  0.19235899E+01  0.18243151E+02
  0.19351365E+01  0.18230431E+02
  0.19466832E+01  0.18219694E+02
  0.19582298E+01  0.18211008E+02
  0.19697765E+01  0.18204429E+02
  0.19813231E+01  0.18199990E+02
  0.19928698E+01  0.18197699E+02
  0.20044164E+01  0.18197531E+02
  0.20159631E+01  0.18199430E+02
  0.20275097E+01  0.18203307E+02
  0.20390564E+01  0.18209035E+02
  0.20506030E+01  0.18216461E+02
  0.20621497E+01  0.18225407E+02
  0.20736963E+01  0.18235674E+02
  0.20852430E+01  0.18247051E+02
  0.20967896E+01  0.18259319E+02
  0.21083363E+01  0.18272259E+02
  0.21198829E+01  0.18285653E+02
  0.21314296E+01  0.18299292E+02
  0.21429762E+01  0.18312979E+02
  0.21545229E+01  0.18326529E+02
  0.21660695E+01  0.18339776E+02
  0.21776162E+01  0.18352574E+02
  0.21891628E+01  0.18364795E+02
  0.22007095E+01  0.18376332E+02
  0.22122561E+01  0.18387097E+02
  0.22238028E+01  0.18397022E+02
  0.22353494E+01  0.18406056E+02
  0.22468961E+01  0.18414162E+02
  0.22584427E+01  0.18421321E+02
  0.22699894E+01  0.18427525E+02
  0.22815360E+01  0.18432780E+02
  0.22930826E+01  0.18437104E+02
  0.23046293E+01  0.18440522E+02
  0.23161759E+01  0.18443073E+02
  0.23277226E+01  0.18444804E+02
  0.23392692E+01  0.18445769E+02
  0.23508159E+01  0.18446033E+02
  0.23623625E+01  0.18445666E+02
  0.23739092E+01  0.18444744E+02
  0.23854558E+01  0.18443348E+02
  0.23970025E+01  0.18441565E+02
  0.24085491E+01  0.18439479E+02
  0.24200958E+01  0.18437177E+02
  0.24316424E+01  0.18434740E+02
  0.24431891E+01  0.18432242E+02
  0.24547357E+01  0.18429748E+02
  0.24662824E+01  0.18427308E+02
  0.24778290E+01  0.18424952E+02
  0.24778290E+01  0.19991132E+02
  0.24893577E+01  0.19990514E+02
  0.25008863E+01  0.19988661E+02
  0.25124150E+01  0.19985576E+02
  0.25239436E+01  0.19981266E+02
  0.25354722E+01  0.19975740E+02
  0.25470009E+01  0.19969009E+02
  0.25585295E+01  0.19961086E+02
  0.25700582E+01  0.19951987E+02
  0.25815868E+01  0.19941732E+02
  0.25931155E+01  0.19930341E+02
  0.26046441E+01  0.19917839E+02
  0.26161727E+01  0.19904252E+02
  0.26277014E+01  0.19889610E+02
  0.26392300E+01  0.19873945E+02
  0.26507587E+01  0.19857292E+02
  0.26622873E+01  0.19839689E+02
  0.26738160E+01  0.19821178E+02
  0.26853446E+01  0.19801804E+02
  0.26968733E+01  0.19781615E+02
  0.27084019E+01  0.19760662E+02
  0.27199305E+01  0.19739001E+02
  0.27314592E+01  0.19716691E+02
  0.27429878E+01  0.19693796E+02
  0.27545165E+01  0.19670385E+02
  0.27660451E+01  0.19646529E+02
  0.27775738E+01  0.19622306E+02
  0.27891024E+01  0.19597798E+02
  0.28006310E+01  0.19573093E+02
  0.28121597E+01  0.19548283E+02
  0.28236883E+01  0.19523467E+02
  0.28352170E+01  0.19498750E+02
  0.28467456E+01  0.19474241E+02
  0.28582743E+01  0.19450057E+02
  0.28698029E+01  0.19426321E+02
  0.28813316E+01  0.19403162E+02
  0.28928602E+01  0.19380714E+02
  0.29043888E+01  0.19359118E+02
  0.29159175E+01  0.19338522E+02
  0.29274461E+01  0.19319076E+02
  0.29389748E+01  0.19300939E+02
  0.29505034E+01  0.19284270E+02
  0.29620321E+01  0.19269235E+02
  0.29735607E+01  0.19255999E+02
  0.29850893E+01  0.19244731E+02
  0.29966180E+01  0.19235596E+02
  0.30081466E+01  0.19228760E+02
  0.30196753E+01  0.19224382E+02
  0.30312039E+01  0.19222619E+02
  0.30427326E+01  0.19223615E+02
  0.30542612E+01  0.19227508E+02
  0.30657899E+01  0.19234421E+02
  0.30773185E+01  0.19244463E+02
  0.30888471E+01  0.19257728E+02
  
  0.00000000E+00  0.20697540E+02
  0.11499645E-01  0.20695596E+02
  0.22999289E-01  0.20689816E+02
  0.34498934E-01  0.20680359E+02
  0.45998578E-01  0.20667474E+02
  0.57498223E-01  0.20651481E+02
  0.68997867E-01  0.20632758E+02
  0.80497512E-01  0.20611715E+02
  0.91997156E-01  0.20588783E+02
  0.10349680E+00  0.20564399E+02
  0.11499645E+00  0.20538997E+02
  0.12649609E+00  0.20513002E+02
  0.13799573E+00  0.20486820E+02
  0.14949538E+00  0.20460830E+02
  0.16099502E+00  0.20435375E+02
  0.17249467E+00  0.20410751E+02
  0.18399431E+00  0.20387200E+02
  0.19549396E+00  0.20364896E+02
  0.20699360E+00  0.20343946E+02
  0.21849325E+00  0.20324392E+02
  0.22999289E+00  0.20306214E+02
  0.24149253E+00  0.20289346E+02
  0.25299218E+00  0.20273685E+02
  0.26449182E+00  0.20259107E+02
  0.27599147E+00  0.20245474E+02
  0.28749111E+00  0.20232648E+02
  0.29899076E+00  0.20220491E+02
  0.31049040E+00  0.20208875E+02
  0.32199005E+00  0.20197679E+02
  0.33348969E+00  0.20186793E+02
  0.34498934E+00  0.20176118E+02
  0.35648898E+00  0.20165562E+02
  0.36798862E+00  0.20155045E+02
  0.37948827E+00  0.20144494E+02
  0.39098791E+00  0.20133843E+02
  0.40248756E+00  0.20123034E+02
  0.41398720E+00  0.20112016E+02
  0.42548685E+00  0.20100743E+02
  0.43698649E+00  0.20089177E+02
  0.44848614E+00  0.20077283E+02
  0.45998578E+00  0.20065034E+02
  0.47148543E+00  0.20052408E+02
  0.48298507E+00  0.20039389E+02
  0.49448471E+00  0.20025967E+02
  0.50598436E+00  0.20012137E+02
  0.51748400E+00  0.19997902E+02
  0.52898365E+00  0.19983269E+02
  0.54048329E+00  0.19968253E+02
  0.55198294E+00  0.19952874E+02
  0.56348258E+00  0.19937158E+02
  0.57498223E+00  0.19921136E+02
  0.58648187E+00  0.19904845E+02
  0.59798151E+00  0.19888326E+02
  0.60948116E+00  0.19871624E+02
  0.62098080E+00  0.19854789E+02
  0.63248045E+00  0.19837872E+02
  0.64398009E+00  0.19820927E+02
  0.65547974E+00  0.19804011E+02
  0.66697938E+00  0.19787179E+02
  0.67847903E+00  0.19770488E+02
  0.68997867E+00  0.19753993E+02
  0.70147832E+00  0.19737749E+02
  0.71297796E+00  0.19721808E+02
  0.72447760E+00  0.19706220E+02
  0.73597725E+00  0.19691030E+02
  0.74747689E+00  0.19676282E+02
  0.75897654E+00  0.19662016E+02
  0.77047618E+00  0.19648264E+02
  0.78197583E+00  0.19635059E+02
  0.79347547E+00  0.19622424E+02
  0.80497512E+00  0.19610381E+02
  0.81647476E+00  0.19598945E+02
  0.82797440E+00  0.19588128E+02
  0.83947405E+00  0.19577934E+02
  0.85097369E+00  0.19568366E+02
  0.86247334E+00  0.19559421E+02
  0.87397298E+00  0.19551092E+02
  0.88547263E+00  0.19543368E+02
  0.89697227E+00  0.19536234E+02
  0.90847192E+00  0.19529674E+02
  0.91997156E+00  0.19523667E+02
  0.93147121E+00  0.19518190E+02
  0.94297085E+00  0.19513219E+02
  0.95447049E+00  0.19508727E+02
  0.96597014E+00  0.19504689E+02
  0.97746978E+00  0.19501074E+02
  0.98896943E+00  0.19497857E+02
  0.10004691E+01  0.19495007E+02
  0.10119687E+01  0.19492498E+02
  0.10234684E+01  0.19490302E+02
  0.10349680E+01  0.19488393E+02
  0.10464677E+01  0.19486747E+02
  0.10579673E+01  0.19485340E+02
  0.10694669E+01  0.19484152E+02
  0.10809666E+01  0.19483162E+02
  0.10924662E+01  0.19482355E+02
  0.11039659E+01  0.19481714E+02
  0.11154655E+01  0.19481229E+02
  0.11269652E+01  0.19480890E+02
  0.11384648E+01  0.19480689E+02
  0.11499645E+01  0.19480622E+02
  0.11499645E+01  0.20697540E+02
  0.11615111E+01  0.20695349E+02
  0.11730577E+01  0.20688827E+02
  0.11846044E+01  0.20678122E+02
  0.11961510E+01  0.20663464E+02
  0.12076977E+01  0.20645144E+02
  0.12192443E+01  0.20623489E+02
  0.12307910E+01  0.20598842E+02
  0.12423376E+01  0.20571544E+02
  0.12538843E+01  0.20541921E+02
  0.12654309E+01  0.20510279E+02
  0.12769776E+01  0.20476894E+02
  0.12885242E+01  0.20442019E+02
  0.13000709E+01  0.20405877E+02
  0.13116175E+01  0.20368668E+02
  0.13231642E+01  0.20330569E+02
  0.13347108E+01  0.20291736E+02
  0.13462575E+01  0.20252310E+02
  0.13578041E+01  0.20212415E+02
  0.13693508E+01  0.20172161E+02
  0.13808974E+01  0.20131649E+02
  0.13924441E+01  0.20090970E+02
  0.14039907E+01  0.20050206E+02
  0.14155374E+01  0.20009431E+02
  0.14270840E+01  0.19968715E+02
  0.14386307E+01  0.19928122E+02
  0.14501773E+01  0.19887709E+02
  0.14617240E+01  0.19847531E+02
  0.14732706E+01  0.19807641E+02
  0.14848173E+01  0.19768084E+02
  0.14963639E+01  0.19728907E+02
  0.15079106E+01  0.19690152E+02
  0.15194572E+01  0.19651858E+02
  0.15310038E+01  0.19614065E+02
  0.15425505E+01  0.19576807E+02
  0.15540971E+01  0.19540119E+02
  0.15656438E+01  0.19504035E+02
  0.15771904E+01  0.19468586E+02
  0.15887371E+01  0.19433803E+02
  0.16002837E+01  0.19399714E+02
  0.16118304E+01  0.19366349E+02
  0.16233770E+01  0.19333734E+02
  0.16349237E+01  0.19301895E+02
  0.16464703E+01  0.19270859E+02
  0.16580170E+01  0.19240650E+02
  0.16695636E+01  0.19211292E+02
  0.16811103E+01  0.19182808E+02
  0.16926569E+01  0.19155221E+02
  0.17042036E+01  0.19128553E+02
  0.17157502E+01  0.19102826E+02
  0.17272969E+01  0.19078061E+02
  0.17388435E+01  0.19054279E+02
  0.17503902E+01  0.19031502E+02
  0.17619368E+01  0.19009751E+02
  0.17734835E+01  0.18989047E+02
  0.17850301E+01  0.18969412E+02
  0.17965768E+01  0.18950868E+02
  0.18081234E+01  0.18933440E+02
  0.18196701E+01  0.18917152E+02
  0.18312167E+01  0.18902030E+02
  0.18427634E+01  0.18888103E+02
  0.18543100E+01  0.18875401E+02
  0.18658567E+01  0.18863956E+02
  0.18774033E+01  0.18853805E+02
  0.18889500E+01  0.18844987E+02
  0.19004966E+01  0.18837545E+02
  0.19120432E+01  0.18831526E+02
  0.19235899E+01  0.18826983E+02
  0.19351365E+01  0.18823973E+02
  0.19466832E+01  0.18822560E+02
  0.19582298E+01  0.18822815E+02
  0.19697765E+01  0.18824814E+02
  0.19813231E+01  0.18828640E+02
  0.19928698E+01  0.18834385E+02
  0.20044164E+01  0.18842147E+02
  0.20159631E+01  0.18852032E+02
  0.20275097E+01  0.18864148E+02
  0.20390564E+01  0.18878612E+02
  0.20506030E+01  0.18895541E+02
  0.20621497E+01  0.18915049E+02
  0.20736963E+01  0.18937248E+02
  0.20852430E+01  0.18962238E+02
  0.20967896E+01  0.18990104E+02
  0.21083363E+01  0.19020907E+02
  0.21198829E+01  0.19054684E+02
  0.21314296E+01  0.19091437E+02
  0.21429762E+01  0.19131131E+02
  0.21545229E+01  0.19173694E+02
  0.21660695E+01  0.19219014E+02
  0.21776162E+01  0.19266939E+02
  0.21891628E+01  0.19317286E+02
  0.22007095E+01  0.19369839E+02
  0.22122561E+01  0.19424355E+02
  0.22238028E+01  0.19480568E+02
  0.22353494E+01  0.19538194E+02
  0.22468961E+01  0.19596930E+02
  0.22584427E+01  0.19656454E+02
  0.22699894E+01  0.19716428E+02
  0.22815360E+01  0.19776490E+02
  0.22930826E+01  0.19836255E+02
  0.23046293E+01  0.19895304E+02
  0.23161759E+01  0.19953180E+02
  0.23277226E+01  0.20009378E+02
  0.23392692E+01  0.20063343E+02
  0.23508159E+01  0.20114463E+02
  0.23623625E+01  0.20162084E+02
  0.23739092E+01  0.20205537E+02
  0.23854558E+01  0.20244192E+02
  0.23970025E+01  0.20277540E+02
  0.24085491E+01  0.20305271E+02
  0.24200958E+01  0.20327329E+02
  0.24316424E+01  0.20343893E+02
  0.24431891E+01  0.20355306E+02
  0.24547357E+01  0.20361973E+02
  0.24662824E+01  0.20364279E+02
  0.24778290E+01  0.20362535E+02
  0.24778290E+01  0.20697540E+02
  0.24893577E+01  0.20696082E+02
  0.25008863E+01  0.20694716E+02
  0.25124150E+01  0.20693450E+02
  0.25239436E+01  0.20692294E+02
  0.25354722E+01  0.20691261E+02
  0.25470009E+01  0.20690364E+02
  0.25585295E+01  0.20689620E+02
  0.25700582E+01  0.20689045E+02
  0.25815868E+01  0.20688658E+02
  0.25931155E+01  0.20688480E+02
  0.26046441E+01  0.20688533E+02
  0.26161727E+01  0.20688840E+02
  0.26277014E+01  0.20689426E+02
  0.26392300E+01  0.20690316E+02
  0.26507587E+01  0.20691538E+02
  0.26622873E+01  0.20693119E+02
  0.26738160E+01  0.20695087E+02
  0.26853446E+01  0.20697472E+02
  0.26968733E+01  0.20700303E+02
  0.27084019E+01  0.20703610E+02
  0.27199305E+01  0.20707424E+02
  0.27314592E+01  0.20711774E+02
  0.27429878E+01  0.20716690E+02
  0.27545165E+01  0.20722203E+02
  0.27660451E+01  0.20720440E+02
  0.27775738E+01  0.20651732E+02
  0.27891024E+01  0.20582439E+02
  0.28006310E+01  0.20512779E+02
  0.28121597E+01  0.20442973E+02
  0.28236883E+01  0.20373242E+02
  0.28352170E+01  0.20303811E+02
  0.28467456E+01  0.20234906E+02
  0.28582743E+01  0.20166750E+02
  0.28698029E+01  0.20099568E+02
  0.28813316E+01  0.20033582E+02
  0.28928602E+01  0.19969010E+02
  0.29043888E+01  0.19906068E+02
  0.29159175E+01  0.19844965E+02
  0.29274461E+01  0.19785902E+02
  0.29389748E+01  0.19729076E+02
  0.29505034E+01  0.19674668E+02
  0.29620321E+01  0.19622854E+02
  0.29735607E+01  0.19573793E+02
  0.29850893E+01  0.19527630E+02
  0.29966180E+01  0.19484497E+02
  0.30081466E+01  0.19444504E+02
  0.30196753E+01  0.19407745E+02
  0.30312039E+01  0.19374294E+02
  0.30427326E+01  0.19344204E+02
  0.30542612E+01  0.19317503E+02
  0.30657899E+01  0.19294203E+02
  0.30773185E+01  0.19274289E+02
  0.30888471E+01  0.19257728E+02
  
  0.00000000E+00  0.20697540E+02
  0.11499645E-01  0.20697669E+02
  0.22999289E-01  0.20698053E+02
  0.34498934E-01  0.20698694E+02
  0.45998578E-01  0.20699591E+02
  0.57498223E-01  0.20700742E+02
  0.68997867E-01  0.20702148E+02
  0.80497512E-01  0.20703807E+02
  0.91997156E-01  0.20705718E+02
  0.10349680E+00  0.20707880E+02
  0.11499645E+00  0.20710290E+02
  0.12649609E+00  0.20712948E+02
  0.13799573E+00  0.20715851E+02
  0.14949538E+00  0.20718996E+02
  0.16099502E+00  0.20722381E+02
  0.17249467E+00  0.20726002E+02
  0.18399431E+00  0.20729858E+02
  0.19549396E+00  0.20733943E+02
  0.20699360E+00  0.20738255E+02
  0.21849325E+00  0.20742788E+02
  0.22999289E+00  0.20747540E+02
  0.24149253E+00  0.20752504E+02
  0.25299218E+00  0.20757675E+02
  0.26449182E+00  0.20763049E+02
  0.27599147E+00  0.20768620E+02
  0.28749111E+00  0.20774381E+02
  0.29899076E+00  0.20780327E+02
  0.31049040E+00  0.20786450E+02
  0.32199005E+00  0.20792745E+02
  0.33348969E+00  0.20799203E+02
  0.34498934E+00  0.20805818E+02
  0.35648898E+00  0.20812583E+02
  0.36798862E+00  0.20819488E+02
  0.37948827E+00  0.20826527E+02
  0.39098791E+00  0.20833692E+02
  0.40248756E+00  0.20840974E+02
  0.41398720E+00  0.20848364E+02
  0.42548685E+00  0.20855855E+02
  0.43698649E+00  0.20863437E+02
  0.44848614E+00  0.20871103E+02
  0.45998578E+00  0.20878842E+02
  0.47148543E+00  0.20886647E+02
  0.48298507E+00  0.20894509E+02
  0.49448471E+00  0.20902418E+02
  0.50598436E+00  0.20910365E+02
  0.51748400E+00  0.20918343E+02
  0.52898365E+00  0.20926341E+02
  0.54048329E+00  0.20934352E+02
  0.55198294E+00  0.20942366E+02
  0.56348258E+00  0.20950374E+02
  0.57498223E+00  0.20958368E+02
  0.58648187E+00  0.20966338E+02
  0.59798151E+00  0.20974278E+02
  0.60948116E+00  0.20982176E+02
  0.62098080E+00  0.20990026E+02
  0.63248045E+00  0.20997819E+02
  0.64398009E+00  0.21005546E+02
  0.65547974E+00  0.21013198E+02
  0.66697938E+00  0.21020767E+02
  0.67847903E+00  0.21028244E+02
  0.68997867E+00  0.21035621E+02
  0.70147832E+00  0.21042887E+02
  0.71297796E+00  0.21050035E+02
  0.72447760E+00  0.21057052E+02
  0.73597725E+00  0.21063929E+02
  0.74747689E+00  0.21070653E+02
  0.75897654E+00  0.21077209E+02
  0.77047618E+00  0.21083581E+02
  0.78197583E+00  0.21089748E+02
  0.79347547E+00  0.21095683E+02
  0.80497512E+00  0.21101355E+02
  0.81647476E+00  0.21106722E+02
  0.82797440E+00  0.21111734E+02
  0.83947405E+00  0.21116343E+02
  0.85097369E+00  0.21120511E+02
  0.86247334E+00  0.21124238E+02
  0.87397298E+00  0.21127574E+02
  0.88547263E+00  0.21130607E+02
  0.89697227E+00  0.21133434E+02
  0.90847192E+00  0.21136138E+02
  0.91997156E+00  0.21138776E+02
  0.93147121E+00  0.21141380E+02
  0.94297085E+00  0.21143966E+02
  0.95447049E+00  0.21146535E+02
  0.96597014E+00  0.21149083E+02
  0.97746978E+00  0.21151596E+02
  0.98896943E+00  0.21154061E+02
  0.10004691E+01  0.21156458E+02
  0.10119687E+01  0.21158770E+02
  0.10234684E+01  0.21160980E+02
  0.10349680E+01  0.21163067E+02
  0.10464677E+01  0.21165014E+02
  0.10579673E+01  0.21166805E+02
  0.10694669E+01  0.21168425E+02
  0.10809666E+01  0.21169858E+02
  0.10924662E+01  0.21171093E+02
  0.11039659E+01  0.21172118E+02
  0.11154655E+01  0.21172925E+02
  0.11269652E+01  0.21173507E+02
  0.11384648E+01  0.21173858E+02
  0.11499645E+01  0.21173975E+02
  0.11499645E+01  0.20697540E+02
  0.11615111E+01  0.20697689E+02
  0.11730577E+01  0.20698143E+02
  0.11846044E+01  0.20698925E+02
  0.11961510E+01  0.20700076E+02
  0.12076977E+01  0.20701647E+02
  0.12192443E+01  0.20703701E+02
  0.12307910E+01  0.20706309E+02
  0.12423376E+01  0.20709547E+02
  0.12538843E+01  0.20713493E+02
  0.12654309E+01  0.20718223E+02
  0.12769776E+01  0.20723809E+02
  0.12885242E+01  0.20730317E+02
  0.13000709E+01  0.20737801E+02
  0.13116175E+01  0.20746305E+02
  0.13231642E+01  0.20755864E+02
  0.13347108E+01  0.20766497E+02
  0.13462575E+01  0.20778214E+02
  0.13578041E+01  0.20791009E+02
  0.13693508E+01  0.20804871E+02
  0.13808974E+01  0.20819775E+02
  0.13924441E+01  0.20835688E+02
  0.14039907E+01  0.20852570E+02
  0.14155374E+01  0.20870372E+02
  0.14270840E+01  0.20889041E+02
  0.14386307E+01  0.20908518E+02
  0.14501773E+01  0.20928735E+02
  0.14617240E+01  0.20949622E+02
  0.14732706E+01  0.20971103E+02
  0.14848173E+01  0.20993095E+02
  0.14963639E+01  0.21015508E+02
  0.15079106E+01  0.21038245E+02
  0.15194572E+01  0.21061197E+02
  0.15310038E+01  0.21084246E+02
  0.15425505E+01  0.21107255E+02
  0.15540971E+01  0.21130065E+02
  0.15656438E+01  0.21152491E+02
  0.15771904E+01  0.21174309E+02
  0.15887371E+01  0.21195243E+02
  0.16002837E+01  0.21214950E+02
  0.16118304E+01  0.21233003E+02
  0.16233770E+01  0.21248875E+02
  0.16349237E+01  0.21261946E+02
  0.16464703E+01  0.21271551E+02
  0.16580170E+01  0.21277093E+02
  0.16695636E+01  0.21278200E+02
  0.16811103E+01  0.21274861E+02
  0.16926569E+01  0.21267428E+02
  0.17042036E+01  0.21256501E+02
  0.17157502E+01  0.21242754E+02
  0.17272969E+01  0.21226821E+02
  0.17388435E+01  0.21209233E+02
  0.17503902E+01  0.21190415E+02
  0.17619368E+01  0.21170699E+02
  0.17734835E+01  0.21150344E+02
  0.17850301E+01  0.21129552E+02
  0.17965768E+01  0.21108481E+02
  0.18081234E+01  0.21087261E+02
  0.18196701E+01  0.21065998E+02
  0.18312167E+01  0.21044781E+02
  0.18427634E+01  0.21023684E+02
  0.18543100E+01  0.21002773E+02
  0.18658567E+01  0.20982103E+02
  0.18774033E+01  0.20961726E+02
  0.18889500E+01  0.20941685E+02
  0.19004966E+01  0.20922020E+02
  0.19120432E+01  0.20902768E+02
  0.19235899E+01  0.20883961E+02
  0.19351365E+01  0.20865628E+02
  0.19466832E+01  0.20847796E+02
  0.19582298E+01  0.20830489E+02
  0.19697765E+01  0.20813729E+02
  0.19813231E+01  0.20797536E+02
  0.19928698E+01  0.20781926E+02
  0.20044164E+01  0.20766916E+02
  0.20159631E+01  0.20752518E+02
  0.20275097E+01  0.20738745E+02
  0.20390564E+01  0.20725606E+02
  0.20506030E+01  0.20713110E+02
  0.20621497E+01  0.20701263E+02
  0.20736963E+01  0.20690071E+02
  0.20852430E+01  0.20679538E+02
  0.20967896E+01  0.20669665E+02
  0.21083363E+01  0.20660456E+02
  0.21198829E+01  0.20651908E+02
  0.21314296E+01  0.20644023E+02
  0.21429762E+01  0.20636799E+02
  0.21545229E+01  0.20630234E+02
  0.21660695E+01  0.20624327E+02
  0.21776162E+01  0.20619074E+02
  0.21891628E+01  0.20614474E+02
  0.22007095E+01  0.20610528E+02
  0.22122561E+01  0.20607237E+02
  0.22238028E+01  0.20604603E+02
  0.22353494E+01  0.20602635E+02
  0.22468961E+01  0.20601344E+02
  0.22584427E+01  0.20600749E+02
  0.22699894E+01  0.20600878E+02
  0.22815360E+01  0.20601771E+02
  0.22930826E+01  0.20603484E+02
  0.23046293E+01  0.20606092E+02
  0.23161759E+01  0.20609697E+02
  0.23277226E+01  0.20614431E+02
  0.23392692E+01  0.20620458E+02
  0.23508159E+01  0.20627978E+02
  0.23623625E+01  0.20637207E+02
  0.23739092E+01  0.20648352E+02
  0.23854558E+01  0.20661554E+02
  0.23970025E+01  0.20676804E+02
  0.24085491E+01  0.20693869E+02
  0.24200958E+01  0.20712237E+02
  0.24316424E+01  0.20731138E+02
  0.24431891E+01  0.20749617E+02
  0.24547357E+01  0.20766635E+02
  0.24662824E+01  0.20781143E+02
  0.24778290E+01  0.20792138E+02
  0.24778290E+01  0.20697540E+02
  0.24893577E+01  0.20699084E+02
  0.25008863E+01  0.20700710E+02
  0.25124150E+01  0.20702413E+02
  0.25239436E+01  0.20704195E+02
  0.25354722E+01  0.20706056E+02
  0.25470009E+01  0.20708001E+02
  0.25585295E+01  0.20710033E+02
  0.25700582E+01  0.20712162E+02
  0.25815868E+01  0.20714395E+02
  0.25931155E+01  0.20716744E+02
  0.26046441E+01  0.20719223E+02
  0.26161727E+01  0.20721845E+02
  0.26277014E+01  0.20724627E+02
  0.26392300E+01  0.20727587E+02
  0.26507587E+01  0.20730744E+02
  0.26622873E+01  0.20734119E+02
  0.26738160E+01  0.20737735E+02
  0.26853446E+01  0.20741614E+02
  0.26968733E+01  0.20745781E+02
  0.27084019E+01  0.20750261E+02
  0.27199305E+01  0.20755081E+02
  0.27314592E+01  0.20760267E+02
  0.27429878E+01  0.20765846E+02
  0.27545165E+01  0.20771847E+02
  0.27660451E+01  0.20728341E+02
  0.27775738E+01  0.20735134E+02
  0.27891024E+01  0.20742609E+02
  0.28006310E+01  0.20750793E+02
  0.28121597E+01  0.20759711E+02
  0.28236883E+01  0.20769390E+02
  0.28352170E+01  0.20779851E+02
  0.28467456E+01  0.20791117E+02
  0.28582743E+01  0.20803208E+02
  0.28698029E+01  0.20816142E+02
  0.28813316E+01  0.20829935E+02
  0.28928602E+01  0.20844601E+02
  0.29043888E+01  0.20860154E+02
  0.29159175E+01  0.20876602E+02
  0.29274461E+01  0.20893953E+02
  0.29389748E+01  0.20912212E+02
  0.29505034E+01  0.20931383E+02
  0.29620321E+01  0.20951465E+02
  0.29735607E+01  0.20972455E+02
  0.29850893E+01  0.20994349E+02
  0.29966180E+01  0.21017138E+02
  0.30081466E+01  0.21040813E+02
  0.30196753E+01  0.21065359E+02
  0.30312039E+01  0.21090762E+02
  0.30427326E+01  0.21117001E+02
  0.30542612E+01  0.21144056E+02
  0.30657899E+01  0.21171903E+02
  0.30773185E+01  0.21200516E+02
  0.30888471E+01  0.21229864E+02
  
  0.00000000E+00  0.21732658E+02
  0.11499645E-01  0.21733772E+02
  0.22999289E-01  0.21737058E+02
  0.34498934E-01  0.21742349E+02
  0.45998578E-01  0.21749380E+02
  0.57498223E-01  0.21757813E+02
  0.68997867E-01  0.21767257E+02
  0.80497512E-01  0.21777290E+02
  0.91997156E-01  0.21787485E+02
  0.10349680E+00  0.21797425E+02
  0.11499645E+00  0.21806721E+02
  0.12649609E+00  0.21815021E+02
  0.13799573E+00  0.21822025E+02
  0.14949538E+00  0.21827486E+02
  0.16099502E+00  0.21831215E+02
  0.17249467E+00  0.21833083E+02
  0.18399431E+00  0.21833017E+02
  0.19549396E+00  0.21830991E+02
  0.20699360E+00  0.21827024E+02
  0.21849325E+00  0.21821167E+02
  0.22999289E+00  0.21813498E+02
  0.24149253E+00  0.21804116E+02
  0.25299218E+00  0.21793130E+02
  0.26449182E+00  0.21780657E+02
  0.27599147E+00  0.21766821E+02
  0.28749111E+00  0.21751742E+02
  0.29899076E+00  0.21735544E+02
  0.31049040E+00  0.21718345E+02
  0.32199005E+00  0.21700263E+02
  0.33348969E+00  0.21681412E+02
  0.34498934E+00  0.21661902E+02
  0.35648898E+00  0.21641840E+02
  0.36798862E+00  0.21621332E+02
  0.37948827E+00  0.21600478E+02
  0.39098791E+00  0.21579376E+02
  0.40248756E+00  0.21558120E+02
  0.41398720E+00  0.21536804E+02
  0.42548685E+00  0.21515515E+02
  0.43698649E+00  0.21494339E+02
  0.44848614E+00  0.21473358E+02
  0.45998578E+00  0.21452649E+02
  0.47148543E+00  0.21432286E+02
  0.48298507E+00  0.21412338E+02
  0.49448471E+00  0.21392870E+02
  0.50598436E+00  0.21373942E+02
  0.51748400E+00  0.21355607E+02
  0.52898365E+00  0.21337913E+02
  0.54048329E+00  0.21320903E+02
  0.55198294E+00  0.21304613E+02
  0.56348258E+00  0.21289073E+02
  0.57498223E+00  0.21274309E+02
  0.58648187E+00  0.21260339E+02
  0.59798151E+00  0.21247175E+02
  0.60948116E+00  0.21234825E+02
  0.62098080E+00  0.21223291E+02
  0.63248045E+00  0.21212572E+02
  0.64398009E+00  0.21202660E+02
  0.65547974E+00  0.21193546E+02
  0.66697938E+00  0.21185216E+02
  0.67847903E+00  0.21177654E+02
  0.68997867E+00  0.21170840E+02
  0.70147832E+00  0.21164756E+02
  0.71297796E+00  0.21159378E+02
  0.72447760E+00  0.21154686E+02
  0.73597725E+00  0.21150655E+02
  0.74747689E+00  0.21147265E+02
  0.75897654E+00  0.21144495E+02
  0.77047618E+00  0.21142325E+02
  0.78197583E+00  0.21140742E+02
  0.79347547E+00  0.21139736E+02
  0.80497512E+00  0.21139303E+02
  0.81647476E+00  0.21139450E+02
  0.82797440E+00  0.21140189E+02
  0.83947405E+00  0.21141536E+02
  0.85097369E+00  0.21143493E+02
  0.86247334E+00  0.21146024E+02
  0.87397298E+00  0.21149046E+02
  0.88547263E+00  0.21152436E+02
  0.89697227E+00  0.21156063E+02
  0.90847192E+00  0.21159811E+02
  0.91997156E+00  0.21163592E+02
  0.93147121E+00  0.21167338E+02
  0.94297085E+00  0.21171003E+02
  0.95447049E+00  0.21174553E+02
  0.96597014E+00  0.21177965E+02
  0.97746978E+00  0.21181219E+02
  0.98896943E+00  0.21184303E+02
  0.10004691E+01  0.21187206E+02
  0.10119687E+01  0.21189919E+02
  0.10234684E+01  0.21192436E+02
  0.10349680E+01  0.21194750E+02
  0.10464677E+01  0.21196857E+02
  0.10579673E+01  0.21198753E+02
  0.10694669E+01  0.21200434E+02
  0.10809666E+01  0.21201897E+02
  0.10924662E+01  0.21203139E+02
  0.11039659E+01  0.21204158E+02
  0.11154655E+01  0.21204953E+02
  0.11269652E+01  0.21205522E+02
  0.11384648E+01  0.21205863E+02
  0.11499645E+01  0.21205977E+02
  0.11499645E+01  0.21732658E+02
  0.11615111E+01  0.21733984E+02
  0.11730577E+01  0.21737900E+02
  0.11846044E+01  0.21744220E+02
  0.11961510E+01  0.21752653E+02
  0.12076977E+01  0.21762826E+02
  0.12192443E+01  0.21774314E+02
  0.12307910E+01  0.21786661E+02
  0.12423376E+01  0.21799409E+02
  0.12538843E+01  0.21812116E+02
  0.12654309E+01  0.21824373E+02
  0.12769776E+01  0.21835814E+02
  0.12885242E+01  0.21846128E+02
  0.13000709E+01  0.21855063E+02
  0.13116175E+01  0.21862429E+02
  0.13231642E+01  0.21868093E+02
  0.13347108E+01  0.21871978E+02
  0.13462575E+01  0.21874055E+02
  0.13578041E+01  0.21874333E+02
  0.13693508E+01  0.21872853E+02
  0.13808974E+01  0.21869678E+02
  0.13924441E+01  0.21864887E+02
  0.14039907E+01  0.21858570E+02
  0.14155374E+01  0.21850820E+02
  0.14270840E+01  0.21841736E+02
  0.14386307E+01  0.21831415E+02
  0.14501773E+01  0.21819952E+02
  0.14617240E+01  0.21807444E+02
  0.14732706E+01  0.21793986E+02
  0.14848173E+01  0.21779672E+02
  0.14963639E+01  0.21764598E+02
  0.15079106E+01  0.21748863E+02
  0.15194572E+01  0.21732570E+02
  0.15310038E+01  0.21715833E+02
  0.15425505E+01  0.21698775E+02
  0.15540971E+01  0.21681540E+02
  0.15656438E+01  0.21664296E+02
  0.15771904E+01  0.21647249E+02
  0.15887371E+01  0.21630651E+02
  0.16002837E+01  0.21614821E+02
  0.16118304E+01  0.21600163E+02
  0.16233770E+01  0.21587177E+02
  0.16349237E+01  0.21576455E+02
  0.16464703E+01  0.21568634E+02
  0.16580170E+01  0.21564285E+02
  0.16695636E+01  0.21563749E+02
  0.16811103E+01  0.21567012E+02
  0.16926569E+01  0.21573691E+02
  0.17042036E+01  0.21583162E+02
  0.17157502E+01  0.21594723E+02
  0.17272969E+01  0.21607719E+02
  0.17388435E+01  0.21621594E+02
  0.17503902E+01  0.21635903E+02
  0.17619368E+01  0.21650297E+02
  0.17734835E+01  0.21664502E+02
  0.17850301E+01  0.21678305E+02
  0.17965768E+01  0.21691540E+02
  0.18081234E+01  0.21704073E+02
  0.18196701E+01  0.21715799E+02
  0.18312167E+01  0.21726635E+02
  0.18427634E+01  0.21736516E+02
  0.18543100E+01  0.21745392E+02
  0.18658567E+01  0.21753226E+02
  0.18774033E+01  0.21759994E+02
  0.18889500E+01  0.21765678E+02
  0.19004966E+01  0.21770275E+02
  0.19120432E+01  0.21773784E+02
  0.19235899E+01  0.21776215E+02
  0.19351365E+01  0.21777584E+02
  0.19466832E+01  0.21777909E+02
  0.19582298E+01  0.21777217E+02
  0.19697765E+01  0.21775537E+02
  0.19813231E+01  0.21772900E+02
  0.19928698E+01  0.21769342E+02
  0.20044164E+01  0.21764897E+02
  0.20159631E+01  0.21759604E+02
  0.20275097E+01  0.21753501E+02
  0.20390564E+01  0.21746624E+02
  0.20506030E+01  0.21739011E+02
  0.20621497E+01  0.21730697E+02
  0.20736963E+01  0.21721717E+02
  0.20852430E+01  0.21712102E+02
  0.20967896E+01  0.21701882E+02
  0.21083363E+01  0.21691084E+02
  0.21198829E+01  0.21679730E+02
  0.21314296E+01  0.21667841E+02
  0.21429762E+01  0.21655433E+02
  0.21545229E+01  0.21642519E+02
  0.21660695E+01  0.21629105E+02
  0.21776162E+01  0.21615197E+02
  0.21891628E+01  0.21600795E+02
  0.22007095E+01  0.21585895E+02
  0.22122561E+01  0.21570489E+02
  0.22238028E+01  0.21554567E+02
  0.22353494E+01  0.21538114E+02
  0.22468961E+01  0.21521113E+02
  0.22584427E+01  0.21503545E+02
  0.22699894E+01  0.21485390E+02
  0.22815360E+01  0.21466628E+02
  0.22930826E+01  0.21447237E+02
  0.23046293E+01  0.21427199E+02
  0.23161759E+01  0.21406498E+02
  0.23277226E+01  0.21385122E+02
  0.23392692E+01  0.21363063E+02
  0.23508159E+01  0.21340323E+02
  0.23623625E+01  0.21316912E+02
  0.23739092E+01  0.21292853E+02
  0.23854558E+01  0.21268184E+02
  0.23970025E+01  0.21242967E+02
  0.24085491E+01  0.21217290E+02
  0.24200958E+01  0.21191280E+02
  0.24316424E+01  0.21165115E+02
  0.24431891E+01  0.21139044E+02
  0.24547357E+01  0.21113411E+02
  0.24662824E+01  0.21088682E+02
  0.24778290E+01  0.21065466E+02
  0.24778290E+01  0.21732658E+02
  0.24893577E+01  0.21730775E+02
  0.25008863E+01  0.21725133E+02
  0.25124150E+01  0.21715746E+02
  0.25239436E+01  0.21702642E+02
  0.25354722E+01  0.21685857E+02
  0.25470009E+01  0.21665438E+02
  0.25585295E+01  0.21641442E+02
  0.25700582E+01  0.21613938E+02
  0.25815868E+01  0.21583002E+02
  0.25931155E+01  0.21548722E+02
  0.26046441E+01  0.21511195E+02
  0.26161727E+01  0.21470528E+02
  0.26277014E+01  0.21426837E+02
  0.26392300E+01  0.21380247E+02
  0.26507587E+01  0.21330891E+02
  0.26622873E+01  0.21278913E+02
  0.26738160E+01  0.21224462E+02
  0.26853446E+01  0.21167698E+02
  0.26968733E+01  0.21108787E+02
  0.27084019E+01  0.21047903E+02
  0.27199305E+01  0.20985227E+02
  0.27314592E+01  0.20920947E+02
  0.27429878E+01  0.20855255E+02
  0.27545165E+01  0.20788351E+02
  0.27660451E+01  0.20778296E+02
  0.27775738E+01  0.20785221E+02
  0.27891024E+01  0.20792651E+02
  0.28006310E+01  0.20800612E+02
  0.28121597E+01  0.20809133E+02
  0.28236883E+01  0.20818238E+02
  0.28352170E+01  0.20827955E+02
  0.28467456E+01  0.20838307E+02
  0.28582743E+01  0.20849318E+02
  0.28698029E+01  0.20861012E+02
  0.28813316E+01  0.20873409E+02
  0.28928602E+01  0.20886528E+02
  0.29043888E+01  0.20900389E+02
  0.29159175E+01  0.20915007E+02
  0.29274461E+01  0.20930397E+02
  0.29389748E+01  0.20946572E+02
  0.29505034E+01  0.20963542E+02
  0.29620321E+01  0.20981315E+02
  0.29735607E+01  0.20999898E+02
  0.29850893E+01  0.21019294E+02
  0.29966180E+01  0.21039505E+02
  0.30081466E+01  0.21060530E+02
  0.30196753E+01  0.21082365E+02
  0.30312039E+01  0.21105003E+02
  0.30427326E+01  0.21128438E+02
  0.30542612E+01  0.21152656E+02
  0.30657899E+01  0.21177644E+02
  0.30773185E+01  0.21203387E+02
  0.30888471E+01  0.21229864E+02
  
  0.00000000E+00  0.22567539E+02
  0.11499645E-01  0.22567945E+02
  0.22999289E-01  0.22569176E+02
  0.34498934E-01  0.22571267E+02
  0.45998578E-01  0.22574277E+02
  0.57498223E-01  0.22578284E+02
  0.68997867E-01  0.22583384E+02
  0.80497512E-01  0.22589684E+02
  0.91997156E-01  0.22597300E+02
  0.10349680E+00  0.22606345E+02
  0.11499645E+00  0.22616923E+02
  0.12649609E+00  0.22629118E+02
  0.13799573E+00  0.22642982E+02
  0.14949538E+00  0.22658526E+02
  0.16099502E+00  0.22675704E+02
  0.17249467E+00  0.22694401E+02
  0.18399431E+00  0.22714426E+02
  0.19549396E+00  0.22735533E+02
  0.20699360E+00  0.22757483E+02
  0.21849325E+00  0.22780130E+02
  0.22999289E+00  0.22803431E+02
  0.24149253E+00  0.22827404E+02
  0.25299218E+00  0.22852071E+02
  0.26449182E+00  0.22877444E+02
  0.27599147E+00  0.22903517E+02
  0.28749111E+00  0.22930274E+02
  0.29899076E+00  0.22957688E+02
  0.31049040E+00  0.22985727E+02
  0.32199005E+00  0.23014351E+02
  0.33348969E+00  0.23043517E+02
  0.34498934E+00  0.23073178E+02
  0.35648898E+00  0.23103283E+02
  0.36798862E+00  0.23133777E+02
  0.37948827E+00  0.23164600E+02
  0.39098791E+00  0.23195689E+02
  0.40248756E+00  0.23226976E+02
  0.41398720E+00  0.23258388E+02
  0.42548685E+00  0.23289848E+02
  0.43698649E+00  0.23321274E+02
  0.44848614E+00  0.23352581E+02
  0.45998578E+00  0.23383679E+02
  0.47148543E+00  0.23414479E+02
  0.48298507E+00  0.23444892E+02
  0.49448471E+00  0.23474833E+02
  0.50598436E+00  0.23504220E+02
  0.51748400E+00  0.23532981E+02
  0.52898365E+00  0.23561052E+02
  0.54048329E+00  0.23588382E+02
  0.55198294E+00  0.23614926E+02
  0.56348258E+00  0.23640652E+02
  0.57498223E+00  0.23665537E+02
  0.58648187E+00  0.23689563E+02
  0.59798151E+00  0.23712722E+02
  0.60948116E+00  0.23735006E+02
  0.62098080E+00  0.23756415E+02
  0.63248045E+00  0.23776951E+02
  0.64398009E+00  0.23796617E+02
  0.65547974E+00  0.23815420E+02
  0.66697938E+00  0.23833366E+02
  0.67847903E+00  0.23850465E+02
  0.68997867E+00  0.23866727E+02
  0.70147832E+00  0.23882164E+02
  0.71297796E+00  0.23896787E+02
  0.72447760E+00  0.23910610E+02
  0.73597725E+00  0.23923647E+02
  0.74747689E+00  0.23935915E+02
  0.75897654E+00  0.23947431E+02
  0.77047618E+00  0.23958211E+02
  0.78197583E+00  0.23968276E+02
  0.79347547E+00  0.23977644E+02
  0.80497512E+00  0.23986338E+02
  0.81647476E+00  0.23994379E+02
  0.82797440E+00  0.24001791E+02
  0.83947405E+00  0.24008597E+02
  0.85097369E+00  0.24014822E+02
  0.86247334E+00  0.24020492E+02
  0.87397298E+00  0.24025633E+02
  0.88547263E+00  0.24030273E+02
  0.89697227E+00  0.24034438E+02
  0.90847192E+00  0.24038156E+02
  0.91997156E+00  0.24041457E+02
  0.93147121E+00  0.24044367E+02
  0.94297085E+00  0.24046915E+02
  0.95447049E+00  0.24049130E+02
  0.96597014E+00  0.24051040E+02
  0.97746978E+00  0.24052671E+02
  0.98896943E+00  0.24054052E+02
  0.10004691E+01  0.24055208E+02
  0.10119687E+01  0.24056165E+02
  0.10234684E+01  0.24056947E+02
  0.10349680E+01  0.24057578E+02
  0.10464677E+01  0.24058078E+02
  0.10579673E+01  0.24058468E+02
  0.10694669E+01  0.24058767E+02
  0.10809666E+01  0.24058991E+02
  0.10924662E+01  0.24059154E+02
  0.11039659E+01  0.24059271E+02
  0.11154655E+01  0.24059350E+02
  0.11269652E+01  0.24059401E+02
  0.11384648E+01  0.24059429E+02
  0.11499645E+01  0.24059438E+02
  0.11499645E+01  0.22567539E+02
  0.11615111E+01  0.22567888E+02
  0.11730577E+01  0.22568932E+02
  0.11846044E+01  0.22570665E+02
  0.11961510E+01  0.22573073E+02
  0.12076977E+01  0.22576139E+02
  0.12192443E+01  0.22579842E+02
  0.12307910E+01  0.22584156E+02
  0.12423376E+01  0.22589051E+02
  0.12538843E+01  0.22594494E+02
  0.12654309E+01  0.22600451E+02
  0.12769776E+01  0.22606883E+02
  0.12885242E+01  0.22613750E+02
  0.13000709E+01  0.22621012E+02
  0.13116175E+01  0.22628627E+02
  0.13231642E+01  0.22636553E+02
  0.13347108E+01  0.22644750E+02
  0.13462575E+01  0.22653176E+02
  0.13578041E+01  0.22661791E+02
  0.13693508E+01  0.22670557E+02
  0.13808974E+01  0.22679436E+02
  0.13924441E+01  0.22688393E+02
  0.14039907E+01  0.22697393E+02
  0.14155374E+01  0.22706406E+02
  0.14270840E+01  0.22715402E+02
  0.14386307E+01  0.22724353E+02
  0.14501773E+01  0.22733234E+02
  0.14617240E+01  0.22742023E+02
  0.14732706E+01  0.22750698E+02
  0.14848173E+01  0.22759242E+02
  0.14963639E+01  0.22767639E+02
  0.15079106E+01  0.22775876E+02
  0.15194572E+01  0.22783941E+02
  0.15310038E+01  0.22791826E+02
  0.15425505E+01  0.22799525E+02
  0.15540971E+01  0.22807033E+02
  0.15656438E+01  0.22814349E+02
  0.15771904E+01  0.22821473E+02
  0.15887371E+01  0.22828407E+02
  0.16002837E+01  0.22835156E+02
  0.16118304E+01  0.22841727E+02
  0.16233770E+01  0.22848128E+02
  0.16349237E+01  0.22854370E+02
  0.16464703E+01  0.22860465E+02
  0.16580170E+01  0.22866426E+02
  0.16695636E+01  0.22872269E+02
  0.16811103E+01  0.22878011E+02
  0.16926569E+01  0.22883667E+02
  0.17042036E+01  0.22889257E+02
  0.17157502E+01  0.22894799E+02
  0.17272969E+01  0.22900312E+02
  0.17388435E+01  0.22905815E+02
  0.17503902E+01  0.22911325E+02
  0.17619368E+01  0.22916859E+02
  0.17734835E+01  0.22922434E+02
  0.17850301E+01  0.22928064E+02
  0.17965768E+01  0.22933761E+02
  0.18081234E+01  0.22939535E+02
  0.18196701E+01  0.22945392E+02
  0.18312167E+01  0.22951338E+02
  0.18427634E+01  0.22957372E+02
  0.18543100E+01  0.22963493E+02
  0.18658567E+01  0.22969695E+02
  0.18774033E+01  0.22975968E+02
  0.18889500E+01  0.22982302E+02
  0.19004966E+01  0.22988680E+02
  0.19120432E+01  0.22995084E+02
  0.19235899E+01  0.23001495E+02
  0.19351365E+01  0.23007891E+02
  0.19466832E+01  0.23014249E+02
  0.19582298E+01  0.23020543E+02
  0.19697765E+01  0.23026750E+02
  0.19813231E+01  0.23032844E+02
  0.19928698E+01  0.23038802E+02
  0.20044164E+01  0.23044601E+02
  0.20159631E+01  0.23050219E+02
  0.20275097E+01  0.23055637E+02
  0.20390564E+01  0.23060838E+02
  0.20506030E+01  0.23065806E+02
  0.20621497E+01  0.23070532E+02
  0.20736963E+01  0.23075004E+02
  0.20852430E+01  0.23079218E+02
  0.20967896E+01  0.23083171E+02
  0.21083363E+01  0.23086864E+02
  0.21198829E+01  0.23090298E+02
  0.21314296E+01  0.23093480E+02
  0.21429762E+01  0.23096418E+02
  0.21545229E+01  0.23099119E+02
  0.21660695E+01  0.23101592E+02
  0.21776162E+01  0.23103845E+02
  0.21891628E+01  0.23105882E+02
  0.22007095E+01  0.23107700E+02
  0.22122561E+01  0.23109286E+02
  0.22238028E+01  0.23110612E+02
  0.22353494E+01  0.23111623E+02
  0.22468961E+01  0.23112228E+02
  0.22584427E+01  0.23112277E+02
  0.22699894E+01  0.23111535E+02
  0.22815360E+01  0.23109639E+02
  0.22930826E+01  0.23106043E+02
  0.23046293E+01  0.23099974E+02
  0.23161759E+01  0.23090455E+02
  0.23277226E+01  0.23076509E+02
  0.23392692E+01  0.23057603E+02
  0.23508159E+01  0.23034063E+02
  0.23623625E+01  0.23007040E+02
  0.23739092E+01  0.22978062E+02
  0.23854558E+01  0.22948621E+02
  0.23970025E+01  0.22919999E+02
  0.24085491E+01  0.22893254E+02
  0.24200958E+01  0.22869274E+02
  0.24316424E+01  0.22848808E+02
  0.24431891E+01  0.22832496E+02
  0.24547357E+01  0.22820873E+02
  0.24662824E+01  0.22814363E+02
  0.24778290E+01  0.22813273E+02
  0.24778290E+01  0.22567539E+02
  0.24893577E+01  0.22565432E+02
  0.25008863E+01  0.22561836E+02
  0.25124150E+01  0.22556762E+02
  0.25239436E+01  0.22550220E+02
  0.25354722E+01  0.22542225E+02
  0.25470009E+01  0.22532795E+02
  0.25585295E+01  0.22521949E+02
  0.25700582E+01  0.22509710E+02
  0.25815868E+01  0.22496104E+02
  0.25931155E+01  0.22481159E+02
  0.26046441E+01  0.22464906E+02
  0.26161727E+01  0.22447376E+02
  0.26277014E+01  0.22428606E+02
  0.26392300E+01  0.22408633E+02
  0.26507587E+01  0.22387497E+02
  0.26622873E+01  0.22365240E+02
  0.26738160E+01  0.22341905E+02
  0.26853446E+01  0.22317539E+02
  0.26968733E+01  0.22292188E+02
  0.27084019E+01  0.22265901E+02
  0.27199305E+01  0.22238730E+02
  0.27314592E+01  0.22210726E+02
  0.27429878E+01  0.22181942E+02
  0.27545165E+01  0.22152432E+02
  0.27660451E+01  0.22122251E+02
  0.27775738E+01  0.22091456E+02
  0.27891024E+01  0.22060103E+02
  0.28006310E+01  0.22028248E+02
  0.28121597E+01  0.21995950E+02
  0.28236883E+01  0.21963267E+02
  0.28352170E+01  0.21930256E+02
  0.28467456E+01  0.21896974E+02
  0.28582743E+01  0.21863480E+02
  0.28698029E+01  0.21829831E+02
  0.28813316E+01  0.21796083E+02
  0.28928602E+01  0.21762293E+02
  0.29043888E+01  0.21728515E+02
  0.29159175E+01  0.21694805E+02
  0.29274461E+01  0.21661215E+02
  0.29389748E+01  0.21627797E+02
  0.29505034E+01  0.21594603E+02
  0.29620321E+01  0.21561682E+02
  0.29735607E+01  0.21529080E+02
  0.29850893E+01  0.21496846E+02
  0.29966180E+01  0.21465022E+02
  0.30081466E+01  0.21433651E+02
  0.30196753E+01  0.21402774E+02
  0.30312039E+01  0.21372429E+02
  0.30427326E+01  0.21342652E+02
  0.30542612E+01  0.21313477E+02
  0.30657899E+01  0.21284934E+02
  0.30773185E+01  0.21257055E+02
  0.30888471E+01  0.21229864E+02
  
  0.00000000E+00  0.22567539E+02
  0.11499645E-01  0.22568181E+02
  0.22999289E-01  0.22570106E+02
  0.34498934E-01  0.22573311E+02
  0.45998578E-01  0.22577794E+02
  0.57498223E-01  0.22583548E+02
  0.68997867E-01  0.22590567E+02
  0.80497512E-01  0.22598845E+02
  0.91997156E-01  0.22608374E+02
  0.10349680E+00  0.22619147E+02
  0.11499645E+00  0.22631160E+02
  0.12649609E+00  0.22644410E+02
  0.13799573E+00  0.22658905E+02
  0.14949538E+00  0.22674662E+02
  0.16099502E+00  0.22691724E+02
  0.17249467E+00  0.22710163E+02
  0.18399431E+00  0.22730094E+02
  0.19549396E+00  0.22751658E+02
  0.20699360E+00  0.22774960E+02
  0.21849325E+00  0.22799994E+02
  0.22999289E+00  0.22826637E+02
  0.24149253E+00  0.22854699E+02
  0.25299218E+00  0.22883980E+02
  0.26449182E+00  0.22914296E+02
  0.27599147E+00  0.22945482E+02
  0.28749111E+00  0.22977391E+02
  0.29899076E+00  0.23009892E+02
  0.31049040E+00  0.23042872E+02
  0.32199005E+00  0.23076229E+02
  0.33348969E+00  0.23109874E+02
  0.34498934E+00  0.23143729E+02
  0.35648898E+00  0.23177728E+02
  0.36798862E+00  0.23211816E+02
  0.37948827E+00  0.23245947E+02
  0.39098791E+00  0.23280086E+02
  0.40248756E+00  0.23314206E+02
  0.41398720E+00  0.23348291E+02
  0.42548685E+00  0.23382334E+02
  0.43698649E+00  0.23416335E+02
  0.44848614E+00  0.23450303E+02
  0.45998578E+00  0.23484252E+02
  0.47148543E+00  0.23518201E+02
  0.48298507E+00  0.23552172E+02
  0.49448471E+00  0.23586185E+02
  0.50598436E+00  0.23620258E+02
  0.51748400E+00  0.23654405E+02
  0.52898365E+00  0.23688631E+02
  0.54048329E+00  0.23722935E+02
  0.55198294E+00  0.23757307E+02
  0.56348258E+00  0.23791730E+02
  0.57498223E+00  0.23826180E+02
  0.58648187E+00  0.23860627E+02
  0.59798151E+00  0.23895038E+02
  0.60948116E+00  0.23929378E+02
  0.62098080E+00  0.23963609E+02
  0.63248045E+00  0.23997693E+02
  0.64398009E+00  0.24031590E+02
  0.65547974E+00  0.24065263E+02
  0.66697938E+00  0.24098674E+02
  0.67847903E+00  0.24131785E+02
  0.68997867E+00  0.24164561E+02
  0.70147832E+00  0.24196967E+02
  0.71297796E+00  0.24228969E+02
  0.72447760E+00  0.24260534E+02
  0.73597725E+00  0.24291629E+02
  0.74747689E+00  0.24322224E+02
  0.75897654E+00  0.24352290E+02
  0.77047618E+00  0.24381797E+02
  0.78197583E+00  0.24410716E+02
  0.79347547E+00  0.24439022E+02
  0.80497512E+00  0.24466689E+02
  0.81647476E+00  0.24493690E+02
  0.82797440E+00  0.24520001E+02
  0.83947405E+00  0.24545600E+02
  0.85097369E+00  0.24570463E+02
  0.86247334E+00  0.24594569E+02
  0.87397298E+00  0.24617896E+02
  0.88547263E+00  0.24640426E+02
  0.89697227E+00  0.24662138E+02
  0.90847192E+00  0.24683014E+02
  0.91997156E+00  0.24703036E+02
  0.93147121E+00  0.24722189E+02
  0.94297085E+00  0.24740455E+02
  0.95447049E+00  0.24757820E+02
  0.96597014E+00  0.24774269E+02
  0.97746978E+00  0.24789789E+02
  0.98896943E+00  0.24804367E+02
  0.10004691E+01  0.24817991E+02
  0.10119687E+01  0.24830651E+02
  0.10234684E+01  0.24842335E+02
  0.10349680E+01  0.24853035E+02
  0.10464677E+01  0.24862742E+02
  0.10579673E+01  0.24871448E+02
  0.10694669E+01  0.24879146E+02
  0.10809666E+01  0.24885831E+02
  0.10924662E+01  0.24891495E+02
  0.11039659E+01  0.24896137E+02
  0.11154655E+01  0.24899750E+02
  0.11269652E+01  0.24902333E+02
  0.11384648E+01  0.24903884E+02
  0.11499645E+01  0.24904401E+02
  0.11499645E+01  0.22567539E+02
  0.11615111E+01  0.22568204E+02
  0.11730577E+01  0.22570212E+02
  0.11846044E+01  0.22573599E+02
  0.11961510E+01  0.22578426E+02
  0.12076977E+01  0.22584772E+02
  0.12192443E+01  0.22592736E+02
  0.12307910E+01  0.22602427E+02
  0.12423376E+01  0.22613961E+02
  0.12538843E+01  0.22627452E+02
  0.12654309E+01  0.22643004E+02
  0.12769776E+01  0.22660702E+02
  0.12885242E+01  0.22680605E+02
  0.13000709E+01  0.22702740E+02
  0.13116175E+01  0.22727099E+02
  0.13231642E+01  0.22753636E+02
  0.13347108E+01  0.22782272E+02
  0.13462575E+01  0.22812897E+02
  0.13578041E+01  0.22845379E+02
  0.13693508E+01  0.22879568E+02
  0.13808974E+01  0.22915302E+02
  0.13924441E+01  0.22952417E+02
  0.14039907E+01  0.22990746E+02
  0.14155374E+01  0.23030123E+02
  0.14270840E+01  0.23070392E+02
  0.14386307E+01  0.23111399E+02
  0.14501773E+01  0.23153000E+02
  0.14617240E+01  0.23195059E+02
  0.14732706E+01  0.23237447E+02
  0.14848173E+01  0.23280041E+02
  0.14963639E+01  0.23322729E+02
  0.15079106E+01  0.23365401E+02
  0.15194572E+01  0.23407955E+02
  0.15310038E+01  0.23450296E+02
  0.15425505E+01  0.23492331E+02
  0.15540971E+01  0.23533974E+02
  0.15656438E+01  0.23575140E+02
  0.15771904E+01  0.23615751E+02
  0.15887371E+01  0.23655731E+02
  0.16002837E+01  0.23695007E+02
  0.16118304E+01  0.23733509E+02
  0.16233770E+01  0.23771170E+02
  0.16349237E+01  0.23807925E+02
  0.16464703E+01  0.23843712E+02
  0.16580170E+01  0.23878471E+02
  0.16695636E+01  0.23912145E+02
  0.16811103E+01  0.23944678E+02
  0.16926569E+01  0.23976016E+02
  0.17042036E+01  0.24006108E+02
  0.17157502E+01  0.24034904E+02
  0.17272969E+01  0.24062357E+02
  0.17388435E+01  0.24088422E+02
  0.17503902E+01  0.24113055E+02
  0.17619368E+01  0.24136214E+02
  0.17734835E+01  0.24157860E+02
  0.17850301E+01  0.24177955E+02
  0.17965768E+01  0.24196463E+02
  0.18081234E+01  0.24213350E+02
  0.18196701E+01  0.24228585E+02
  0.18312167E+01  0.24242138E+02
  0.18427634E+01  0.24253981E+02
  0.18543100E+01  0.24264088E+02
  0.18658567E+01  0.24272436E+02
  0.18774033E+01  0.24279004E+02
  0.18889500E+01  0.24283771E+02
  0.19004966E+01  0.24286722E+02
  0.19120432E+01  0.24287841E+02
  0.19235899E+01  0.24287116E+02
  0.19351365E+01  0.24284536E+02
  0.19466832E+01  0.24280095E+02
  0.19582298E+01  0.24273786E+02
  0.19697765E+01  0.24265607E+02
  0.19813231E+01  0.24255558E+02
  0.19928698E+01  0.24243643E+02
  0.20044164E+01  0.24229866E+02
  0.20159631E+01  0.24214237E+02
  0.20275097E+01  0.24196768E+02
  0.20390564E+01  0.24177474E+02
  0.20506030E+01  0.24156375E+02
  0.20621497E+01  0.24133492E+02
  0.20736963E+01  0.24108854E+02
  0.20852430E+01  0.24082491E+02
  0.20967896E+01  0.24054441E+02
  0.21083363E+01  0.24024745E+02
  0.21198829E+01  0.23993451E+02
  0.21314296E+01  0.23960613E+02
  0.21429762E+01  0.23926295E+02
  0.21545229E+01  0.23890567E+02
  0.21660695E+01  0.23853511E+02
  0.21776162E+01  0.23815219E+02
  0.21891628E+01  0.23775802E+02
  0.22007095E+01  0.23735384E+02
  0.22122561E+01  0.23694114E+02
  0.22238028E+01  0.23652172E+02
  0.22353494E+01  0.23609773E+02
  0.22468961E+01  0.23567186E+02
  0.22584427E+01  0.23524754E+02
  0.22699894E+01  0.23482921E+02
  0.22815360E+01  0.23442276E+02
  0.22930826E+01  0.23403611E+02
  0.23046293E+01  0.23367964E+02
  0.23161759E+01  0.23336602E+02
  0.23277226E+01  0.23310814E+02
  0.23392692E+01  0.23291469E+02
  0.23508159E+01  0.23278606E+02
  0.23623625E+01  0.23271465E+02
  0.23739092E+01  0.23268936E+02
  0.23854558E+01  0.23269969E+02
  0.23970025E+01  0.23273746E+02
  0.24085491E+01  0.23279684E+02
  0.24200958E+01  0.23287375E+02
  0.24316424E+01  0.23296533E+02
  0.24431891E+01  0.23306954E+02
  0.24547357E+01  0.23318485E+02
  0.24662824E+01  0.23331006E+02
  0.24778290E+01  0.23344423E+02
  0.24778290E+01  0.22567539E+02
  0.24893577E+01  0.22568152E+02
  0.25008863E+01  0.22567268E+02
  0.25124150E+01  0.22564886E+02
  0.25239436E+01  0.22561009E+02
  0.25354722E+01  0.22555643E+02
  0.25470009E+01  0.22548796E+02
  0.25585295E+01  0.22540479E+02
  0.25700582E+01  0.22530706E+02
  0.25815868E+01  0.22519495E+02
  0.25931155E+01  0.22506866E+02
  0.26046441E+01  0.22492840E+02
  0.26161727E+01  0.22477444E+02
  0.26277014E+01  0.22460706E+02
  0.26392300E+01  0.22442655E+02
  0.26507587E+01  0.22423325E+02
  0.26622873E+01  0.22402752E+02
  0.26738160E+01  0.22380973E+02
  0.26853446E+01  0.22358029E+02
  0.26968733E+01  0.22333962E+02
  0.27084019E+01  0.22308817E+02
  0.27199305E+01  0.22282639E+02
  0.27314592E+01  0.22255478E+02
  0.27429878E+01  0.22227382E+02
  0.27545165E+01  0.22198404E+02
  0.27660451E+01  0.22168596E+02
  0.27775738E+01  0.22138014E+02
  0.27891024E+01  0.22106711E+02
  0.28006310E+01  0.22074745E+02
  0.28121597E+01  0.22042174E+02
  0.28236883E+01  0.22009055E+02
  0.28352170E+01  0.21975448E+02
  0.28467456E+01  0.21941411E+02
  0.28582743E+01  0.21907005E+02
  0.28698029E+01  0.21872290E+02
  0.28813316E+01  0.21837325E+02
  0.28928602E+01  0.21802169E+02
  0.29043888E+01  0.21766884E+02
  0.29159175E+01  0.21731527E+02
  0.29274461E+01  0.21696158E+02
  0.29389748E+01  0.21660833E+02
  0.29505034E+01  0.21625611E+02
  0.29620321E+01  0.21590546E+02
  0.29735607E+01  0.21555695E+02
  0.29850893E+01  0.21521110E+02
  0.29966180E+01  0.21486843E+02
  0.30081466E+01  0.21452945E+02
  0.30196753E+01  0.21419466E+02
  0.30312039E+01  0.21386451E+02
  0.30427326E+01  0.21353947E+02
  0.30542612E+01  0.21321996E+02
  0.30657899E+01  0.21290640E+02
  0.30773185E+01  0.21259917E+02
  0.30888471E+01  0.21229864E+02
  
