  0.00000000E+00 -0.18883250E+01
  0.11387322E-01 -0.18886333E+01
  0.22774645E-01 -0.18888505E+01
  0.34161967E-01 -0.18890044E+01
  0.45549290E-01 -0.18891333E+01
  0.56936612E-01 -0.18892776E+01
  0.68323934E-01 -0.18894696E+01
  0.79711257E-01 -0.18897245E+01
  0.91098579E-01 -0.18900360E+01
  0.10248590E+00 -0.18903784E+01
  0.11387322E+00 -0.18907135E+01
  0.12526055E+00 -0.18909978E+01
  0.13664787E+00 -0.18911881E+01
  0.14803519E+00 -0.18912452E+01
  0.15942251E+00 -0.18911347E+01
  0.17080984E+00 -0.18908274E+01
  0.18219716E+00 -0.18902987E+01
  0.19358448E+00 -0.18895281E+01
  0.20497180E+00 -0.18884983E+01
  0.21635913E+00 -0.18871949E+01
  0.22774645E+00 -0.18856061E+01
  0.23913377E+00 -0.18837222E+01
  0.25052109E+00 -0.18815354E+01
  0.26190842E+00 -0.18790397E+01
  0.27329574E+00 -0.18762310E+01
  0.28468306E+00 -0.18731070E+01
  0.29607038E+00 -0.18696668E+01
  0.30745770E+00 -0.18659116E+01
  0.31884503E+00 -0.18618441E+01
  0.33023235E+00 -0.18574691E+01
  0.34161967E+00 -0.18527932E+01
  0.35300699E+00 -0.18478252E+01
  0.36439432E+00 -0.18425759E+01
  0.37578164E+00 -0.18370587E+01
  0.38716896E+00 -0.18312895E+01
  0.39855628E+00 -0.18252872E+01
  0.40994361E+00 -0.18190741E+01
  0.42133093E+00 -0.18126770E+01
  0.43271825E+00 -0.18061278E+01
  0.44410557E+00 -0.17994667E+01
  0.45549290E+00 -0.17927462E+01
  0.46688022E+00 -0.17860431E+01
  0.47826754E+00 -0.17794848E+01
  0.48965486E+00 -0.17733206E+01
  0.50104219E+00 -0.17680635E+01
  0.51242951E+00 -0.17644124E+01
  0.52381683E+00 -0.17624077E+01
  0.53520415E+00 -0.17614090E+01
  0.54659148E+00 -0.17609270E+01
  0.55797880E+00 -0.17607167E+01
  0.56936612E+00 -0.17606467E+01
  0.58075344E+00 -0.17606324E+01
  0.59214076E+00 -0.17606120E+01
  0.60352809E+00 -0.17605367E+01
  0.61491541E+00 -0.17603668E+01
  0.62630273E+00 -0.17600702E+01
  0.63769005E+00 -0.17596211E+01
  0.64907738E+00 -0.17589996E+01
  0.66046470E+00 -0.17581911E+01
  0.67185202E+00 -0.17571857E+01
  0.68323934E+00 -0.17559782E+01
  0.69462667E+00 -0.17545670E+01
  0.70601399E+00 -0.17529545E+01
  0.71740131E+00 -0.17511470E+01
  0.72878863E+00 -0.17491545E+01
  0.74017596E+00 -0.17469917E+01
  0.75156328E+00 -0.17446787E+01
  0.76295060E+00 -0.17422426E+01
  0.77433792E+00 -0.17397200E+01
  0.78572525E+00 -0.17371596E+01
  0.79711257E+00 -0.17346248E+01
  0.80849989E+00 -0.17321930E+01
  0.81988721E+00 -0.17299472E+01
  0.83127454E+00 -0.17279570E+01
  0.84266186E+00 -0.17262552E+01
  0.85404918E+00 -0.17248284E+01
  0.86543650E+00 -0.17236296E+01
  0.87682383E+00 -0.17226007E+01
  0.88821115E+00 -0.17216893E+01
  0.89959847E+00 -0.17208555E+01
  0.91098579E+00 -0.17200715E+01
  0.92237311E+00 -0.17193197E+01
  0.93376044E+00 -0.17185899E+01
  0.94514776E+00 -0.17178770E+01
  0.95653508E+00 -0.17171799E+01
  0.96792240E+00 -0.17165002E+01
  0.97930973E+00 -0.17158417E+01
  0.99069705E+00 -0.17152096E+01
  0.10020844E+01 -0.17146107E+01
  0.10134717E+01 -0.17140531E+01
  0.10248590E+01 -0.17135460E+01
  0.10362463E+01 -0.17130999E+01
  0.10476337E+01 -0.17127265E+01
  0.10590210E+01 -0.17124392E+01
  0.10704083E+01 -0.17122524E+01
  0.10817956E+01 -0.17121825E+01
  0.10931830E+01 -0.17122469E+01
  0.11045703E+01 -0.17124646E+01
  0.11159576E+01 -0.17128553E+01
  0.11273449E+01 -0.17134386E+01
  0.11387322E+01 -0.17142334E+01
  0.11387322E+01 -0.18883250E+01
  0.11501661E+01 -0.18897993E+01
  0.11616000E+01 -0.18913683E+01
  0.11730338E+01 -0.18929467E+01
  0.11844677E+01 -0.18944473E+01
  0.11959016E+01 -0.18957894E+01
  0.12073354E+01 -0.18969050E+01
  0.12187693E+01 -0.18977399E+01
  0.12302032E+01 -0.18982544E+01
  0.12416370E+01 -0.18984214E+01
  0.12530709E+01 -0.18982255E+01
  0.12645048E+01 -0.18976610E+01
  0.12759386E+01 -0.18967309E+01
  0.12873725E+01 -0.18954456E+01
  0.12988064E+01 -0.18938219E+01
  0.13102402E+01 -0.18918823E+01
  0.13216741E+01 -0.18896539E+01
  0.13331080E+01 -0.18871676E+01
  0.13445419E+01 -0.18844563E+01
  0.13559757E+01 -0.18815533E+01
  0.13674096E+01 -0.18784905E+01
  0.13788435E+01 -0.18752952E+01
  0.13902773E+01 -0.18719891E+01
  0.14017112E+01 -0.18685861E+01
  0.14131451E+01 -0.18650933E+01
  0.14245789E+01 -0.18615115E+01
  0.14360128E+01 -0.18578372E+01
  0.14474467E+01 -0.18540659E+01
  0.14588805E+01 -0.18501932E+01
  0.14703144E+01 -0.18462177E+01
  0.14817483E+01 -0.18421419E+01
  0.14931821E+01 -0.18379732E+01
  0.15046160E+01 -0.18337246E+01
  0.15160499E+01 -0.18294153E+01
  0.15274837E+01 -0.18250712E+01
  0.15389176E+01 -0.18207252E+01
  0.15503515E+01 -0.18164174E+01
  0.15617853E+01 -0.18121964E+01
  0.15732192E+01 -0.18081183E+01
  0.15846531E+01 -0.18042470E+01
  0.15960869E+01 -0.18006518E+01
  0.16075208E+01 -0.17974025E+01
  0.16189547E+01 -0.17945618E+01
  0.16303885E+01 -0.17921742E+01
  0.16418224E+01 -0.17902548E+01
  0.16532563E+01 -0.17887835E+01
  0.16646901E+01 -0.17877071E+01
  0.16761240E+01 -0.17869489E+01
  0.16875579E+01 -0.17864215E+01
  0.16989917E+01 -0.17860379E+01
  0.17104256E+01 -0.17857186E+01
  0.17218595E+01 -0.17853952E+01
  0.17332933E+01 -0.17850121E+01
  0.17447272E+01 -0.17845255E+01
  0.17561611E+01 -0.17839030E+01
  0.17675949E+01 -0.17831220E+01
  0.17790288E+01 -0.17821690E+01
  0.17904627E+01 -0.17810373E+01
  0.18018965E+01 -0.17797266E+01
  0.18133304E+01 -0.17782409E+01
  0.18247643E+01 -0.17765876E+01
  0.18361981E+01 -0.17747758E+01
  0.18476320E+01 -0.17728151E+01
  0.18590659E+01 -0.17707145E+01
  0.18704997E+01 -0.17684814E+01
  0.18819336E+01 -0.17661209E+01
  0.18933675E+01 -0.17636358E+01
  0.19048013E+01 -0.17610261E+01
  0.19162352E+01 -0.17582903E+01
  0.19276691E+01 -0.17554252E+01
  0.19391029E+01 -0.17524272E+01
  0.19505368E+01 -0.17492931E+01
  0.19619707E+01 -0.17460212E+01
  0.19734045E+01 -0.17426120E+01
  0.19848384E+01 -0.17390691E+01
  0.19962723E+01 -0.17354007E+01
  0.20077061E+01 -0.17316202E+01
  0.20191400E+01 -0.17277480E+01
  0.20305739E+01 -0.17238138E+01
  0.20420078E+01 -0.17198599E+01
  0.20534416E+01 -0.17159464E+01
  0.20648755E+01 -0.17121596E+01
  0.20763094E+01 -0.17086224E+01
  0.20877432E+01 -0.17054976E+01
  0.20991771E+01 -0.17029552E+01
  0.21106110E+01 -0.17010840E+01
  0.21220448E+01 -0.16998246E+01
  0.21334787E+01 -0.16990240E+01
  0.21449126E+01 -0.16985297E+01
  0.21563464E+01 -0.16982295E+01
  0.21677803E+01 -0.16980489E+01
  0.21792142E+01 -0.16979395E+01
  0.21906480E+01 -0.16978703E+01
  0.22020819E+01 -0.16978229E+01
  0.22135158E+01 -0.16977897E+01
  0.22249496E+01 -0.16977736E+01
  0.22363835E+01 -0.16977909E+01
  0.22478174E+01 -0.16978751E+01
  0.22592512E+01 -0.16980835E+01
  0.22706851E+01 -0.16985032E+01
  0.22821190E+01 -0.16992492E+01
  0.22935528E+01 -0.17004372E+01
  0.23049867E+01 -0.17021280E+01
  0.23164206E+01 -0.17042831E+01
  0.23278544E+01 -0.17067831E+01
  0.23392883E+01 -0.17094828E+01
  0.23507222E+01 -0.17122504E+01
  0.23621560E+01 -0.17149789E+01
  0.23735899E+01 -0.17175846E+01
  0.23850238E+01 -0.17200009E+01
  0.23964576E+01 -0.17221748E+01
  0.24078915E+01 -0.17240632E+01
  0.24193254E+01 -0.17256315E+01
  0.24307592E+01 -0.17268525E+01
  0.24421931E+01 -0.17277057E+01
  0.24536270E+01 -0.17281773E+01
  0.24536270E+01 -0.18883250E+01
  0.24650774E+01 -0.18742480E+01
  0.24765279E+01 -0.18616573E+01
  0.24879784E+01 -0.18523478E+01
  0.24994288E+01 -0.18471591E+01
  0.25108793E+01 -0.18447677E+01
  0.25223297E+01 -0.18437189E+01
  0.25337802E+01 -0.18432602E+01
  0.25452307E+01 -0.18430457E+01
  0.25566811E+01 -0.18429145E+01
  0.25681316E+01 -0.18427926E+01
  0.25795821E+01 -0.18426497E+01
  0.25910325E+01 -0.18424784E+01
  0.26024830E+01 -0.18422851E+01
  0.26139334E+01 -0.18420848E+01
  0.26253839E+01 -0.18418978E+01
  0.26368344E+01 -0.18417486E+01
  0.26482848E+01 -0.18416649E+01
  0.26597353E+01 -0.18416771E+01
  0.26711858E+01 -0.18418193E+01
  0.26826362E+01 -0.18421291E+01
  0.26940867E+01 -0.18426446E+01
  0.27055371E+01 -0.18433985E+01
  0.27169876E+01 -0.18444311E+01
  0.27284381E+01 -0.18459014E+01
  0.27398885E+01 -0.18487952E+01
  0.27513390E+01 -0.18562811E+01
  0.27627894E+01 -0.18661412E+01
  0.27742399E+01 -0.18755306E+01
  0.27856904E+01 -0.18838085E+01
  0.27971408E+01 -0.18907433E+01
  0.28085913E+01 -0.18962255E+01
  0.28200418E+01 -0.19002282E+01
  0.28314922E+01 -0.19028073E+01
  0.28429427E+01 -0.19041129E+01
  0.28543931E+01 -0.19043979E+01
  0.28658436E+01 -0.19040074E+01
  0.28772941E+01 -0.19033262E+01
  0.28887445E+01 -0.19026865E+01
  0.29001950E+01 -0.19022855E+01
  0.29116455E+01 -0.19021707E+01
  0.29230959E+01 -0.19022859E+01
  0.29345464E+01 -0.19025306E+01
  0.29459968E+01 -0.19027988E+01
  0.29574473E+01 -0.19029972E+01
  0.29688978E+01 -0.19030492E+01
  0.29803482E+01 -0.19028954E+01
  0.29917987E+01 -0.19024915E+01
  0.30032492E+01 -0.19018063E+01
  0.30146996E+01 -0.19008202E+01
  0.30261501E+01 -0.18995242E+01
  0.30376005E+01 -0.18979185E+01
  0.30490510E+01 -0.18960123E+01
  0.30605015E+01 -0.18938229E+01
  
  0.00000000E+00 -0.18329945E+01
  0.11387322E-01 -0.18369096E+01
  0.22774645E-01 -0.18401495E+01
  0.34161967E-01 -0.18426899E+01
  0.45549290E-01 -0.18445058E+01
  0.56936612E-01 -0.18455790E+01
  0.68323934E-01 -0.18459078E+01
  0.79711257E-01 -0.18455156E+01
  0.91098579E-01 -0.18444539E+01
  0.10248590E+00 -0.18427988E+01
  0.11387322E+00 -0.18406432E+01
  0.12526055E+00 -0.18380871E+01
  0.13664787E+00 -0.18352299E+01
  0.14803519E+00 -0.18321643E+01
  0.15942251E+00 -0.18289727E+01
  0.17080984E+00 -0.18257246E+01
  0.18219716E+00 -0.18224757E+01
  0.19358448E+00 -0.18192673E+01
  0.20497180E+00 -0.18161278E+01
  0.21635913E+00 -0.18130737E+01
  0.22774645E+00 -0.18101119E+01
  0.23913377E+00 -0.18072419E+01
  0.25052109E+00 -0.18044579E+01
  0.26190842E+00 -0.18017509E+01
  0.27329574E+00 -0.17991102E+01
  0.28468306E+00 -0.17965245E+01
  0.29607038E+00 -0.17939835E+01
  0.30745770E+00 -0.17914779E+01
  0.31884503E+00 -0.17890006E+01
  0.33023235E+00 -0.17865469E+01
  0.34161967E+00 -0.17841149E+01
  0.35300699E+00 -0.17817059E+01
  0.36439432E+00 -0.17793243E+01
  0.37578164E+00 -0.17769779E+01
  0.38716896E+00 -0.17746780E+01
  0.39855628E+00 -0.17724385E+01
  0.40994361E+00 -0.17702759E+01
  0.42133093E+00 -0.17682077E+01
  0.43271825E+00 -0.17662500E+01
  0.44410557E+00 -0.17644145E+01
  0.45549290E+00 -0.17627012E+01
  0.46688022E+00 -0.17610858E+01
  0.47826754E+00 -0.17594899E+01
  0.48965486E+00 -0.17577085E+01
  0.50104219E+00 -0.17552666E+01
  0.51242951E+00 -0.17514959E+01
  0.52381683E+00 -0.17463795E+01
  0.53520415E+00 -0.17405761E+01
  0.54659148E+00 -0.17345900E+01
  0.55797880E+00 -0.17286824E+01
  0.56936612E+00 -0.17230082E+01
  0.58075344E+00 -0.17176912E+01
  0.59214076E+00 -0.17128626E+01
  0.60352809E+00 -0.17086859E+01
  0.61491541E+00 -0.17053662E+01
  0.62630273E+00 -0.17031014E+01
  0.63769005E+00 -0.17019530E+01
  0.64907738E+00 -0.17017616E+01
  0.66046470E+00 -0.17022416E+01
  0.67185202E+00 -0.17031267E+01
  0.68323934E+00 -0.17042244E+01
  0.69462667E+00 -0.17054066E+01
  0.70601399E+00 -0.17065879E+01
  0.71740131E+00 -0.17077085E+01
  0.72878863E+00 -0.17087242E+01
  0.74017596E+00 -0.17095992E+01
  0.75156328E+00 -0.17103016E+01
  0.76295060E+00 -0.17107999E+01
  0.77433792E+00 -0.17110586E+01
  0.78572525E+00 -0.17110350E+01
  0.79711257E+00 -0.17106760E+01
  0.80849989E+00 -0.17099185E+01
  0.81988721E+00 -0.17086977E+01
  0.83127454E+00 -0.17069662E+01
  0.84266186E+00 -0.17047177E+01
  0.85404918E+00 -0.17019971E+01
  0.86543650E+00 -0.16988885E+01
  0.87682383E+00 -0.16954939E+01
  0.88821115E+00 -0.16919178E+01
  0.89959847E+00 -0.16882613E+01
  0.91098579E+00 -0.16846236E+01
  0.92237311E+00 -0.16811035E+01
  0.93376044E+00 -0.16777986E+01
  0.94514776E+00 -0.16747996E+01
  0.95653508E+00 -0.16721805E+01
  0.96792240E+00 -0.16699878E+01
  0.97930973E+00 -0.16682349E+01
  0.99069705E+00 -0.16669055E+01
  0.10020844E+01 -0.16659641E+01
  0.10134717E+01 -0.16653666E+01
  0.10248590E+01 -0.16650690E+01
  0.10362463E+01 -0.16650314E+01
  0.10476337E+01 -0.16652187E+01
  0.10590210E+01 -0.16656005E+01
  0.10704083E+01 -0.16661493E+01
  0.10817956E+01 -0.16668401E+01
  0.10931830E+01 -0.16676484E+01
  0.11045703E+01 -0.16685503E+01
  0.11159576E+01 -0.16695216E+01
  0.11273449E+01 -0.16705382E+01
  0.11387322E+01 -0.16715770E+01
  0.11387322E+01 -0.18329945E+01
  0.11501661E+01 -0.18362308E+01
  0.11616000E+01 -0.18390019E+01
  0.11730338E+01 -0.18413711E+01
  0.11844677E+01 -0.18433971E+01
  0.11959016E+01 -0.18451293E+01
  0.12073354E+01 -0.18466048E+01
  0.12187693E+01 -0.18478492E+01
  0.12302032E+01 -0.18488771E+01
  0.12416370E+01 -0.18496946E+01
  0.12530709E+01 -0.18503002E+01
  0.12645048E+01 -0.18506865E+01
  0.12759386E+01 -0.18508413E+01
  0.12873725E+01 -0.18507486E+01
  0.12988064E+01 -0.18503893E+01
  0.13102402E+01 -0.18497418E+01
  0.13216741E+01 -0.18487831E+01
  0.13331080E+01 -0.18474898E+01
  0.13445419E+01 -0.18458393E+01
  0.13559757E+01 -0.18438119E+01
  0.13674096E+01 -0.18413930E+01
  0.13788435E+01 -0.18385756E+01
  0.13902773E+01 -0.18353625E+01
  0.14017112E+01 -0.18317681E+01
  0.14131451E+01 -0.18278182E+01
  0.14245789E+01 -0.18235501E+01
  0.14360128E+01 -0.18190104E+01
  0.14474467E+01 -0.18142540E+01
  0.14588805E+01 -0.18093416E+01
  0.14703144E+01 -0.18043393E+01
  0.14817483E+01 -0.17993171E+01
  0.14931821E+01 -0.17943482E+01
  0.15046160E+01 -0.17895069E+01
  0.15160499E+01 -0.17848669E+01
  0.15274837E+01 -0.17804963E+01
  0.15389176E+01 -0.17764530E+01
  0.15503515E+01 -0.17727779E+01
  0.15617853E+01 -0.17694892E+01
  0.15732192E+01 -0.17665780E+01
  0.15846531E+01 -0.17640068E+01
  0.15960869E+01 -0.17617135E+01
  0.16075208E+01 -0.17596181E+01
  0.16189547E+01 -0.17576351E+01
  0.16303885E+01 -0.17556887E+01
  0.16418224E+01 -0.17537265E+01
  0.16532563E+01 -0.17517285E+01
  0.16646901E+01 -0.17497054E+01
  0.16761240E+01 -0.17476904E+01
  0.16875579E+01 -0.17457256E+01
  0.16989917E+01 -0.17438518E+01
  0.17104256E+01 -0.17420999E+01
  0.17218595E+01 -0.17404888E+01
  0.17332933E+01 -0.17390234E+01
  0.17447272E+01 -0.17376967E+01
  0.17561611E+01 -0.17364914E+01
  0.17675949E+01 -0.17353821E+01
  0.17790288E+01 -0.17343380E+01
  0.17904627E+01 -0.17333254E+01
  0.18018965E+01 -0.17323096E+01
  0.18133304E+01 -0.17312572E+01
  0.18247643E+01 -0.17301374E+01
  0.18361981E+01 -0.17289239E+01
  0.18476320E+01 -0.17275957E+01
  0.18590659E+01 -0.17261382E+01
  0.18704997E+01 -0.17245435E+01
  0.18819336E+01 -0.17228107E+01
  0.18933675E+01 -0.17209462E+01
  0.19048013E+01 -0.17189625E+01
  0.19162352E+01 -0.17168781E+01
  0.19276691E+01 -0.17147168E+01
  0.19391029E+01 -0.17125066E+01
  0.19505368E+01 -0.17102792E+01
  0.19619707E+01 -0.17080691E+01
  0.19734045E+01 -0.17059127E+01
  0.19848384E+01 -0.17038468E+01
  0.19962723E+01 -0.17019061E+01
  0.20077061E+01 -0.17001195E+01
  0.20191400E+01 -0.16985051E+01
  0.20305739E+01 -0.16970650E+01
  0.20420078E+01 -0.16957810E+01
  0.20534416E+01 -0.16946101E+01
  0.20648755E+01 -0.16934797E+01
  0.20763094E+01 -0.16922818E+01
  0.20877432E+01 -0.16908719E+01
  0.20991771E+01 -0.16891034E+01
  0.21106110E+01 -0.16869157E+01
  0.21220448E+01 -0.16843987E+01
  0.21334787E+01 -0.16817365E+01
  0.21449126E+01 -0.16791108E+01
  0.21563464E+01 -0.16766632E+01
  0.21677803E+01 -0.16745017E+01
  0.21792142E+01 -0.16727203E+01
  0.21906480E+01 -0.16714146E+01
  0.22020819E+01 -0.16706861E+01
  0.22135158E+01 -0.16706213E+01
  0.22249496E+01 -0.16712482E+01
  0.22363835E+01 -0.16724997E+01
  0.22478174E+01 -0.16742245E+01
  0.22592512E+01 -0.16762253E+01
  0.22706851E+01 -0.16782869E+01
  0.22821190E+01 -0.16801895E+01
  0.22935528E+01 -0.16817341E+01
  0.23049867E+01 -0.16827942E+01
  0.23164206E+01 -0.16833552E+01
  0.23278544E+01 -0.16834940E+01
  0.23392883E+01 -0.16833218E+01
  0.23507222E+01 -0.16829435E+01
  0.23621560E+01 -0.16824444E+01
  0.23735899E+01 -0.16818909E+01
  0.23850238E+01 -0.16813340E+01
  0.23964576E+01 -0.16808111E+01
  0.24078915E+01 -0.16803476E+01
  0.24193254E+01 -0.16799573E+01
  0.24307592E+01 -0.16796427E+01
  0.24421931E+01 -0.16793969E+01
  0.24536270E+01 -0.16792053E+01
  0.24536270E+01 -0.18329945E+01
  0.24650774E+01 -0.18340740E+01
  0.24765279E+01 -0.18349818E+01
  0.24879784E+01 -0.18356859E+01
  0.24994288E+01 -0.18361683E+01
  0.25108793E+01 -0.18364442E+01
  0.25223297E+01 -0.18365684E+01
  0.25337802E+01 -0.18366105E+01
  0.25452307E+01 -0.18366264E+01
  0.25566811E+01 -0.18366508E+01
  0.25681316E+01 -0.18367029E+01
  0.25795821E+01 -0.18367937E+01
  0.25910325E+01 -0.18369306E+01
  0.26024830E+01 -0.18371191E+01
  0.26139334E+01 -0.18373642E+01
  0.26253839E+01 -0.18376704E+01
  0.26368344E+01 -0.18380415E+01
  0.26482848E+01 -0.18384801E+01
  0.26597353E+01 -0.18389868E+01
  0.26711858E+01 -0.18395587E+01
  0.26826362E+01 -0.18401894E+01
  0.26940867E+01 -0.18408723E+01
  0.27055371E+01 -0.18416133E+01
  0.27169876E+01 -0.18424371E+01
  0.27284381E+01 -0.18433759E+01
  0.27398885E+01 -0.18444525E+01
  0.27513390E+01 -0.18456733E+01
  0.27627894E+01 -0.18473347E+01
  0.27742399E+01 -0.18490803E+01
  0.27856904E+01 -0.18507941E+01
  0.27971408E+01 -0.18526085E+01
  0.28085913E+01 -0.18545461E+01
  0.28200418E+01 -0.18565888E+01
  0.28314922E+01 -0.18587123E+01
  0.28429427E+01 -0.18608939E+01
  0.28543931E+01 -0.18631133E+01
  0.28658436E+01 -0.18653522E+01
  0.28772941E+01 -0.18675940E+01
  0.28887445E+01 -0.18698230E+01
  0.29001950E+01 -0.18720249E+01
  0.29116455E+01 -0.18741857E+01
  0.29230959E+01 -0.18762924E+01
  0.29345464E+01 -0.18783326E+01
  0.29459968E+01 -0.18802947E+01
  0.29574473E+01 -0.18821682E+01
  0.29688978E+01 -0.18839434E+01
  0.29803482E+01 -0.18856117E+01
  0.29917987E+01 -0.18871658E+01
  0.30032492E+01 -0.18885994E+01
  0.30146996E+01 -0.18899075E+01
  0.30261501E+01 -0.18910863E+01
  0.30376005E+01 -0.18921328E+01
  0.30490510E+01 -0.18930453E+01
  0.30605015E+01 -0.18938229E+01
  
  0.00000000E+00 -0.18329945E+01
  0.11387322E-01 -0.18302020E+01
  0.22774645E-01 -0.18271643E+01
  0.34161967E-01 -0.18239101E+01
  0.45549290E-01 -0.18204644E+01
  0.56936612E-01 -0.18168482E+01
  0.68323934E-01 -0.18130784E+01
  0.79711257E-01 -0.18091673E+01
  0.91098579E-01 -0.18051234E+01
  0.10248590E+00 -0.18009511E+01
  0.11387322E+00 -0.17966520E+01
  0.12526055E+00 -0.17922256E+01
  0.13664787E+00 -0.17876710E+01
  0.14803519E+00 -0.17829888E+01
  0.15942251E+00 -0.17781829E+01
  0.17080984E+00 -0.17732622E+01
  0.18219716E+00 -0.17682419E+01
  0.19358448E+00 -0.17631436E+01
  0.20497180E+00 -0.17579947E+01
  0.21635913E+00 -0.17528269E+01
  0.22774645E+00 -0.17476745E+01
  0.23913377E+00 -0.17425722E+01
  0.25052109E+00 -0.17375529E+01
  0.26190842E+00 -0.17326462E+01
  0.27329574E+00 -0.17278771E+01
  0.28468306E+00 -0.17232651E+01
  0.29607038E+00 -0.17188240E+01
  0.30745770E+00 -0.17145620E+01
  0.31884503E+00 -0.17104818E+01
  0.33023235E+00 -0.17065816E+01
  0.34161967E+00 -0.17028557E+01
  0.35300699E+00 -0.16992954E+01
  0.36439432E+00 -0.16958907E+01
  0.37578164E+00 -0.16926315E+01
  0.38716896E+00 -0.16895100E+01
  0.39855628E+00 -0.16865232E+01
  0.40994361E+00 -0.16836776E+01
  0.42133093E+00 -0.16809945E+01
  0.43271825E+00 -0.16785173E+01
  0.44410557E+00 -0.16763159E+01
  0.45549290E+00 -0.16744825E+01
  0.46688022E+00 -0.16731076E+01
  0.47826754E+00 -0.16722403E+01
  0.48965486E+00 -0.16718643E+01
  0.50104219E+00 -0.16719128E+01
  0.51242951E+00 -0.16723032E+01
  0.52381683E+00 -0.16729609E+01
  0.53520415E+00 -0.16738249E+01
  0.54659148E+00 -0.16748434E+01
  0.55797880E+00 -0.16759648E+01
  0.56936612E+00 -0.16771291E+01
  0.58075344E+00 -0.16782573E+01
  0.59214076E+00 -0.16792378E+01
  0.60352809E+00 -0.16799108E+01
  0.61491541E+00 -0.16800651E+01
  0.62630273E+00 -0.16794895E+01
  0.63769005E+00 -0.16781039E+01
  0.64907738E+00 -0.16760468E+01
  0.66046470E+00 -0.16735817E+01
  0.67185202E+00 -0.16709537E+01
  0.68323934E+00 -0.16683357E+01
  0.69462667E+00 -0.16658378E+01
  0.70601399E+00 -0.16635276E+01
  0.71740131E+00 -0.16614447E+01
  0.72878863E+00 -0.16596073E+01
  0.74017596E+00 -0.16580153E+01
  0.75156328E+00 -0.16566526E+01
  0.76295060E+00 -0.16554908E+01
  0.77433792E+00 -0.16544938E+01
  0.78572525E+00 -0.16536230E+01
  0.79711257E+00 -0.16528413E+01
  0.80849989E+00 -0.16521154E+01
  0.81988721E+00 -0.16514166E+01
  0.83127454E+00 -0.16507207E+01
  0.84266186E+00 -0.16500067E+01
  0.85404918E+00 -0.16492554E+01
  0.86543650E+00 -0.16484476E+01
  0.87682383E+00 -0.16475625E+01
  0.88821115E+00 -0.16465751E+01
  0.89959847E+00 -0.16454552E+01
  0.91098579E+00 -0.16441655E+01
  0.92237311E+00 -0.16426620E+01
  0.93376044E+00 -0.16408976E+01
  0.94514776E+00 -0.16388294E+01
  0.95653508E+00 -0.16364306E+01
  0.96792240E+00 -0.16337030E+01
  0.97930973E+00 -0.16306836E+01
  0.99069705E+00 -0.16274439E+01
  0.10020844E+01 -0.16240818E+01
  0.10134717E+01 -0.16207152E+01
  0.10248590E+01 -0.16174791E+01
  0.10362463E+01 -0.16145266E+01
  0.10476337E+01 -0.16120255E+01
  0.10590210E+01 -0.16101366E+01
  0.10704083E+01 -0.16089632E+01
  0.10817956E+01 -0.16085078E+01
  0.10931830E+01 -0.16086838E+01
  0.11045703E+01 -0.16093694E+01
  0.11159576E+01 -0.16104523E+01
  0.11273449E+01 -0.16118438E+01
  0.11387322E+01 -0.16134777E+01
  0.11387322E+01 -0.18329945E+01
  0.11501661E+01 -0.18314011E+01
  0.11616000E+01 -0.18293258E+01
  0.11730338E+01 -0.18267849E+01
  0.11844677E+01 -0.18238067E+01
  0.11959016E+01 -0.18204268E+01
  0.12073354E+01 -0.18166850E+01
  0.12187693E+01 -0.18126225E+01
  0.12302032E+01 -0.18082816E+01
  0.12416370E+01 -0.18037037E+01
  0.12530709E+01 -0.17989302E+01
  0.12645048E+01 -0.17940016E+01
  0.12759386E+01 -0.17889573E+01
  0.12873725E+01 -0.17838360E+01
  0.12988064E+01 -0.17786751E+01
  0.13102402E+01 -0.17735103E+01
  0.13216741E+01 -0.17683756E+01
  0.13331080E+01 -0.17633025E+01
  0.13445419E+01 -0.17583200E+01
  0.13559757E+01 -0.17534536E+01
  0.13674096E+01 -0.17487251E+01
  0.13788435E+01 -0.17441523E+01
  0.13902773E+01 -0.17397478E+01
  0.14017112E+01 -0.17355194E+01
  0.14131451E+01 -0.17314691E+01
  0.14245789E+01 -0.17275928E+01
  0.14360128E+01 -0.17238804E+01
  0.14474467E+01 -0.17203151E+01
  0.14588805E+01 -0.17168742E+01
  0.14703144E+01 -0.17135291E+01
  0.14817483E+01 -0.17102465E+01
  0.14931821E+01 -0.17069905E+01
  0.15046160E+01 -0.17037267E+01
  0.15160499E+01 -0.17004277E+01
  0.15274837E+01 -0.16970828E+01
  0.15389176E+01 -0.16937113E+01
  0.15503515E+01 -0.16903787E+01
  0.15617853E+01 -0.16872106E+01
  0.15732192E+01 -0.16843890E+01
  0.15846531E+01 -0.16821046E+01
  0.15960869E+01 -0.16804677E+01
  0.16075208E+01 -0.16794506E+01
  0.16189547E+01 -0.16789255E+01
  0.16303885E+01 -0.16787450E+01
  0.16418224E+01 -0.16787915E+01
  0.16532563E+01 -0.16789854E+01
  0.16646901E+01 -0.16792774E+01
  0.16761240E+01 -0.16796368E+01
  0.16875579E+01 -0.16800428E+01
  0.16989917E+01 -0.16804795E+01
  0.17104256E+01 -0.16809318E+01
  0.17218595E+01 -0.16813848E+01
  0.17332933E+01 -0.16818241E+01
  0.17447272E+01 -0.16822356E+01
  0.17561611E+01 -0.16826073E+01
  0.17675949E+01 -0.16829293E+01
  0.17790288E+01 -0.16831947E+01
  0.17904627E+01 -0.16833990E+01
  0.18018965E+01 -0.16835403E+01
  0.18133304E+01 -0.16836187E+01
  0.18247643E+01 -0.16836359E+01
  0.18361981E+01 -0.16835943E+01
  0.18476320E+01 -0.16834971E+01
  0.18590659E+01 -0.16833473E+01
  0.18704997E+01 -0.16831477E+01
  0.18819336E+01 -0.16829003E+01
  0.18933675E+01 -0.16826062E+01
  0.19048013E+01 -0.16822650E+01
  0.19162352E+01 -0.16818745E+01
  0.19276691E+01 -0.16814300E+01
  0.19391029E+01 -0.16809243E+01
  0.19505368E+01 -0.16803467E+01
  0.19619707E+01 -0.16796827E+01
  0.19734045E+01 -0.16789139E+01
  0.19848384E+01 -0.16780184E+01
  0.19962723E+01 -0.16769724E+01
  0.20077061E+01 -0.16757529E+01
  0.20191400E+01 -0.16743414E+01
  0.20305739E+01 -0.16727269E+01
  0.20420078E+01 -0.16709085E+01
  0.20534416E+01 -0.16688949E+01
  0.20648755E+01 -0.16667021E+01
  0.20763094E+01 -0.16643524E+01
  0.20877432E+01 -0.16618740E+01
  0.20991771E+01 -0.16593058E+01
  0.21106110E+01 -0.16567061E+01
  0.21220448E+01 -0.16541678E+01
  0.21334787E+01 -0.16518386E+01
  0.21449126E+01 -0.16499284E+01
  0.21563464E+01 -0.16486648E+01
  0.21677803E+01 -0.16481600E+01
  0.21792142E+01 -0.16483068E+01
  0.21906480E+01 -0.16488424E+01
  0.22020819E+01 -0.16494797E+01
  0.22135158E+01 -0.16499833E+01
  0.22249496E+01 -0.16502109E+01
  0.22363835E+01 -0.16501315E+01
  0.22478174E+01 -0.16497987E+01
  0.22592512E+01 -0.16492988E+01
  0.22706851E+01 -0.16487126E+01
  0.22821190E+01 -0.16481031E+01
  0.22935528E+01 -0.16475162E+01
  0.23049867E+01 -0.16469862E+01
  0.23164206E+01 -0.16465401E+01
  0.23278544E+01 -0.16462001E+01
  0.23392883E+01 -0.16459839E+01
  0.23507222E+01 -0.16459008E+01
  0.23621560E+01 -0.16459476E+01
  0.23735899E+01 -0.16461064E+01
  0.23850238E+01 -0.16463477E+01
  0.23964576E+01 -0.16466376E+01
  0.24078915E+01 -0.16469461E+01
  0.24193254E+01 -0.16472510E+01
  0.24307592E+01 -0.16475387E+01
  0.24421931E+01 -0.16478024E+01
  0.24536270E+01 -0.16480396E+01
  0.24536270E+01 -0.18329945E+01
  0.24650774E+01 -0.18311622E+01
  0.24765279E+01 -0.18277638E+01
  0.24879784E+01 -0.18213197E+01
  0.24994288E+01 -0.18112997E+01
  0.25108793E+01 -0.17993032E+01
  0.25223297E+01 -0.17870098E+01
  0.25337802E+01 -0.17753593E+01
  0.25452307E+01 -0.17648656E+01
  0.25566811E+01 -0.17558391E+01
  0.25681316E+01 -0.17484795E+01
  0.25795821E+01 -0.17429199E+01
  0.25910325E+01 -0.17392553E+01
  0.26024830E+01 -0.17375606E+01
  0.26139334E+01 -0.17378947E+01
  0.26253839E+01 -0.17402886E+01
  0.26368344E+01 -0.17447238E+01
  0.26482848E+01 -0.17511104E+01
  0.26597353E+01 -0.17592788E+01
  0.26711858E+01 -0.17689871E+01
  0.26826362E+01 -0.17799384E+01
  0.26940867E+01 -0.17918000E+01
  0.27055371E+01 -0.18042155E+01
  0.27169876E+01 -0.18167967E+01
  0.27284381E+01 -0.18290338E+01
  0.27398885E+01 -0.18396098E+01
  0.27513390E+01 -0.18450573E+01
  0.27627894E+01 -0.18470241E+01
  0.27742399E+01 -0.18484590E+01
  0.27856904E+01 -0.18498899E+01
  0.27971408E+01 -0.18512115E+01
  0.28085913E+01 -0.18523316E+01
  0.28200418E+01 -0.18531414E+01
  0.28314922E+01 -0.18534805E+01
  0.28429427E+01 -0.18531178E+01
  0.28543931E+01 -0.18517405E+01
  0.28658436E+01 -0.18489648E+01
  0.28772941E+01 -0.18443872E+01
  0.28887445E+01 -0.18376766E+01
  0.29001950E+01 -0.18286551E+01
  0.29116455E+01 -0.18173120E+01
  0.29230959E+01 -0.18037567E+01
  0.29345464E+01 -0.17881580E+01
  0.29459968E+01 -0.17707041E+01
  0.29574473E+01 -0.17515847E+01
  0.29688978E+01 -0.17309862E+01
  0.29803482E+01 -0.17090946E+01
  0.29917987E+01 -0.16861067E+01
  0.30032492E+01 -0.16622625E+01
  0.30146996E+01 -0.16379717E+01
  0.30261501E+01 -0.16145608E+01
  0.30376005E+01 -0.15984152E+01
  0.30490510E+01 -0.15928619E+01
  0.30605015E+01 -0.15899674E+01
  
  0.00000000E+00 -0.16477576E+01
  0.11387322E-01 -0.16484117E+01
  0.22774645E-01 -0.16489765E+01
  0.34161967E-01 -0.16494469E+01
  0.45549290E-01 -0.16498194E+01
  0.56936612E-01 -0.16500915E+01
  0.68323934E-01 -0.16502630E+01
  0.79711257E-01 -0.16503359E+01
  0.91098579E-01 -0.16503140E+01
  0.10248590E+00 -0.16502041E+01
  0.11387322E+00 -0.16500146E+01
  0.12526055E+00 -0.16497564E+01
  0.13664787E+00 -0.16494415E+01
  0.14803519E+00 -0.16490832E+01
  0.15942251E+00 -0.16486954E+01
  0.17080984E+00 -0.16482921E+01
  0.18219716E+00 -0.16478866E+01
  0.19358448E+00 -0.16474918E+01
  0.20497180E+00 -0.16471197E+01
  0.21635913E+00 -0.16467812E+01
  0.22774645E+00 -0.16464865E+01
  0.23913377E+00 -0.16462443E+01
  0.25052109E+00 -0.16460628E+01
  0.26190842E+00 -0.16459489E+01
  0.27329574E+00 -0.16459085E+01
  0.28468306E+00 -0.16459465E+01
  0.29607038E+00 -0.16460662E+01
  0.30745770E+00 -0.16462694E+01
  0.31884503E+00 -0.16465560E+01
  0.33023235E+00 -0.16469238E+01
  0.34161967E+00 -0.16473675E+01
  0.35300699E+00 -0.16478785E+01
  0.36439432E+00 -0.16484440E+01
  0.37578164E+00 -0.16490456E+01
  0.38716896E+00 -0.16496580E+01
  0.39855628E+00 -0.16502466E+01
  0.40994361E+00 -0.16507642E+01
  0.42133093E+00 -0.16511465E+01
  0.43271825E+00 -0.16513076E+01
  0.44410557E+00 -0.16511371E+01
  0.45549290E+00 -0.16505079E+01
  0.46688022E+00 -0.16493043E+01
  0.47826754E+00 -0.16474657E+01
  0.48965486E+00 -0.16450142E+01
  0.50104219E+00 -0.16420433E+01
  0.51242951E+00 -0.16386857E+01
  0.52381683E+00 -0.16350905E+01
  0.53520415E+00 -0.16314237E+01
  0.54659148E+00 -0.16279006E+01
  0.55797880E+00 -0.16249003E+01
  0.56936612E+00 -0.16230026E+01
  0.58075344E+00 -0.16222434E+01
  0.59214076E+00 -0.16221271E+01
  0.60352809E+00 -0.16223682E+01
  0.61491541E+00 -0.16228429E+01
  0.62630273E+00 -0.16234716E+01
  0.63769005E+00 -0.16241848E+01
  0.64907738E+00 -0.16249169E+01
  0.66046470E+00 -0.16256070E+01
  0.67185202E+00 -0.16261989E+01
  0.68323934E+00 -0.16266419E+01
  0.69462667E+00 -0.16268913E+01
  0.70601399E+00 -0.16269099E+01
  0.71740131E+00 -0.16266700E+01
  0.72878863E+00 -0.16261560E+01
  0.74017596E+00 -0.16253669E+01
  0.75156328E+00 -0.16243169E+01
  0.76295060E+00 -0.16230329E+01
  0.77433792E+00 -0.16215508E+01
  0.78572525E+00 -0.16199106E+01
  0.79711257E+00 -0.16181521E+01
  0.80849989E+00 -0.16163124E+01
  0.81988721E+00 -0.16144246E+01
  0.83127454E+00 -0.16125175E+01
  0.84266186E+00 -0.16106162E+01
  0.85404918E+00 -0.16087425E+01
  0.86543650E+00 -0.16069153E+01
  0.87682383E+00 -0.16051515E+01
  0.88821115E+00 -0.16034660E+01
  0.89959847E+00 -0.16018725E+01
  0.91098579E+00 -0.16003830E+01
  0.92237311E+00 -0.15990080E+01
  0.93376044E+00 -0.15977564E+01
  0.94514776E+00 -0.15966353E+01
  0.95653508E+00 -0.15956489E+01
  0.96792240E+00 -0.15947980E+01
  0.97930973E+00 -0.15940788E+01
  0.99069705E+00 -0.15934804E+01
  0.10020844E+01 -0.15929822E+01
  0.10134717E+01 -0.15925495E+01
  0.10248590E+01 -0.15921273E+01
  0.10362463E+01 -0.15916354E+01
  0.10476337E+01 -0.15909694E+01
  0.10590210E+01 -0.15900238E+01
  0.10704083E+01 -0.15887423E+01
  0.10817956E+01 -0.15871619E+01
  0.10931830E+01 -0.15854028E+01
  0.11045703E+01 -0.15836135E+01
  0.11159576E+01 -0.15819270E+01
  0.11273449E+01 -0.15804464E+01
  0.11387322E+01 -0.15792452E+01
  0.11387322E+01 -0.16477576E+01
  0.11501661E+01 -0.16488164E+01
  0.11616000E+01 -0.16498272E+01
  0.11730338E+01 -0.16507849E+01
  0.11844677E+01 -0.16516855E+01
  0.11959016E+01 -0.16525258E+01
  0.12073354E+01 -0.16533033E+01
  0.12187693E+01 -0.16540164E+01
  0.12302032E+01 -0.16546637E+01
  0.12416370E+01 -0.16552445E+01
  0.12530709E+01 -0.16557584E+01
  0.12645048E+01 -0.16562053E+01
  0.12759386E+01 -0.16565851E+01
  0.12873725E+01 -0.16568982E+01
  0.12988064E+01 -0.16571451E+01
  0.13102402E+01 -0.16573266E+01
  0.13216741E+01 -0.16574439E+01
  0.13331080E+01 -0.16574985E+01
  0.13445419E+01 -0.16574929E+01
  0.13559757E+01 -0.16574304E+01
  0.13674096E+01 -0.16573156E+01
  0.13788435E+01 -0.16571549E+01
  0.13902773E+01 -0.16569565E+01
  0.14017112E+01 -0.16567317E+01
  0.14131451E+01 -0.16564945E+01
  0.14245789E+01 -0.16562629E+01
  0.14360128E+01 -0.16560587E+01
  0.14474467E+01 -0.16559072E+01
  0.14588805E+01 -0.16558360E+01
  0.14703144E+01 -0.16558713E+01
  0.14817483E+01 -0.16560333E+01
  0.14931821E+01 -0.16563283E+01
  0.15046160E+01 -0.16567426E+01
  0.15160499E+01 -0.16572371E+01
  0.15274837E+01 -0.16577459E+01
  0.15389176E+01 -0.16581755E+01
  0.15503515E+01 -0.16584045E+01
  0.15617853E+01 -0.16582853E+01
  0.15732192E+01 -0.16576634E+01
  0.15846531E+01 -0.16564345E+01
  0.15960869E+01 -0.16546316E+01
  0.16075208E+01 -0.16524546E+01
  0.16189547E+01 -0.16501733E+01
  0.16303885E+01 -0.16479848E+01
  0.16418224E+01 -0.16459525E+01
  0.16532563E+01 -0.16440383E+01
  0.16646901E+01 -0.16421616E+01
  0.16761240E+01 -0.16402389E+01
  0.16875579E+01 -0.16382011E+01
  0.16989917E+01 -0.16359989E+01
  0.17104256E+01 -0.16336027E+01
  0.17218595E+01 -0.16310009E+01
  0.17332933E+01 -0.16281980E+01
  0.17447272E+01 -0.16252122E+01
  0.17561611E+01 -0.16220761E+01
  0.17675949E+01 -0.16188389E+01
  0.17790288E+01 -0.16155796E+01
  0.17904627E+01 -0.16124428E+01
  0.18018965E+01 -0.16097217E+01
  0.18133304E+01 -0.16078769E+01
  0.18247643E+01 -0.16070687E+01
  0.18361981E+01 -0.16069304E+01
  0.18476320E+01 -0.16071214E+01
  0.18590659E+01 -0.16074815E+01
  0.18704997E+01 -0.16079418E+01
  0.18819336E+01 -0.16084711E+01
  0.18933675E+01 -0.16090543E+01
  0.19048013E+01 -0.16096841E+01
  0.19162352E+01 -0.16103568E+01
  0.19276691E+01 -0.16110715E+01
  0.19391029E+01 -0.16118281E+01
  0.19505368E+01 -0.16126273E+01
  0.19619707E+01 -0.16134703E+01
  0.19734045E+01 -0.16143584E+01
  0.19848384E+01 -0.16152928E+01
  0.19962723E+01 -0.16162745E+01
  0.20077061E+01 -0.16173039E+01
  0.20191400E+01 -0.16183811E+01
  0.20305739E+01 -0.16195052E+01
  0.20420078E+01 -0.16206743E+01
  0.20534416E+01 -0.16218846E+01
  0.20648755E+01 -0.16231297E+01
  0.20763094E+01 -0.16243994E+01
  0.20877432E+01 -0.16256767E+01
  0.20991771E+01 -0.16269337E+01
  0.21106110E+01 -0.16281246E+01
  0.21220448E+01 -0.16291737E+01
  0.21334787E+01 -0.16299610E+01
  0.21449126E+01 -0.16303162E+01
  0.21563464E+01 -0.16300655E+01
  0.21677803E+01 -0.16291596E+01
  0.21792142E+01 -0.16277681E+01
  0.21906480E+01 -0.16261991E+01
  0.22020819E+01 -0.16247541E+01
  0.22135158E+01 -0.16236524E+01
  0.22249496E+01 -0.16230136E+01
  0.22363835E+01 -0.16228660E+01
  0.22478174E+01 -0.16231678E+01
  0.22592512E+01 -0.16238357E+01
  0.22706851E+01 -0.16247697E+01
  0.22821190E+01 -0.16258705E+01
  0.22935528E+01 -0.16270465E+01
  0.23049867E+01 -0.16282155E+01
  0.23164206E+01 -0.16293033E+01
  0.23278544E+01 -0.16302424E+01
  0.23392883E+01 -0.16309719E+01
  0.23507222E+01 -0.16314410E+01
  0.23621560E+01 -0.16316137E+01
  0.23735899E+01 -0.16314717E+01
  0.23850238E+01 -0.16310127E+01
  0.23964576E+01 -0.16302448E+01
  0.24078915E+01 -0.16291805E+01
  0.24193254E+01 -0.16278332E+01
  0.24307592E+01 -0.16262174E+01
  0.24421931E+01 -0.16243493E+01
  0.24536270E+01 -0.16222478E+01
  0.24536270E+01 -0.16477576E+01
  0.24650774E+01 -0.16480558E+01
  0.24765279E+01 -0.16482292E+01
  0.24879784E+01 -0.16482752E+01
  0.24994288E+01 -0.16481920E+01
  0.25108793E+01 -0.16479783E+01
  0.25223297E+01 -0.16476332E+01
  0.25337802E+01 -0.16471563E+01
  0.25452307E+01 -0.16465477E+01
  0.25566811E+01 -0.16458082E+01
  0.25681316E+01 -0.16449394E+01
  0.25795821E+01 -0.16439434E+01
  0.25910325E+01 -0.16428238E+01
  0.26024830E+01 -0.16415851E+01
  0.26139334E+01 -0.16402330E+01
  0.26253839E+01 -0.16387745E+01
  0.26368344E+01 -0.16372178E+01
  0.26482848E+01 -0.16355715E+01
  0.26597353E+01 -0.16338449E+01
  0.26711858E+01 -0.16320472E+01
  0.26826362E+01 -0.16301872E+01
  0.26940867E+01 -0.16282737E+01
  0.27055371E+01 -0.16263154E+01
  0.27169876E+01 -0.16243221E+01
  0.27284381E+01 -0.16223051E+01
  0.27398885E+01 -0.16202774E+01
  0.27513390E+01 -0.16182535E+01
  0.27627894E+01 -0.16164856E+01
  0.27742399E+01 -0.16149997E+01
  0.27856904E+01 -0.16135818E+01
  0.27971408E+01 -0.16122479E+01
  0.28085913E+01 -0.16110104E+01
  0.28200418E+01 -0.16098779E+01
  0.28314922E+01 -0.16088550E+01
  0.28429427E+01 -0.16079415E+01
  0.28543931E+01 -0.16071327E+01
  0.28658436E+01 -0.16064184E+01
  0.28772941E+01 -0.16057832E+01
  0.28887445E+01 -0.16052069E+01
  0.29001950E+01 -0.16046651E+01
  0.29116455E+01 -0.16041302E+01
  0.29230959E+01 -0.16035736E+01
  0.29345464E+01 -0.16029661E+01
  0.29459968E+01 -0.16022799E+01
  0.29574473E+01 -0.16014891E+01
  0.29688978E+01 -0.16005696E+01
  0.29803482E+01 -0.15994990E+01
  0.29917987E+01 -0.15982540E+01
  0.30032492E+01 -0.15968068E+01
  0.30146996E+01 -0.15951249E+01
  0.30261501E+01 -0.15932649E+01
  0.30376005E+01 -0.15917260E+01
  0.30490510E+01 -0.15907274E+01
  0.30605015E+01 -0.15899674E+01
  
  0.00000000E+00 -0.16477576E+01
  0.11387322E-01 -0.16469226E+01
  0.22774645E-01 -0.16460521E+01
  0.34161967E-01 -0.16451438E+01
  0.45549290E-01 -0.16441946E+01
  0.56936612E-01 -0.16432009E+01
  0.68323934E-01 -0.16421586E+01
  0.79711257E-01 -0.16410629E+01
  0.91098579E-01 -0.16399091E+01
  0.10248590E+00 -0.16386926E+01
  0.11387322E+00 -0.16374091E+01
  0.12526055E+00 -0.16360555E+01
  0.13664787E+00 -0.16346300E+01
  0.14803519E+00 -0.16331331E+01
  0.15942251E+00 -0.16315679E+01
  0.17080984E+00 -0.16299402E+01
  0.18219716E+00 -0.16282593E+01
  0.19358448E+00 -0.16265377E+01
  0.20497180E+00 -0.16247912E+01
  0.21635913E+00 -0.16230385E+01
  0.22774645E+00 -0.16213009E+01
  0.23913377E+00 -0.16196019E+01
  0.25052109E+00 -0.16179665E+01
  0.26190842E+00 -0.16164204E+01
  0.27329574E+00 -0.16149896E+01
  0.28468306E+00 -0.16136992E+01
  0.29607038E+00 -0.16125724E+01
  0.30745770E+00 -0.16116299E+01
  0.31884503E+00 -0.16108888E+01
  0.33023235E+00 -0.16103615E+01
  0.34161967E+00 -0.16100551E+01
  0.35300699E+00 -0.16099707E+01
  0.36439432E+00 -0.16101031E+01
  0.37578164E+00 -0.16104407E+01
  0.38716896E+00 -0.16109657E+01
  0.39855628E+00 -0.16116542E+01
  0.40994361E+00 -0.16124774E+01
  0.42133093E+00 -0.16134016E+01
  0.43271825E+00 -0.16143900E+01
  0.44410557E+00 -0.16154030E+01
  0.45549290E+00 -0.16163995E+01
  0.46688022E+00 -0.16173385E+01
  0.47826754E+00 -0.16181801E+01
  0.48965486E+00 -0.16188882E+01
  0.50104219E+00 -0.16194320E+01
  0.51242951E+00 -0.16197879E+01
  0.52381683E+00 -0.16199390E+01
  0.53520415E+00 -0.16198643E+01
  0.54659148E+00 -0.16194970E+01
  0.55797880E+00 -0.16185968E+01
  0.56936612E+00 -0.16166931E+01
  0.58075344E+00 -0.16138128E+01
  0.59214076E+00 -0.16104623E+01
  0.60352809E+00 -0.16068948E+01
  0.61491541E+00 -0.16031753E+01
  0.62630273E+00 -0.15993163E+01
  0.63769005E+00 -0.15953249E+01
  0.64907738E+00 -0.15912148E+01
  0.66046470E+00 -0.15870093E+01
  0.67185202E+00 -0.15827390E+01
  0.68323934E+00 -0.15784400E+01
  0.69462667E+00 -0.15741514E+01
  0.70601399E+00 -0.15699132E+01
  0.71740131E+00 -0.15657649E+01
  0.72878863E+00 -0.15617432E+01
  0.74017596E+00 -0.15578813E+01
  0.75156328E+00 -0.15542072E+01
  0.76295060E+00 -0.15507424E+01
  0.77433792E+00 -0.15475015E+01
  0.78572525E+00 -0.15444917E+01
  0.79711257E+00 -0.15417132E+01
  0.80849989E+00 -0.15391602E+01
  0.81988721E+00 -0.15368219E+01
  0.83127454E+00 -0.15346846E+01
  0.84266186E+00 -0.15327328E+01
  0.85404918E+00 -0.15309506E+01
  0.86543650E+00 -0.15293226E+01
  0.87682383E+00 -0.15278346E+01
  0.88821115E+00 -0.15264736E+01
  0.89959847E+00 -0.15252282E+01
  0.91098579E+00 -0.15240884E+01
  0.92237311E+00 -0.15230455E+01
  0.93376044E+00 -0.15220919E+01
  0.94514776E+00 -0.15212213E+01
  0.95653508E+00 -0.15204282E+01
  0.96792240E+00 -0.15197080E+01
  0.97930973E+00 -0.15190573E+01
  0.99069705E+00 -0.15184736E+01
  0.10020844E+01 -0.15179555E+01
  0.10134717E+01 -0.15175029E+01
  0.10248590E+01 -0.15171170E+01
  0.10362463E+01 -0.15168004E+01
  0.10476337E+01 -0.15165571E+01
  0.10590210E+01 -0.15163921E+01
  0.10704083E+01 -0.15163119E+01
  0.10817956E+01 -0.15163229E+01
  0.10931830E+01 -0.15164320E+01
  0.11045703E+01 -0.15166447E+01
  0.11159576E+01 -0.15169651E+01
  0.11273449E+01 -0.15173948E+01
  0.11387322E+01 -0.15179326E+01
  0.11387322E+01 -0.16477576E+01
  0.11501661E+01 -0.16471165E+01
  0.11616000E+01 -0.16464474E+01
  0.11730338E+01 -0.16457515E+01
  0.11844677E+01 -0.16450308E+01
  0.11959016E+01 -0.16442885E+01
  0.12073354E+01 -0.16435288E+01
  0.12187693E+01 -0.16427568E+01
  0.12302032E+01 -0.16419790E+01
  0.12416370E+01 -0.16412025E+01
  0.12530709E+01 -0.16404357E+01
  0.12645048E+01 -0.16396877E+01
  0.12759386E+01 -0.16389681E+01
  0.12873725E+01 -0.16382873E+01
  0.12988064E+01 -0.16376559E+01
  0.13102402E+01 -0.16370845E+01
  0.13216741E+01 -0.16365835E+01
  0.13331080E+01 -0.16361627E+01
  0.13445419E+01 -0.16358311E+01
  0.13559757E+01 -0.16355963E+01
  0.13674096E+01 -0.16354638E+01
  0.13788435E+01 -0.16354369E+01
  0.13902773E+01 -0.16355155E+01
  0.14017112E+01 -0.16356956E+01
  0.14131451E+01 -0.16359680E+01
  0.14245789E+01 -0.16363177E+01
  0.14360128E+01 -0.16367230E+01
  0.14474467E+01 -0.16371549E+01
  0.14588805E+01 -0.16375779E+01
  0.14703144E+01 -0.16379517E+01
  0.14817483E+01 -0.16382356E+01
  0.14931821E+01 -0.16383937E+01
  0.15046160E+01 -0.16383990E+01
  0.15160499E+01 -0.16382350E+01
  0.15274837E+01 -0.16378923E+01
  0.15389176E+01 -0.16373620E+01
  0.15503515E+01 -0.16366264E+01
  0.15617853E+01 -0.16356508E+01
  0.15732192E+01 -0.16343747E+01
  0.15846531E+01 -0.16327066E+01
  0.15960869E+01 -0.16305295E+01
  0.16075208E+01 -0.16277330E+01
  0.16189547E+01 -0.16242775E+01
  0.16303885E+01 -0.16202651E+01
  0.16418224E+01 -0.16159613E+01
  0.16532563E+01 -0.16117524E+01
  0.16646901E+01 -0.16080534E+01
  0.16761240E+01 -0.16051731E+01
  0.16875579E+01 -0.16031975E+01
  0.16989917E+01 -0.16020022E+01
  0.17104256E+01 -0.16013752E+01
  0.17218595E+01 -0.16011222E+01
  0.17332933E+01 -0.16010998E+01
  0.17447272E+01 -0.16012106E+01
  0.17561611E+01 -0.16013854E+01
  0.17675949E+01 -0.16015656E+01
  0.17790288E+01 -0.16016801E+01
  0.17904627E+01 -0.16016023E+01
  0.18018965E+01 -0.16010626E+01
  0.18133304E+01 -0.15996269E+01
  0.18247643E+01 -0.15971627E+01
  0.18361981E+01 -0.15940649E+01
  0.18476320E+01 -0.15907016E+01
  0.18590659E+01 -0.15872607E+01
  0.18704997E+01 -0.15838374E+01
  0.18819336E+01 -0.15804891E+01
  0.18933675E+01 -0.15772558E+01
  0.19048013E+01 -0.15741690E+01
  0.19162352E+01 -0.15712550E+01
  0.19276691E+01 -0.15685366E+01
  0.19391029E+01 -0.15660333E+01
  0.19505368E+01 -0.15637615E+01
  0.19619707E+01 -0.15617346E+01
  0.19734045E+01 -0.15599623E+01
  0.19848384E+01 -0.15584503E+01
  0.19962723E+01 -0.15572010E+01
  0.20077061E+01 -0.15562133E+01
  0.20191400E+01 -0.15554847E+01
  0.20305739E+01 -0.15550137E+01
  0.20420078E+01 -0.15548012E+01
  0.20534416E+01 -0.15548521E+01
  0.20648755E+01 -0.15551722E+01
  0.20763094E+01 -0.15557629E+01
  0.20877432E+01 -0.15566144E+01
  0.20991771E+01 -0.15577029E+01
  0.21106110E+01 -0.15589900E+01
  0.21220448E+01 -0.15604253E+01
  0.21334787E+01 -0.15619474E+01
  0.21449126E+01 -0.15634845E+01
  0.21563464E+01 -0.15649539E+01
  0.21677803E+01 -0.15662630E+01
  0.21792142E+01 -0.15673121E+01
  0.21906480E+01 -0.15680033E+01
  0.22020819E+01 -0.15682556E+01
  0.22135158E+01 -0.15680242E+01
  0.22249496E+01 -0.15673166E+01
  0.22363835E+01 -0.15661941E+01
  0.22478174E+01 -0.15647555E+01
  0.22592512E+01 -0.15631099E+01
  0.22706851E+01 -0.15613534E+01
  0.22821190E+01 -0.15595560E+01
  0.22935528E+01 -0.15577608E+01
  0.23049867E+01 -0.15559889E+01
  0.23164206E+01 -0.15542469E+01
  0.23278544E+01 -0.15525326E+01
  0.23392883E+01 -0.15508405E+01
  0.23507222E+01 -0.15491637E+01
  0.23621560E+01 -0.15474958E+01
  0.23735899E+01 -0.15458316E+01
  0.23850238E+01 -0.15441677E+01
  0.23964576E+01 -0.15425018E+01
  0.24078915E+01 -0.15408335E+01
  0.24193254E+01 -0.15391634E+01
  0.24307592E+01 -0.15374937E+01
  0.24421931E+01 -0.15358275E+01
  0.24536270E+01 -0.15341687E+01
  0.24536270E+01 -0.16477576E+01
  0.24650774E+01 -0.16467716E+01
  0.24765279E+01 -0.16455699E+01
  0.24879784E+01 -0.16441523E+01
  0.24994288E+01 -0.16425282E+01
  0.25108793E+01 -0.16407215E+01
  0.25223297E+01 -0.16387758E+01
  0.25337802E+01 -0.16367590E+01
  0.25452307E+01 -0.16347652E+01
  0.25566811E+01 -0.16329090E+01
  0.25681316E+01 -0.16313103E+01
  0.25795821E+01 -0.16300688E+01
  0.25910325E+01 -0.16292348E+01
  0.26024830E+01 -0.16287879E+01
  0.26139334E+01 -0.16286345E+01
  0.26253839E+01 -0.16286294E+01
  0.26368344E+01 -0.16286138E+01
  0.26482848E+01 -0.16284540E+01
  0.26597353E+01 -0.16280646E+01
  0.26711858E+01 -0.16274123E+01
  0.26826362E+01 -0.16265048E+01
  0.26940867E+01 -0.16253759E+01
  0.27055371E+01 -0.16240716E+01
  0.27169876E+01 -0.16226406E+01
  0.27284381E+01 -0.16211287E+01
  0.27398885E+01 -0.16195767E+01
  0.27513390E+01 -0.16180193E+01
  0.27627894E+01 -0.16162489E+01
  0.27742399E+01 -0.16142792E+01
  0.27856904E+01 -0.16123592E+01
  0.27971408E+01 -0.16105030E+01
  0.28085913E+01 -0.16087226E+01
  0.28200418E+01 -0.16070285E+01
  0.28314922E+01 -0.16054288E+01
  0.28429427E+01 -0.16039295E+01
  0.28543931E+01 -0.16025341E+01
  0.28658436E+01 -0.16012438E+01
  0.28772941E+01 -0.16000574E+01
  0.28887445E+01 -0.15989716E+01
  0.29001950E+01 -0.15979810E+01
  0.29116455E+01 -0.15970783E+01
  0.29230959E+01 -0.15962548E+01
  0.29345464E+01 -0.15955003E+01
  0.29459968E+01 -0.15948032E+01
  0.29574473E+01 -0.15941506E+01
  0.29688978E+01 -0.15935275E+01
  0.29803482E+01 -0.15929155E+01
  0.29917987E+01 -0.15922871E+01
  0.30032492E+01 -0.15915897E+01
  0.30146996E+01 -0.15906893E+01
  0.30261501E+01 -0.15895316E+01
  0.30376005E+01 -0.15894168E+01
  0.30490510E+01 -0.15896696E+01
  0.30605015E+01 -0.15899674E+01
  
  0.00000000E+00 -0.15020338E+01
  0.11387322E-01 -0.15016401E+01
  0.22774645E-01 -0.15012490E+01
  0.34161967E-01 -0.15008620E+01
  0.45549290E-01 -0.15004807E+01
  0.56936612E-01 -0.15001070E+01
  0.68323934E-01 -0.14997433E+01
  0.79711257E-01 -0.14993924E+01
  0.91098579E-01 -0.14990576E+01
  0.10248590E+00 -0.14987426E+01
  0.11387322E+00 -0.14984516E+01
  0.12526055E+00 -0.14981895E+01
  0.13664787E+00 -0.14979612E+01
  0.14803519E+00 -0.14977725E+01
  0.15942251E+00 -0.14976290E+01
  0.17080984E+00 -0.14975368E+01
  0.18219716E+00 -0.14975018E+01
  0.19358448E+00 -0.14975298E+01
  0.20497180E+00 -0.14976263E+01
  0.21635913E+00 -0.14977963E+01
  0.22774645E+00 -0.14980441E+01
  0.23913377E+00 -0.14983730E+01
  0.25052109E+00 -0.14987858E+01
  0.26190842E+00 -0.14992839E+01
  0.27329574E+00 -0.14998684E+01
  0.28468306E+00 -0.15005395E+01
  0.29607038E+00 -0.15012970E+01
  0.30745770E+00 -0.15021412E+01
  0.31884503E+00 -0.15030729E+01
  0.33023235E+00 -0.15040942E+01
  0.34161967E+00 -0.15052096E+01
  0.35300699E+00 -0.15064258E+01
  0.36439432E+00 -0.15077526E+01
  0.37578164E+00 -0.15092018E+01
  0.38716896E+00 -0.15107861E+01
  0.39855628E+00 -0.15125152E+01
  0.40994361E+00 -0.15143922E+01
  0.42133093E+00 -0.15164080E+01
  0.43271825E+00 -0.15185378E+01
  0.44410557E+00 -0.15207393E+01
  0.45549290E+00 -0.15229529E+01
  0.46688022E+00 -0.15251019E+01
  0.47826754E+00 -0.15270932E+01
  0.48965486E+00 -0.15288160E+01
  0.50104219E+00 -0.15301402E+01
  0.51242951E+00 -0.15309146E+01
  0.52381683E+00 -0.15309670E+01
  0.53520415E+00 -0.15301087E+01
  0.54659148E+00 -0.15281465E+01
  0.55797880E+00 -0.15249047E+01
  0.56936612E+00 -0.15202633E+01
  0.58075344E+00 -0.15144905E+01
  0.59214076E+00 -0.15129100E+01
  0.60352809E+00 -0.15129409E+01
  0.61491541E+00 -0.15129416E+01
  0.62630273E+00 -0.15128516E+01
  0.63769005E+00 -0.15126562E+01
  0.64907738E+00 -0.15123474E+01
  0.66046470E+00 -0.15119188E+01
  0.67185202E+00 -0.15113649E+01
  0.68323934E+00 -0.15106804E+01
  0.69462667E+00 -0.15098605E+01
  0.70601399E+00 -0.15089011E+01
  0.71740131E+00 -0.15077992E+01
  0.72878863E+00 -0.15065537E+01
  0.74017596E+00 -0.15051660E+01
  0.75156328E+00 -0.15036408E+01
  0.76295060E+00 -0.15019874E+01
  0.77433792E+00 -0.15002198E+01
  0.78572525E+00 -0.14983570E+01
  0.79711257E+00 -0.14964228E+01
  0.80849989E+00 -0.14944447E+01
  0.81988721E+00 -0.14924528E+01
  0.83127454E+00 -0.14904775E+01
  0.84266186E+00 -0.14885491E+01
  0.85404918E+00 -0.14866957E+01
  0.86543650E+00 -0.14849424E+01
  0.87682383E+00 -0.14833112E+01
  0.88821115E+00 -0.14818200E+01
  0.89959847E+00 -0.14804833E+01
  0.91098579E+00 -0.14793117E+01
  0.92237311E+00 -0.14783123E+01
  0.93376044E+00 -0.14774887E+01
  0.94514776E+00 -0.14768417E+01
  0.95653508E+00 -0.14763688E+01
  0.96792240E+00 -0.14760650E+01
  0.97930973E+00 -0.14759223E+01
  0.99069705E+00 -0.14759305E+01
  0.10020844E+01 -0.14760767E+01
  0.10134717E+01 -0.14763457E+01
  0.10248590E+01 -0.14767198E+01
  0.10362463E+01 -0.14771792E+01
  0.10476337E+01 -0.14777021E+01
  0.10590210E+01 -0.14782648E+01
  0.10704083E+01 -0.14788426E+01
  0.10817956E+01 -0.14794100E+01
  0.10931830E+01 -0.14799422E+01
  0.11045703E+01 -0.14804164E+01
  0.11159576E+01 -0.14808126E+01
  0.11273449E+01 -0.14811160E+01
  0.11387322E+01 -0.14813175E+01
  0.11387322E+01 -0.15020338E+01
  0.11501661E+01 -0.15014310E+01
  0.11616000E+01 -0.15009213E+01
  0.11730338E+01 -0.15005205E+01
  0.11844677E+01 -0.15002393E+01
  0.11959016E+01 -0.15000855E+01
  0.12073354E+01 -0.15000653E+01
  0.12187693E+01 -0.15001836E+01
  0.12302032E+01 -0.15004442E+01
  0.12416370E+01 -0.15008503E+01
  0.12530709E+01 -0.15014042E+01
  0.12645048E+01 -0.15021073E+01
  0.12759386E+01 -0.15029603E+01
  0.12873725E+01 -0.15039635E+01
  0.12988064E+01 -0.15051160E+01
  0.13102402E+01 -0.15064165E+01
  0.13216741E+01 -0.15078629E+01
  0.13331080E+01 -0.15094527E+01
  0.13445419E+01 -0.15111824E+01
  0.13559757E+01 -0.15130483E+01
  0.13674096E+01 -0.15150459E+01
  0.13788435E+01 -0.15171704E+01
  0.13902773E+01 -0.15194163E+01
  0.14017112E+01 -0.15217777E+01
  0.14131451E+01 -0.15242483E+01
  0.14245789E+01 -0.15268208E+01
  0.14360128E+01 -0.15294876E+01
  0.14474467E+01 -0.15322402E+01
  0.14588805E+01 -0.15350687E+01
  0.14703144E+01 -0.15379622E+01
  0.14817483E+01 -0.15409083E+01
  0.14931821E+01 -0.15438924E+01
  0.15046160E+01 -0.15468980E+01
  0.15160499E+01 -0.15499059E+01
  0.15274837E+01 -0.15528944E+01
  0.15389176E+01 -0.15558386E+01
  0.15503515E+01 -0.15587102E+01
  0.15617853E+01 -0.15614771E+01
  0.15732192E+01 -0.15641029E+01
  0.15846531E+01 -0.15665454E+01
  0.15960869E+01 -0.15687546E+01
  0.16075208E+01 -0.15706689E+01
  0.16189547E+01 -0.15722091E+01
  0.16303885E+01 -0.15732690E+01
  0.16418224E+01 -0.15737069E+01
  0.16532563E+01 -0.15733474E+01
  0.16646901E+01 -0.15720247E+01
  0.16761240E+01 -0.15696853E+01
  0.16875579E+01 -0.15664873E+01
  0.16989917E+01 -0.15627737E+01
  0.17104256E+01 -0.15589316E+01
  0.17218595E+01 -0.15552724E+01
  0.17332933E+01 -0.15519905E+01
  0.17447272E+01 -0.15491748E+01
  0.17561611E+01 -0.15468389E+01
  0.17675949E+01 -0.15449524E+01
  0.17790288E+01 -0.15434642E+01
  0.17904627E+01 -0.15423174E+01
  0.18018965E+01 -0.15414578E+01
  0.18133304E+01 -0.15408374E+01
  0.18247643E+01 -0.15404148E+01
  0.18361981E+01 -0.15401555E+01
  0.18476320E+01 -0.15400305E+01
  0.18590659E+01 -0.15400157E+01
  0.18704997E+01 -0.15400904E+01
  0.18819336E+01 -0.15402372E+01
  0.18933675E+01 -0.15404407E+01
  0.19048013E+01 -0.15406878E+01
  0.19162352E+01 -0.15409666E+01
  0.19276691E+01 -0.15412671E+01
  0.19391029E+01 -0.15415803E+01
  0.19505368E+01 -0.15418991E+01
  0.19619707E+01 -0.15422183E+01
  0.19734045E+01 -0.15425344E+01
  0.19848384E+01 -0.15428461E+01
  0.19962723E+01 -0.15431541E+01
  0.20077061E+01 -0.15434595E+01
  0.20191400E+01 -0.15437626E+01
  0.20305739E+01 -0.15440599E+01
  0.20420078E+01 -0.15443412E+01
  0.20534416E+01 -0.15445890E+01
  0.20648755E+01 -0.15447796E+01
  0.20763094E+01 -0.15448881E+01
  0.20877432E+01 -0.15448942E+01
  0.20991771E+01 -0.15447841E+01
  0.21106110E+01 -0.15445491E+01
  0.21220448E+01 -0.15441823E+01
  0.21334787E+01 -0.15436749E+01
  0.21449126E+01 -0.15430141E+01
  0.21563464E+01 -0.15421821E+01
  0.21677803E+01 -0.15411549E+01
  0.21792142E+01 -0.15399023E+01
  0.21906480E+01 -0.15383873E+01
  0.22020819E+01 -0.15365676E+01
  0.22135158E+01 -0.15343972E+01
  0.22249496E+01 -0.15318310E+01
  0.22363835E+01 -0.15288308E+01
  0.22478174E+01 -0.15253726E+01
  0.22592512E+01 -0.15214525E+01
  0.22706851E+01 -0.15170892E+01
  0.22821190E+01 -0.15123217E+01
  0.22935528E+01 -0.15072038E+01
  0.23049867E+01 -0.15017967E+01
  0.23164206E+01 -0.14961633E+01
  0.23278544E+01 -0.14903636E+01
  0.23392883E+01 -0.14844522E+01
  0.23507222E+01 -0.14784779E+01
  0.23621560E+01 -0.14724826E+01
  0.23735899E+01 -0.14665025E+01
  0.23850238E+01 -0.14605679E+01
  0.23964576E+01 -0.14547041E+01
  0.24078915E+01 -0.14489316E+01
  0.24193254E+01 -0.14432669E+01
  0.24307592E+01 -0.14377222E+01
  0.24421931E+01 -0.14323062E+01
  0.24536270E+01 -0.14270242E+01
  0.24536270E+01 -0.15020338E+01
  0.24650774E+01 -0.15032971E+01
  0.24765279E+01 -0.15047865E+01
  0.24879784E+01 -0.15064814E+01
  0.24994288E+01 -0.15083558E+01
  0.25108793E+01 -0.15103773E+01
  0.25223297E+01 -0.15125064E+01
  0.25337802E+01 -0.15146960E+01
  0.25452307E+01 -0.15168933E+01
  0.25566811E+01 -0.15190434E+01
  0.25681316E+01 -0.15210962E+01
  0.25795821E+01 -0.15230143E+01
  0.25910325E+01 -0.15247825E+01
  0.26024830E+01 -0.15264111E+01
  0.26139334E+01 -0.15279336E+01
  0.26253839E+01 -0.15293980E+01
  0.26368344E+01 -0.15308536E+01
  0.26482848E+01 -0.15323414E+01
  0.26597353E+01 -0.15338883E+01
  0.26711858E+01 -0.15355063E+01
  0.26826362E+01 -0.15371953E+01
  0.26940867E+01 -0.15389467E+01
  0.27055371E+01 -0.15407470E+01
  0.27169876E+01 -0.15425802E+01
  0.27284381E+01 -0.15444302E+01
  0.27398885E+01 -0.15462816E+01
  0.27513390E+01 -0.15481205E+01
  0.27627894E+01 -0.15507283E+01
  0.27742399E+01 -0.15540683E+01
  0.27856904E+01 -0.15573109E+01
  0.27971408E+01 -0.15604277E+01
  0.28085913E+01 -0.15633941E+01
  0.28200418E+01 -0.15661894E+01
  0.28314922E+01 -0.15687977E+01
  0.28429427E+01 -0.15712076E+01
  0.28543931E+01 -0.15734132E+01
  0.28658436E+01 -0.15754137E+01
  0.28772941E+01 -0.15772139E+01
  0.28887445E+01 -0.15788231E+01
  0.29001950E+01 -0.15802551E+01
  0.29116455E+01 -0.15815263E+01
  0.29230959E+01 -0.15826544E+01
  0.29345464E+01 -0.15836573E+01
  0.29459968E+01 -0.15845514E+01
  0.29574473E+01 -0.15853509E+01
  0.29688978E+01 -0.15860672E+01
  0.29803482E+01 -0.15867080E+01
  0.29917987E+01 -0.15872761E+01
  0.30032492E+01 -0.15877627E+01
  0.30146996E+01 -0.15881030E+01
  0.30261501E+01 -0.15875158E+01
  0.30376005E+01 -0.15868705E+01
  0.30490510E+01 -0.15883177E+01
  0.30605015E+01 -0.15899674E+01
  
  0.00000000E+00 -0.15020338E+01
  0.11387322E-01 -0.15008504E+01
  0.22774645E-01 -0.14996453E+01
  0.34161967E-01 -0.14984251E+01
  0.45549290E-01 -0.14971970E+01
  0.56936612E-01 -0.14959685E+01
  0.68323934E-01 -0.14947475E+01
  0.79711257E-01 -0.14935421E+01
  0.91098579E-01 -0.14923607E+01
  0.10248590E+00 -0.14912118E+01
  0.11387322E+00 -0.14901039E+01
  0.12526055E+00 -0.14890456E+01
  0.13664787E+00 -0.14880454E+01
  0.14803519E+00 -0.14871119E+01
  0.15942251E+00 -0.14862537E+01
  0.17080984E+00 -0.14854793E+01
  0.18219716E+00 -0.14847973E+01
  0.19358448E+00 -0.14842164E+01
  0.20497180E+00 -0.14837450E+01
  0.21635913E+00 -0.14833920E+01
  0.22774645E+00 -0.14831659E+01
  0.23913377E+00 -0.14830751E+01
  0.25052109E+00 -0.14831276E+01
  0.26190842E+00 -0.14833308E+01
  0.27329574E+00 -0.14836910E+01
  0.28468306E+00 -0.14842132E+01
  0.29607038E+00 -0.14849002E+01
  0.30745770E+00 -0.14857523E+01
  0.31884503E+00 -0.14867664E+01
  0.33023235E+00 -0.14879350E+01
  0.34161967E+00 -0.14892458E+01
  0.35300699E+00 -0.14906805E+01
  0.36439432E+00 -0.14922151E+01
  0.37578164E+00 -0.14938194E+01
  0.38716896E+00 -0.14954586E+01
  0.39855628E+00 -0.14970963E+01
  0.40994361E+00 -0.14986978E+01
  0.42133093E+00 -0.15002345E+01
  0.43271825E+00 -0.15016866E+01
  0.44410557E+00 -0.15030433E+01
  0.45549290E+00 -0.15043020E+01
  0.46688022E+00 -0.15054646E+01
  0.47826754E+00 -0.15065354E+01
  0.48965486E+00 -0.15075189E+01
  0.50104219E+00 -0.15084189E+01
  0.51242951E+00 -0.15092377E+01
  0.52381683E+00 -0.15099758E+01
  0.53520415E+00 -0.15106321E+01
  0.54659148E+00 -0.15112031E+01
  0.55797880E+00 -0.15116806E+01
  0.56936612E+00 -0.15120358E+01
  0.58075344E+00 -0.15119065E+01
  0.59214076E+00 -0.15059352E+01
  0.60352809E+00 -0.14967215E+01
  0.61491541E+00 -0.14859591E+01
  0.62630273E+00 -0.14737762E+01
  0.63769005E+00 -0.14602564E+01
  0.64907738E+00 -0.14454700E+01
  0.66046470E+00 -0.14294754E+01
  0.67185202E+00 -0.14123200E+01
  0.68323934E+00 -0.13940424E+01
  0.69462667E+00 -0.13746738E+01
  0.70601399E+00 -0.13542401E+01
  0.71740131E+00 -0.13327642E+01
  0.72878863E+00 -0.13102670E+01
  0.74017596E+00 -0.12867691E+01
  0.75156328E+00 -0.12622919E+01
  0.76295060E+00 -0.12368580E+01
  0.77433792E+00 -0.12104927E+01
  0.78572525E+00 -0.11832237E+01
  0.79711257E+00 -0.11550819E+01
  0.80849989E+00 -0.11261020E+01
  0.81988721E+00 -0.10963219E+01
  0.83127454E+00 -0.10657836E+01
  0.84266186E+00 -0.10345330E+01
  0.85404918E+00 -0.10026200E+01
  0.86543650E+00 -0.97009882E+00
  0.87682383E+00 -0.93702780E+00
  0.88821115E+00 -0.90346983E+00
  0.89959847E+00 -0.86949260E+00
  0.91098579E+00 -0.83516890E+00
  0.92237311E+00 -0.80057719E+00
  0.93376044E+00 -0.76580234E+00
  0.94514776E+00 -0.73093653E+00
  0.95653508E+00 -0.69608059E+00
  0.96792240E+00 -0.66134568E+00
  0.97930973E+00 -0.62685548E+00
  0.99069705E+00 -0.59274912E+00
  0.10020844E+01 -0.55918487E+00
  0.10134717E+01 -0.52634495E+00
  0.10248590E+01 -0.49444144E+00
  0.10362463E+01 -0.46372371E+00
  0.10476337E+01 -0.43448693E+00
  0.10590210E+01 -0.40708144E+00
  0.10704083E+01 -0.38192108E+00
  0.10817956E+01 -0.35948764E+00
  0.10931830E+01 -0.34032570E+00
  0.11045703E+01 -0.32502039E+00
  0.11159576E+01 -0.31415062E+00
  0.11273449E+01 -0.30821680E+00
  0.11387322E+01 -0.30755594E+00
  0.11387322E+01 -0.15020338E+01
  0.11501661E+01 -0.15010855E+01
  0.11616000E+01 -0.15001107E+01
  0.11730338E+01 -0.14991039E+01
  0.11844677E+01 -0.14980644E+01
  0.11959016E+01 -0.14969945E+01
  0.12073354E+01 -0.14958979E+01
  0.12187693E+01 -0.14947792E+01
  0.12302032E+01 -0.14936442E+01
  0.12416370E+01 -0.14924990E+01
  0.12530709E+01 -0.14913508E+01
  0.12645048E+01 -0.14902068E+01
  0.12759386E+01 -0.14890753E+01
  0.12873725E+01 -0.14879647E+01
  0.12988064E+01 -0.14868838E+01
  0.13102402E+01 -0.14858417E+01
  0.13216741E+01 -0.14848477E+01
  0.13331080E+01 -0.14839109E+01
  0.13445419E+01 -0.14830402E+01
  0.13559757E+01 -0.14822439E+01
  0.13674096E+01 -0.14815297E+01
  0.13788435E+01 -0.14809040E+01
  0.13902773E+01 -0.14803721E+01
  0.14017112E+01 -0.14799375E+01
  0.14131451E+01 -0.14796020E+01
  0.14245789E+01 -0.14793653E+01
  0.14360128E+01 -0.14792249E+01
  0.14474467E+01 -0.14791760E+01
  0.14588805E+01 -0.14792116E+01
  0.14703144E+01 -0.14793223E+01
  0.14817483E+01 -0.14794965E+01
  0.14931821E+01 -0.14797206E+01
  0.15046160E+01 -0.14799790E+01
  0.15160499E+01 -0.14802541E+01
  0.15274837E+01 -0.14805261E+01
  0.15389176E+01 -0.14807733E+01
  0.15503515E+01 -0.14809712E+01
  0.15617853E+01 -0.14810924E+01
  0.15732192E+01 -0.14811055E+01
  0.15846531E+01 -0.14809738E+01
  0.15960869E+01 -0.14806542E+01
  0.16075208E+01 -0.14800946E+01
  0.16189547E+01 -0.14792314E+01
  0.16303885E+01 -0.14779867E+01
  0.16418224E+01 -0.14762652E+01
  0.16532563E+01 -0.14739507E+01
  0.16646901E+01 -0.14709060E+01
  0.16761240E+01 -0.14669754E+01
  0.16875579E+01 -0.14619937E+01
  0.16989917E+01 -0.14558023E+01
  0.17104256E+01 -0.14482706E+01
  0.17218595E+01 -0.14393140E+01
  0.17332933E+01 -0.14289034E+01
  0.17447272E+01 -0.14170599E+01
  0.17561611E+01 -0.14038404E+01
  0.17675949E+01 -0.13893195E+01
  0.17790288E+01 -0.13735756E+01
  0.17904627E+01 -0.13566816E+01
  0.18018965E+01 -0.13387008E+01
  0.18133304E+01 -0.13196857E+01
  0.18247643E+01 -0.12996795E+01
  0.18361981E+01 -0.12787174E+01
  0.18476320E+01 -0.12568285E+01
  0.18590659E+01 -0.12340378E+01
  0.18704997E+01 -0.12103680E+01
  0.18819336E+01 -0.11858404E+01
  0.18933675E+01 -0.11604764E+01
  0.19048013E+01 -0.11342985E+01
  0.19162352E+01 -0.11073307E+01
  0.19276691E+01 -0.10795993E+01
  0.19391029E+01 -0.10511335E+01
  0.19505368E+01 -0.10219651E+01
  0.19619707E+01 -0.99212927E+00
  0.19734045E+01 -0.96166428E+00
  0.19848384E+01 -0.93061166E+00
  0.19962723E+01 -0.89901602E+00
  0.20077061E+01 -0.86692499E+00
  0.20191400E+01 -0.83438899E+00
  0.20305739E+01 -0.80146103E+00
  0.20420078E+01 -0.76819653E+00
  0.20534416E+01 -0.73465298E+00
  0.20648755E+01 -0.70088975E+00
  0.20763094E+01 -0.66696780E+00
  0.20877432E+01 -0.63294941E+00
  0.20991771E+01 -0.59889792E+00
  0.21106110E+01 -0.56487749E+00
  0.21220448E+01 -0.53095280E+00
  0.21334787E+01 -0.49718889E+00
  0.21449126E+01 -0.46365084E+00
  0.21563464E+01 -0.43040358E+00
  0.21677803E+01 -0.39751164E+00
  0.21792142E+01 -0.36503894E+00
  0.21906480E+01 -0.33304856E+00
  0.22020819E+01 -0.30160252E+00
  0.22135158E+01 -0.27076153E+00
  0.22249496E+01 -0.24058480E+00
  0.22363835E+01 -0.21112979E+00
  0.22478174E+01 -0.18245198E+00
  0.22592512E+01 -0.15460463E+00
  0.22706851E+01 -0.12763860E+00
  0.22821190E+01 -0.10160211E+00
  0.22935528E+01 -0.76540566E-01
  0.23049867E+01 -0.52496402E-01
  0.23164206E+01 -0.29509024E-01
  0.23278544E+01 -0.76148259E-02
  0.23392883E+01  0.13152598E-01
  0.23507222E+01  0.32761935E-01
  0.23621560E+01  0.51183085E-01
  0.23735899E+01  0.68385083E-01
  0.23850238E+01  0.84331976E-01
  0.23964576E+01  0.98974385E-01
  0.24078915E+01  0.11223099E+00
  0.24193254E+01  0.12394424E+00
  0.24307592E+01  0.13376435E+00
  0.24421931E+01  0.14083589E+00
  0.24536270E+01  0.14323540E+00
  0.24536270E+01 -0.15020338E+01
  0.24650774E+01 -0.15018431E+01
  0.24765279E+01 -0.15018192E+01
  0.24879784E+01 -0.15019606E+01
  0.24994288E+01 -0.15022644E+01
  0.25108793E+01 -0.15027269E+01
  0.25223297E+01 -0.15033433E+01
  0.25337802E+01 -0.15041080E+01
  0.25452307E+01 -0.15050151E+01
  0.25566811E+01 -0.15060593E+01
  0.25681316E+01 -0.15072362E+01
  0.25795821E+01 -0.15085439E+01
  0.25910325E+01 -0.15099836E+01
  0.26024830E+01 -0.15115614E+01
  0.26139334E+01 -0.15132881E+01
  0.26253839E+01 -0.15151781E+01
  0.26368344E+01 -0.15172480E+01
  0.26482848E+01 -0.15195123E+01
  0.26597353E+01 -0.15219799E+01
  0.26711858E+01 -0.15246517E+01
  0.26826362E+01 -0.15275184E+01
  0.26940867E+01 -0.15305612E+01
  0.27055371E+01 -0.15337535E+01
  0.27169876E+01 -0.15370626E+01
  0.27284381E+01 -0.15404523E+01
  0.27398885E+01 -0.15438848E+01
  0.27513390E+01 -0.15473223E+01
  0.27627894E+01 -0.15499349E+01
  0.27742399E+01 -0.15517150E+01
  0.27856904E+01 -0.15534531E+01
  0.27971408E+01 -0.15551440E+01
  0.28085913E+01 -0.15567845E+01
  0.28200418E+01 -0.15583737E+01
  0.28314922E+01 -0.15599127E+01
  0.28429427E+01 -0.15614046E+01
  0.28543931E+01 -0.15628542E+01
  0.28658436E+01 -0.15642682E+01
  0.28772941E+01 -0.15656542E+01
  0.28887445E+01 -0.15670211E+01
  0.29001950E+01 -0.15683781E+01
  0.29116455E+01 -0.15697349E+01
  0.29230959E+01 -0.15711005E+01
  0.29345464E+01 -0.15724833E+01
  0.29459968E+01 -0.15738904E+01
  0.29574473E+01 -0.15753273E+01
  0.29688978E+01 -0.15767968E+01
  0.29803482E+01 -0.15782994E+01
  0.29917987E+01 -0.15798309E+01
  0.30032492E+01 -0.15813788E+01
  0.30146996E+01 -0.15828978E+01
  0.30261501E+01 -0.15839714E+01
  0.30376005E+01 -0.15756774E+01
  0.30490510E+01 -0.15531407E+01
  0.30605015E+01 -0.15270130E+01
  
  0.00000000E+00 -0.18897091E+00
  0.11387322E-01 -0.18697810E+00
  0.22774645E-01 -0.18518034E+00
  0.34161967E-01 -0.18356906E+00
  0.45549290E-01 -0.18213188E+00
  0.56936612E-01 -0.18085274E+00
  0.68323934E-01 -0.17971195E+00
  0.79711257E-01 -0.17868640E+00
  0.91098579E-01 -0.17774961E+00
  0.10248590E+00 -0.17687194E+00
  0.11387322E+00 -0.17602068E+00
  0.12526055E+00 -0.17516033E+00
  0.13664787E+00 -0.17425271E+00
  0.14803519E+00 -0.17325725E+00
  0.15942251E+00 -0.17213128E+00
  0.17080984E+00 -0.17083034E+00
  0.18219716E+00 -0.16930850E+00
  0.19358448E+00 -0.16751884E+00
  0.20497180E+00 -0.16541387E+00
  0.21635913E+00 -0.16294598E+00
  0.22774645E+00 -0.16006807E+00
  0.23913377E+00 -0.15673404E+00
  0.25052109E+00 -0.15289940E+00
  0.26190842E+00 -0.14852191E+00
  0.27329574E+00 -0.14356210E+00
  0.28468306E+00 -0.13798393E+00
  0.29607038E+00 -0.13175530E+00
  0.30745770E+00 -0.12484853E+00
  0.31884503E+00 -0.11724083E+00
  0.33023235E+00 -0.10891462E+00
  0.34161967E+00 -0.99857803E-01
  0.35300699E+00 -0.90063933E-01
  0.36439432E+00 -0.79532288E-01
  0.37578164E+00 -0.68267841E-01
  0.38716896E+00 -0.56281146E-01
  0.39855628E+00 -0.43588142E-01
  0.40994361E+00 -0.30209892E-01
  0.42133093E+00 -0.16172263E-01
  0.43271825E+00 -0.15055686E-02
  0.44410557E+00  0.13755811E-01
  0.45549290E+00  0.29573827E-01
  0.46688022E+00  0.45907149E-01
  0.47826754E+00  0.62711552E-01
  0.48965486E+00  0.79940274E-01
  0.50104219E+00  0.97544354E-01
  0.51242951E+00  0.11547293E+00
  0.52381683E+00  0.13367354E+00
  0.53520415E+00  0.15209230E+00
  0.54659148E+00  0.17067421E+00
  0.55797880E+00  0.18936323E+00
  0.56936612E+00  0.20810250E+00
  0.58075344E+00  0.22683447E+00
  0.59214076E+00  0.24550095E+00
  0.60352809E+00  0.26404328E+00
  0.61491541E+00  0.28240235E+00
  0.62630273E+00  0.30051871E+00
  0.63769005E+00  0.31833261E+00
  0.64907738E+00  0.33578409E+00
  0.66046470E+00  0.35281304E+00
  0.67185202E+00  0.36935929E+00
  0.68323934E+00  0.38536267E+00
  0.69462667E+00  0.40076314E+00
  0.70601399E+00  0.41550088E+00
  0.71740131E+00  0.42951644E+00
  0.72878863E+00  0.44275090E+00
  0.74017596E+00  0.45514603E+00
  0.75156328E+00  0.46664453E+00
  0.76295060E+00  0.47719023E+00
  0.77433792E+00  0.48672841E+00
  0.78572525E+00  0.49520603E+00
  0.79711257E+00  0.50257216E+00
  0.80849989E+00  0.50877827E+00
  0.81988721E+00  0.51377870E+00
  0.83127454E+00  0.51753110E+00
  0.84266186E+00  0.51999693E+00
  0.85404918E+00  0.52114203E+00
  0.86543650E+00  0.52093717E+00
  0.87682383E+00  0.51935876E+00
  0.88821115E+00  0.51638955E+00
  0.89959847E+00  0.51201944E+00
  0.91098579E+00  0.50624636E+00
  0.92237311E+00  0.49907732E+00
  0.93376044E+00  0.49052954E+00
  0.94514776E+00  0.48063187E+00
  0.95653508E+00  0.46942644E+00
  0.96792240E+00  0.45697057E+00
  0.97930973E+00  0.44333933E+00
  0.99069705E+00  0.42862852E+00
  0.10020844E+01  0.41295851E+00
  0.10134717E+01  0.39647906E+00
  0.10248590E+01  0.37937524E+00
  0.10362463E+01  0.36187470E+00
  0.10476337E+01  0.34425613E+00
  0.10590210E+01  0.32685831E+00
  0.10704083E+01  0.31008835E+00
  0.10817956E+01  0.29442578E+00
  0.10931830E+01  0.28041715E+00
  0.11045703E+01  0.26865347E+00
  0.11159576E+01  0.25972320E+00
  0.11273449E+01  0.25413957E+00
  0.11387322E+01  0.25225548E+00
  0.11387322E+01 -0.18897091E+00
  0.11501661E+01 -0.18792160E+00
  0.11616000E+01 -0.18685311E+00
  0.11730338E+01 -0.18576067E+00
  0.11844677E+01 -0.18463629E+00
  0.11959016E+01 -0.18346890E+00
  0.12073354E+01 -0.18224448E+00
  0.12187693E+01 -0.18094620E+00
  0.12302032E+01 -0.17955460E+00
  0.12416370E+01 -0.17804775E+00
  0.12530709E+01 -0.17640150E+00
  0.12645048E+01 -0.17458966E+00
  0.12759386E+01 -0.17258427E+00
  0.12873725E+01 -0.17035592E+00
  0.12988064E+01 -0.16787398E+00
  0.13102402E+01 -0.16510699E+00
  0.13216741E+01 -0.16202302E+00
  0.13331080E+01 -0.15859003E+00
  0.13445419E+01 -0.15477630E+00
  0.13559757E+01 -0.15055087E+00
  0.13674096E+01 -0.14588396E+00
  0.13788435E+01 -0.14074741E+00
  0.13902773E+01 -0.13511512E+00
  0.14017112E+01 -0.12896347E+00
  0.14131451E+01 -0.12227173E+00
  0.14245789E+01 -0.11502235E+00
  0.14360128E+01 -0.10720135E+00
  0.14474467E+01 -0.98798498E-01
  0.14588805E+01 -0.89807542E-01
  0.14703144E+01 -0.80226313E-01
  0.14817483E+01 -0.70056781E-01
  0.14931821E+01 -0.59305047E-01
  0.15046160E+01 -0.47981263E-01
  0.15160499E+01 -0.36099501E-01
  0.15274837E+01 -0.23677570E-01
  0.15389176E+01 -0.10736785E-01
  0.15503515E+01  0.26982832E-02
  0.15617853E+01  0.16600097E-01
  0.15732192E+01  0.30938443E-01
  0.15846531E+01  0.45680736E-01
  0.15960869E+01  0.60792316E-01
  0.16075208E+01  0.76236745E-01
  0.16189547E+01  0.91976084E-01
  0.16303885E+01  0.10797116E+00
  0.16418224E+01  0.12418179E+00
  0.16532563E+01  0.14056706E+00
  0.16646901E+01  0.15708547E+00
  0.16761240E+01  0.17369516E+00
  0.16875579E+01  0.19035405E+00
  0.16989917E+01  0.20702001E+00
  0.17104256E+01  0.22365100E+00
  0.17218595E+01  0.24020516E+00
  0.17332933E+01  0.25664095E+00
  0.17447272E+01  0.27291723E+00
  0.17561611E+01  0.28899335E+00
  0.17675949E+01  0.30482927E+00
  0.17790288E+01  0.32038556E+00
  0.17904627E+01  0.33562358E+00
  0.18018965E+01  0.35050545E+00
  0.18133304E+01  0.36499419E+00
  0.18247643E+01  0.37905379E+00
  0.18361981E+01  0.39264925E+00
  0.18476320E+01  0.40574665E+00
  0.18590659E+01  0.41831329E+00
  0.18704997E+01  0.43031770E+00
  0.18819336E+01  0.44172974E+00
  0.18933675E+01  0.45252073E+00
  0.19048013E+01  0.46266346E+00
  0.19162352E+01  0.47213234E+00
  0.19276691E+01  0.48090349E+00
  0.19391029E+01  0.48895478E+00
  0.19505368E+01  0.49626600E+00
  0.19619707E+01  0.50281891E+00
  0.19734045E+01  0.50859735E+00
  0.19848384E+01  0.51358735E+00
  0.19962723E+01  0.51777717E+00
  0.20077061E+01  0.52115746E+00
  0.20191400E+01  0.52372129E+00
  0.20305739E+01  0.52546425E+00
  0.20420078E+01  0.52638449E+00
  0.20534416E+01  0.52648278E+00
  0.20648755E+01  0.52576257E+00
  0.20763094E+01  0.52422999E+00
  0.20877432E+01  0.52189382E+00
  0.20991771E+01  0.51876557E+00
  0.21106110E+01  0.51485934E+00
  0.21220448E+01  0.51019182E+00
  0.21334787E+01  0.50478218E+00
  0.21449126E+01  0.49865202E+00
  0.21563464E+01  0.49182515E+00
  0.21677803E+01  0.48432754E+00
  0.21792142E+01  0.47618706E+00
  0.21906480E+01  0.46743337E+00
  0.22020819E+01  0.45809763E+00
  0.22135158E+01  0.44821236E+00
  0.22249496E+01  0.43781113E+00
  0.22363835E+01  0.42692836E+00
  0.22478174E+01  0.41559908E+00
  0.22592512E+01  0.40385863E+00
  0.22706851E+01  0.39174251E+00
  0.22821190E+01  0.37928610E+00
  0.22935528E+01  0.36652449E+00
  0.23049867E+01  0.35349237E+00
  0.23164206E+01  0.34022396E+00
  0.23278544E+01  0.32675305E+00
  0.23392883E+01  0.31311327E+00
  0.23507222E+01  0.29933865E+00
  0.23621560E+01  0.28546471E+00
  0.23735899E+01  0.27153064E+00
  0.23850238E+01  0.25758342E+00
  0.23964576E+01  0.24368634E+00
  0.24078915E+01  0.22993757E+00
  0.24193254E+01  0.21651445E+00
  0.24307592E+01  0.20378957E+00
  0.24421931E+01  0.19264417E+00
  0.24536270E+01  0.18503056E+00
  0.24536270E+01 -0.18897091E+00
  0.24650774E+01 -0.19637984E+00
  0.24765279E+01 -0.20632548E+00
  0.24879784E+01 -0.21867993E+00
  0.24994288E+01 -0.23328812E+00
  0.25108793E+01 -0.24997011E+00
  0.25223297E+01 -0.26852419E+00
  0.25337802E+01 -0.28873092E+00
  0.25452307E+01 -0.31035802E+00
  0.25566811E+01 -0.33316609E+00
  0.25681316E+01 -0.35691496E+00
  0.25795821E+01 -0.38137059E+00
  0.25910325E+01 -0.40631199E+00
  0.26024830E+01 -0.43153792E+00
  0.26139334E+01 -0.45687286E+00
  0.26253839E+01 -0.48217178E+00
  0.26368344E+01 -0.50732329E+00
  0.26482848E+01 -0.53225104E+00
  0.26597353E+01 -0.55691302E+00
  0.26711858E+01 -0.58129925E+00
  0.26826362E+01 -0.60542785E+00
  0.26940867E+01 -0.62934021E+00
  0.27055371E+01 -0.65309557E+00
  0.27169876E+01 -0.67676558E+00
  0.27284381E+01 -0.70042928E+00
  0.27398885E+01 -0.72416863E+00
  0.27513390E+01 -0.74806488E+00
  0.27627894E+01 -0.77219561E+00
  0.27742399E+01 -0.79663266E+00
  0.27856904E+01 -0.82144055E+00
  0.27971408E+01 -0.84667546E+00
  0.28085913E+01 -0.87238454E+00
  0.28200418E+01 -0.89860546E+00
  0.28314922E+01 -0.92536617E+00
  0.28429427E+01 -0.95268463E+00
  0.28543931E+01 -0.98056870E+00
  0.28658436E+01 -0.10090160E+01
  0.28772941E+01 -0.10380137E+01
  0.28887445E+01 -0.10675386E+01
  0.29001950E+01 -0.10975568E+01
  0.29116455E+01 -0.11280238E+01
  0.29230959E+01 -0.11588848E+01
  0.29345464E+01 -0.11900743E+01
  0.29459968E+01 -0.12215172E+01
  0.29574473E+01 -0.12531284E+01
  0.29688978E+01 -0.12848140E+01
  0.29803482E+01 -0.13164713E+01
  0.29917987E+01 -0.13479903E+01
  0.30032492E+01 -0.13792537E+01
  0.30146996E+01 -0.14101375E+01
  0.30261501E+01 -0.14405107E+01
  0.30376005E+01 -0.14702323E+01
  0.30490510E+01 -0.14991408E+01
  0.30605015E+01 -0.15270130E+01
  
  0.00000000E+00  0.46885884E+01
  0.11387322E-01  0.46888718E+01
  0.22774645E-01  0.46897856E+01
  0.34161967E-01  0.46913342E+01
  0.45549290E-01  0.46935228E+01
  0.56936612E-01  0.46963568E+01
  0.68323934E-01  0.46998422E+01
  0.79711257E-01  0.47039853E+01
  0.91098579E-01  0.47087925E+01
  0.10248590E+00  0.47142705E+01
  0.11387322E+00  0.47204258E+01
  0.12526055E+00  0.47272647E+01
  0.13664787E+00  0.47347936E+01
  0.14803519E+00  0.47430181E+01
  0.15942251E+00  0.47519437E+01
  0.17080984E+00  0.47615752E+01
  0.18219716E+00  0.47719166E+01
  0.19358448E+00  0.47829712E+01
  0.20497180E+00  0.47947415E+01
  0.21635913E+00  0.48072289E+01
  0.22774645E+00  0.48204339E+01
  0.23913377E+00  0.48343558E+01
  0.25052109E+00  0.48489927E+01
  0.26190842E+00  0.48643415E+01
  0.27329574E+00  0.48803977E+01
  0.28468306E+00  0.48971556E+01
  0.29607038E+00  0.49146080E+01
  0.30745770E+00  0.49327462E+01
  0.31884503E+00  0.49515602E+01
  0.33023235E+00  0.49710384E+01
  0.34161967E+00  0.49911676E+01
  0.35300699E+00  0.50119331E+01
  0.36439432E+00  0.50333186E+01
  0.37578164E+00  0.50553061E+01
  0.38716896E+00  0.50778758E+01
  0.39855628E+00  0.51010063E+01
  0.40994361E+00  0.51246740E+01
  0.42133093E+00  0.51488536E+01
  0.43271825E+00  0.51735176E+01
  0.44410557E+00  0.51986361E+01
  0.45549290E+00  0.52241767E+01
  0.46688022E+00  0.52501045E+01
  0.47826754E+00  0.52763812E+01
  0.48965486E+00  0.53029654E+01
  0.50104219E+00  0.53298118E+01
  0.51242951E+00  0.53568707E+01
  0.52381683E+00  0.53840876E+01
  0.53520415E+00  0.54114022E+01
  0.54659148E+00  0.54387480E+01
  0.55797880E+00  0.54660505E+01
  0.56936612E+00  0.54932270E+01
  0.58075344E+00  0.55201844E+01
  0.59214076E+00  0.55468181E+01
  0.60352809E+00  0.55730100E+01
  0.61491541E+00  0.55986263E+01
  0.62630273E+00  0.56235158E+01
  0.63769005E+00  0.56475069E+01
  0.64907738E+00  0.56704058E+01
  0.66046470E+00  0.56919945E+01
  0.67185202E+00  0.57120296E+01
  0.68323934E+00  0.57302430E+01
  0.69462667E+00  0.57463448E+01
  0.70601399E+00  0.57600295E+01
  0.71740131E+00  0.57709880E+01
  0.72878863E+00  0.57789239E+01
  0.74017596E+00  0.57835763E+01
  0.75156328E+00  0.57847460E+01
  0.76295060E+00  0.57823217E+01
  0.77433792E+00  0.57763009E+01
  0.78572525E+00  0.57667998E+01
  0.79711257E+00  0.57540503E+01
  0.80849989E+00  0.57383820E+01
  0.81988721E+00  0.57201953E+01
  0.83127454E+00  0.56999307E+01
  0.84266186E+00  0.56780393E+01
  0.85404918E+00  0.56549595E+01
  0.86543650E+00  0.56311000E+01
  0.87682383E+00  0.56068306E+01
  0.88821115E+00  0.55824773E+01
  0.89959847E+00  0.55583220E+01
  0.91098579E+00  0.55346049E+01
  0.92237311E+00  0.55115271E+01
  0.93376044E+00  0.54892553E+01
  0.94514776E+00  0.54679251E+01
  0.95653508E+00  0.54476454E+01
  0.96792240E+00  0.54285016E+01
  0.97930973E+00  0.54105591E+01
  0.99069705E+00  0.53938660E+01
  0.10020844E+01  0.53784561E+01
  0.10134717E+01  0.53643507E+01
  0.10248590E+01  0.53515614E+01
  0.10362463E+01  0.53400914E+01
  0.10476337E+01  0.53299381E+01
  0.10590210E+01  0.53210938E+01
  0.10704083E+01  0.53135479E+01
  0.10817956E+01  0.53072881E+01
  0.10931830E+01  0.53023010E+01
  0.11045703E+01  0.52985741E+01
  0.11159576E+01  0.52960956E+01
  0.11273449E+01  0.52948557E+01
  0.11387322E+01  0.52948470E+01
  0.11387322E+01  0.46885884E+01
  0.11501661E+01  0.46893980E+01
  0.11616000E+01  0.46908471E+01
  0.11730338E+01  0.46929335E+01
  0.11844677E+01  0.46956558E+01
  0.11959016E+01  0.46990128E+01
  0.12073354E+01  0.47030041E+01
  0.12187693E+01  0.47076294E+01
  0.12302032E+01  0.47128891E+01
  0.12416370E+01  0.47187837E+01
  0.12530709E+01  0.47253143E+01
  0.12645048E+01  0.47324821E+01
  0.12759386E+01  0.47402886E+01
  0.12873725E+01  0.47487355E+01
  0.12988064E+01  0.47578245E+01
  0.13102402E+01  0.47675573E+01
  0.13216741E+01  0.47779357E+01
  0.13331080E+01  0.47889612E+01
  0.13445419E+01  0.48006353E+01
  0.13559757E+01  0.48129589E+01
  0.13674096E+01  0.48259327E+01
  0.13788435E+01  0.48395570E+01
  0.13902773E+01  0.48538314E+01
  0.14017112E+01  0.48687549E+01
  0.14131451E+01  0.48843259E+01
  0.14245789E+01  0.49005420E+01
  0.14360128E+01  0.49173998E+01
  0.14474467E+01  0.49348952E+01
  0.14588805E+01  0.49530229E+01
  0.14703144E+01  0.49717767E+01
  0.14817483E+01  0.49911492E+01
  0.14931821E+01  0.50111317E+01
  0.15046160E+01  0.50317144E+01
  0.15160499E+01  0.50528860E+01
  0.15274837E+01  0.50746339E+01
  0.15389176E+01  0.50969440E+01
  0.15503515E+01  0.51198005E+01
  0.15617853E+01  0.51431860E+01
  0.15732192E+01  0.51670812E+01
  0.15846531E+01  0.51914650E+01
  0.15960869E+01  0.52163141E+01
  0.16075208E+01  0.52416033E+01
  0.16189547E+01  0.52673046E+01
  0.16303885E+01  0.52933877E+01
  0.16418224E+01  0.53198193E+01
  0.16532563E+01  0.53465634E+01
  0.16646901E+01  0.53735804E+01
  0.16761240E+01  0.54008270E+01
  0.16875579E+01  0.54282564E+01
  0.16989917E+01  0.54558172E+01
  0.17104256E+01  0.54834534E+01
  0.17218595E+01  0.55111041E+01
  0.17332933E+01  0.55387031E+01
  0.17447272E+01  0.55661784E+01
  0.17561611E+01  0.55934521E+01
  0.17675949E+01  0.56204401E+01
  0.17790288E+01  0.56470520E+01
  0.17904627E+01  0.56731913E+01
  0.18018965E+01  0.56987559E+01
  0.18133304E+01  0.57236386E+01
  0.18247643E+01  0.57477285E+01
  0.18361981E+01  0.57709124E+01
  0.18476320E+01  0.57930775E+01
  0.18590659E+01  0.58141143E+01
  0.18704997E+01  0.58339199E+01
  0.18819336E+01  0.58524028E+01
  0.18933675E+01  0.58694869E+01
  0.19048013E+01  0.58851166E+01
  0.19162352E+01  0.58992608E+01
  0.19276691E+01  0.59119167E+01
  0.19391029E+01  0.59231118E+01
  0.19505368E+01  0.59329052E+01
  0.19619707E+01  0.59413860E+01
  0.19734045E+01  0.59486707E+01
  0.19848384E+01  0.59548994E+01
  0.19962723E+01  0.59602301E+01
  0.20077061E+01  0.59648331E+01
  0.20191400E+01  0.59688849E+01
  0.20305739E+01  0.59725630E+01
  0.20420078E+01  0.59760409E+01
  0.20534416E+01  0.59794840E+01
  0.20648755E+01  0.59830470E+01
  0.20763094E+01  0.59868712E+01
  0.20877432E+01  0.59910833E+01
  0.20991771E+01  0.59957950E+01
  0.21106110E+01  0.60011021E+01
  0.21220448E+01  0.60070852E+01
  0.21334787E+01  0.60138100E+01
  0.21449126E+01  0.60213277E+01
  0.21563464E+01  0.60296759E+01
  0.21677803E+01  0.60388791E+01
  0.21792142E+01  0.60489496E+01
  0.21906480E+01  0.60598881E+01
  0.22020819E+01  0.60716841E+01
  0.22135158E+01  0.60843162E+01
  0.22249496E+01  0.60977520E+01
  0.22363835E+01  0.61119479E+01
  0.22478174E+01  0.61268467E+01
  0.22592512E+01  0.61423736E+01
  0.22706851E+01  0.61584267E+01
  0.22821190E+01  0.61748517E+01
  0.22935528E+01  0.61913696E+01
  0.23049867E+01  0.62073336E+01
  0.23164206E+01  0.62208742E+01
  0.23278544E+01  0.62282465E+01
  0.23392883E+01  0.62301930E+01
  0.23507222E+01  0.62313222E+01
  0.23621560E+01  0.62336779E+01
  0.23735899E+01  0.62378805E+01
  0.23850238E+01  0.62441296E+01
  0.23964576E+01  0.62524669E+01
  0.24078915E+01  0.62628367E+01
  0.24193254E+01  0.62750724E+01
  0.24307592E+01  0.62888148E+01
  0.24421931E+01  0.63032777E+01
  0.24536270E+01  0.63165832E+01
  0.24536270E+01  0.46885884E+01
  0.24650774E+01  0.46872801E+01
  0.24765279E+01  0.46893251E+01
  0.24879784E+01  0.46947742E+01
  0.24994288E+01  0.47036707E+01
  0.25108793E+01  0.47160492E+01
  0.25223297E+01  0.47319335E+01
  0.25337802E+01  0.47513358E+01
  0.25452307E+01  0.47742553E+01
  0.25566811E+01  0.48006777E+01
  0.25681316E+01  0.48305741E+01
  0.25795821E+01  0.48639007E+01
  0.25910325E+01  0.49005990E+01
  0.26024830E+01  0.49405959E+01
  0.26139334E+01  0.49838045E+01
  0.26253839E+01  0.50301248E+01
  0.26368344E+01  0.50794451E+01
  0.26482848E+01  0.51316436E+01
  0.26597353E+01  0.51865897E+01
  0.26711858E+01  0.52441462E+01
  0.26826362E+01  0.53041710E+01
  0.26940867E+01  0.53665188E+01
  0.27055371E+01  0.54310431E+01
  0.27169876E+01  0.54975979E+01
  0.27284381E+01  0.55660389E+01
  0.27398885E+01  0.56362252E+01
  0.27513390E+01  0.57080201E+01
  0.27627894E+01  0.57812923E+01
  0.27742399E+01  0.58559161E+01
  0.27856904E+01  0.59317725E+01
  0.27971408E+01  0.60087488E+01
  0.28085913E+01  0.60867394E+01
  0.28200418E+01  0.61656452E+01
  0.28314922E+01  0.62453739E+01
  0.28429427E+01  0.63258394E+01
  0.28543931E+01  0.64069620E+01
  0.28658436E+01  0.64886676E+01
  0.28772941E+01  0.65708877E+01
  0.28887445E+01  0.66535592E+01
  0.29001950E+01  0.67366236E+01
  0.29116455E+01  0.68200274E+01
  0.29230959E+01  0.69037213E+01
  0.29345464E+01  0.69876607E+01
  0.29459968E+01  0.70718049E+01
  0.29574473E+01  0.71561174E+01
  0.29688978E+01  0.72405662E+01
  0.29803482E+01  0.73251231E+01
  0.29917987E+01  0.74097645E+01
  0.30032492E+01  0.74944710E+01
  0.30146996E+01  0.75792277E+01
  0.30261501E+01  0.76640241E+01
  0.30376005E+01  0.77488542E+01
  0.30490510E+01  0.78337169E+01
  0.30605015E+01  0.79186151E+01
  
  0.00000000E+00  0.10715069E+02
  0.11387322E-01  0.10710728E+02
  0.22774645E-01  0.10704013E+02
  0.34161967E-01  0.10694575E+02
  0.45549290E-01  0.10682144E+02
  0.56936612E-01  0.10666555E+02
  0.68323934E-01  0.10647734E+02
  0.79711257E-01  0.10625660E+02
  0.91098579E-01  0.10600350E+02
  0.10248590E+00  0.10571840E+02
  0.11387322E+00  0.10540181E+02
  0.12526055E+00  0.10505433E+02
  0.13664787E+00  0.10467663E+02
  0.14803519E+00  0.10426944E+02
  0.15942251E+00  0.10383354E+02
  0.17080984E+00  0.10336975E+02
  0.18219716E+00  0.10287893E+02
  0.19358448E+00  0.10236198E+02
  0.20497180E+00  0.10181982E+02
  0.21635913E+00  0.10125341E+02
  0.22774645E+00  0.10066372E+02
  0.23913377E+00  0.10005176E+02
  0.25052109E+00  0.99418560E+01
  0.26190842E+00  0.98765156E+01
  0.27329574E+00  0.98092614E+01
  0.28468306E+00  0.97402015E+01
  0.29607038E+00  0.96694450E+01
  0.30745770E+00  0.95971024E+01
  0.31884503E+00  0.95232853E+01
  0.33023235E+00  0.94481061E+01
  0.34161967E+00  0.93716780E+01
  0.35300699E+00  0.92941147E+01
  0.36439432E+00  0.92155305E+01
  0.37578164E+00  0.91360399E+01
  0.38716896E+00  0.90557577E+01
  0.39855628E+00  0.89747990E+01
  0.40994361E+00  0.88932789E+01
  0.42133093E+00  0.88113127E+01
  0.43271825E+00  0.87290158E+01
  0.44410557E+00  0.86465038E+01
  0.45549290E+00  0.85638926E+01
  0.46688022E+00  0.84812987E+01
  0.47826754E+00  0.83988389E+01
  0.48965486E+00  0.83166311E+01
  0.50104219E+00  0.82347943E+01
  0.51242951E+00  0.81534492E+01
  0.52381683E+00  0.80727186E+01
  0.53520415E+00  0.79927278E+01
  0.54659148E+00  0.79136057E+01
  0.55797880E+00  0.78354853E+01
  0.56936612E+00  0.77585051E+01
  0.58075344E+00  0.76828097E+01
  0.59214076E+00  0.76085517E+01
  0.60352809E+00  0.75358931E+01
  0.61491541E+00  0.74650069E+01
  0.62630273E+00  0.73960790E+01
  0.63769005E+00  0.73293101E+01
  0.64907738E+00  0.72649174E+01
  0.66046470E+00  0.72031356E+01
  0.67185202E+00  0.71442178E+01
  0.68323934E+00  0.70884332E+01
  0.69462667E+00  0.70360637E+01
  0.70601399E+00  0.69873957E+01
  0.71740131E+00  0.69427071E+01
  0.72878863E+00  0.69022482E+01
  0.74017596E+00  0.68662174E+01
  0.75156328E+00  0.68347317E+01
  0.76295060E+00  0.68077979E+01
  0.77433792E+00  0.67852884E+01
  0.78572525E+00  0.67669276E+01
  0.79711257E+00  0.67522934E+01
  0.80849989E+00  0.67408327E+01
  0.81988721E+00  0.67318905E+01
  0.83127454E+00  0.67247459E+01
  0.84266186E+00  0.67186539E+01
  0.85404918E+00  0.67128889E+01
  0.86543650E+00  0.67067894E+01
  0.87682383E+00  0.66998017E+01
  0.88821115E+00  0.66915168E+01
  0.89959847E+00  0.66816948E+01
  0.91098579E+00  0.66702693E+01
  0.92237311E+00  0.66573304E+01
  0.93376044E+00  0.66430915E+01
  0.94514776E+00  0.66278481E+01
  0.95653508E+00  0.66119376E+01
  0.96792240E+00  0.65957065E+01
  0.97930973E+00  0.65794884E+01
  0.99069705E+00  0.65635898E+01
  0.10020844E+01  0.65482842E+01
  0.10134717E+01  0.65338100E+01
  0.10248590E+01  0.65203718E+01
  0.10362463E+01  0.65081427E+01
  0.10476337E+01  0.64972673E+01
  0.10590210E+01  0.64878645E+01
  0.10704083E+01  0.64800302E+01
  0.10817956E+01  0.64738394E+01
  0.10931830E+01  0.64693482E+01
  0.11045703E+01  0.64665951E+01
  0.11159576E+01  0.64656023E+01
  0.11273449E+01  0.64663767E+01
  0.11387322E+01  0.64689103E+01
  0.11387322E+01  0.10715069E+02
  0.11501661E+01  0.10711950E+02
  0.11616000E+01  0.10706017E+02
  0.11730338E+01  0.10697112E+02
  0.11844677E+01  0.10685156E+02
  0.11959016E+01  0.10670118E+02
  0.12073354E+01  0.10651997E+02
  0.12187693E+01  0.10630818E+02
  0.12302032E+01  0.10606615E+02
  0.12416370E+01  0.10579438E+02
  0.12530709E+01  0.10549341E+02
  0.12645048E+01  0.10516389E+02
  0.12759386E+01  0.10480652E+02
  0.12873725E+01  0.10442205E+02
  0.12988064E+01  0.10401130E+02
  0.13102402E+01  0.10357511E+02
  0.13216741E+01  0.10311438E+02
  0.13331080E+01  0.10263007E+02
  0.13445419E+01  0.10212313E+02
  0.13559757E+01  0.10159459E+02
  0.13674096E+01  0.10104548E+02
  0.13788435E+01  0.10047688E+02
  0.13902773E+01  0.99889857E+01
  0.14017112E+01  0.99285542E+01
  0.14131451E+01  0.98665061E+01
  0.14245789E+01  0.98029563E+01
  0.14360128E+01  0.97380208E+01
  0.14474467E+01  0.96718168E+01
  0.14588805E+01  0.96044625E+01
  0.14703144E+01  0.95360765E+01
  0.14817483E+01  0.94667782E+01
  0.14931821E+01  0.93966873E+01
  0.15046160E+01  0.93259236E+01
  0.15160499E+01  0.92546069E+01
  0.15274837E+01  0.91828573E+01
  0.15389176E+01  0.91107945E+01
  0.15503515E+01  0.90385381E+01
  0.15617853E+01  0.89662077E+01
  0.15732192E+01  0.88939224E+01
  0.15846531E+01  0.88218013E+01
  0.15960869E+01  0.87499634E+01
  0.16075208E+01  0.86785275E+01
  0.16189547E+01  0.86076126E+01
  0.16303885E+01  0.85373376E+01
  0.16418224E+01  0.84678220E+01
  0.16532563E+01  0.83991855E+01
  0.16646901E+01  0.83315487E+01
  0.16761240E+01  0.82650330E+01
  0.16875579E+01  0.81997611E+01
  0.16989917E+01  0.81358569E+01
  0.17104256E+01  0.80734464E+01
  0.17218595E+01  0.80126576E+01
  0.17332933E+01  0.79536207E+01
  0.17447272E+01  0.78964687E+01
  0.17561611E+01  0.78413374E+01
  0.17675949E+01  0.77883655E+01
  0.17790288E+01  0.77376948E+01
  0.17904627E+01  0.76894695E+01
  0.18018965E+01  0.76438360E+01
  0.18133304E+01  0.76009415E+01
  0.18247643E+01  0.75609329E+01
  0.18361981E+01  0.75239540E+01
  0.18476320E+01  0.74901427E+01
  0.18590659E+01  0.74596259E+01
  0.18704997E+01  0.74325132E+01
  0.18819336E+01  0.74088870E+01
  0.18933675E+01  0.73887861E+01
  0.19048013E+01  0.73721734E+01
  0.19162352E+01  0.73588554E+01
  0.19276691E+01  0.73482304E+01
  0.19391029E+01  0.73382486E+01
  0.19505368E+01  0.73210960E+01
  0.19619707E+01  0.72849955E+01
  0.19734045E+01  0.72377536E+01
  0.19848384E+01  0.71878804E+01
  0.19962723E+01  0.71377612E+01
  0.20077061E+01  0.70881141E+01
  0.20191400E+01  0.70392238E+01
  0.20305739E+01  0.69912334E+01
  0.20420078E+01  0.69442310E+01
  0.20534416E+01  0.68982801E+01
  0.20648755E+01  0.68534336E+01
  0.20763094E+01  0.68097393E+01
  0.20877432E+01  0.67672433E+01
  0.20991771E+01  0.67259915E+01
  0.21106110E+01  0.66860307E+01
  0.21220448E+01  0.66474088E+01
  0.21334787E+01  0.66101755E+01
  0.21449126E+01  0.65743821E+01
  0.21563464E+01  0.65400815E+01
  0.21677803E+01  0.65073286E+01
  0.21792142E+01  0.64761794E+01
  0.21906480E+01  0.64466918E+01
  0.22020819E+01  0.64189248E+01
  0.22135158E+01  0.63929393E+01
  0.22249496E+01  0.63687980E+01
  0.22363835E+01  0.63465661E+01
  0.22478174E+01  0.63263139E+01
  0.22592512E+01  0.63081201E+01
  0.22706851E+01  0.62920823E+01
  0.22821190E+01  0.62783417E+01
  0.22935528E+01  0.62671549E+01
  0.23049867E+01  0.62591375E+01
  0.23164206E+01  0.62561174E+01
  0.23278544E+01  0.62617886E+01
  0.23392883E+01  0.62753457E+01
  0.23507222E+01  0.62921054E+01
  0.23621560E+01  0.63099346E+01
  0.23735899E+01  0.63281053E+01
  0.23850238E+01  0.63462856E+01
  0.23964576E+01  0.63642641E+01
  0.24078915E+01  0.63818623E+01
  0.24193254E+01  0.63988848E+01
  0.24307592E+01  0.64150325E+01
  0.24421931E+01  0.64295570E+01
  0.24536270E+01  0.64391268E+01
  0.24536270E+01  0.10715069E+02
  0.24650774E+01  0.10709428E+02
  0.24765279E+01  0.10704239E+02
  0.24879784E+01  0.10699598E+02
  0.24994288E+01  0.10695599E+02
  0.25108793E+01  0.10692336E+02
  0.25223297E+01  0.10689896E+02
  0.25337802E+01  0.10688362E+02
  0.25452307E+01  0.10687805E+02
  0.25566811E+01  0.10688289E+02
  0.25681316E+01  0.10689864E+02
  0.25795821E+01  0.10692568E+02
  0.25910325E+01  0.10696422E+02
  0.26024830E+01  0.10701434E+02
  0.26139334E+01  0.10707595E+02
  0.26253839E+01  0.10714877E+02
  0.26368344E+01  0.10723234E+02
  0.26482848E+01  0.10732592E+02
  0.26597353E+01  0.10742818E+02
  0.26711858E+01  0.10753535E+02
  0.26826362E+01  0.10760282E+02
  0.26940867E+01  0.10701378E+02
  0.27055371E+01  0.10619161E+02
  0.27169876E+01  0.10534522E+02
  0.27284381E+01  0.10448439E+02
  0.27398885E+01  0.10361260E+02
  0.27513390E+01  0.10273227E+02
  0.27627894E+01  0.10184537E+02
  0.27742399E+01  0.10095368E+02
  0.27856904E+01  0.10005873E+02
  0.27971408E+01  0.99161921E+01
  0.28085913E+01  0.98264469E+01
  0.28200418E+01  0.97367434E+01
  0.28314922E+01  0.96471721E+01
  0.28429427E+01  0.95578085E+01
  0.28543931E+01  0.94687138E+01
  0.28658436E+01  0.93799356E+01
  0.28772941E+01  0.92915089E+01
  0.28887445E+01  0.92034564E+01
  0.29001950E+01  0.91157903E+01
  0.29116455E+01  0.90285127E+01
  0.29230959E+01  0.89416165E+01
  0.29345464E+01  0.88550872E+01
  0.29459968E+01  0.87689031E+01
  0.29574473E+01  0.86830373E+01
  0.29688978E+01  0.85974577E+01
  0.29803482E+01  0.85121290E+01
  0.29917987E+01  0.84270134E+01
  0.30032492E+01  0.83420714E+01
  0.30146996E+01  0.82572633E+01
  0.30261501E+01  0.81725499E+01
  0.30376005E+01  0.80878935E+01
  0.30490510E+01  0.80032591E+01
  0.30605015E+01  0.79186151E+01
  
  0.00000000E+00  0.10715069E+02
  0.11387322E-01  0.10715933E+02
  0.22774645E-01  0.10714581E+02
  0.34161967E-01  0.10711384E+02
  0.45549290E-01  0.10706644E+02
  0.56936612E-01  0.10700564E+02
  0.68323934E-01  0.10693272E+02
  0.79711257E-01  0.10684846E+02
  0.91098579E-01  0.10675338E+02
  0.10248590E+00  0.10664787E+02
  0.11387322E+00  0.10653228E+02
  0.12526055E+00  0.10640690E+02
  0.13664787E+00  0.10627203E+02
  0.14803519E+00  0.10612795E+02
  0.15942251E+00  0.10597497E+02
  0.17080984E+00  0.10581337E+02
  0.18219716E+00  0.10564343E+02
  0.19358448E+00  0.10546545E+02
  0.20497180E+00  0.10527969E+02
  0.21635913E+00  0.10508642E+02
  0.22774645E+00  0.10488587E+02
  0.23913377E+00  0.10467823E+02
  0.25052109E+00  0.10446365E+02
  0.26190842E+00  0.10424222E+02
  0.27329574E+00  0.10401390E+02
  0.28468306E+00  0.10377850E+02
  0.29607038E+00  0.10353557E+02
  0.30745770E+00  0.10328429E+02
  0.31884503E+00  0.10302316E+02
  0.33023235E+00  0.10274957E+02
  0.34161967E+00  0.10245888E+02
  0.35300699E+00  0.10214284E+02
  0.36439432E+00  0.10178719E+02
  0.37578164E+00  0.10137036E+02
  0.38716896E+00  0.10087055E+02
  0.39855628E+00  0.10028325E+02
  0.40994361E+00  0.99625874E+01
  0.42133093E+00  0.98921624E+01
  0.43271825E+00  0.98187916E+01
  0.44410557E+00  0.97435646E+01
  0.45549290E+00  0.96671485E+01
  0.46688022E+00  0.95899705E+01
  0.47826754E+00  0.95123225E+01
  0.48965486E+00  0.94344189E+01
  0.50104219E+00  0.93564267E+01
  0.51242951E+00  0.92784835E+01
  0.52381683E+00  0.92007075E+01
  0.53520415E+00  0.91232039E+01
  0.54659148E+00  0.90460683E+01
  0.55797880E+00  0.89693897E+01
  0.56936612E+00  0.88932525E+01
  0.58075344E+00  0.88177370E+01
  0.59214076E+00  0.87429215E+01
  0.60352809E+00  0.86688821E+01
  0.61491541E+00  0.85956943E+01
  0.62630273E+00  0.85234331E+01
  0.63769005E+00  0.84521742E+01
  0.64907738E+00  0.83819944E+01
  0.66046470E+00  0.83129724E+01
  0.67185202E+00  0.82451901E+01
  0.68323934E+00  0.81787330E+01
  0.69462667E+00  0.81136922E+01
  0.70601399E+00  0.80501650E+01
  0.71740131E+00  0.79882572E+01
  0.72878863E+00  0.79280847E+01
  0.74017596E+00  0.78697757E+01
  0.75156328E+00  0.78134736E+01
  0.76295060E+00  0.77593394E+01
  0.77433792E+00  0.77075551E+01
  0.78572525E+00  0.76583264E+01
  0.79711257E+00  0.76118852E+01
  0.80849989E+00  0.75684906E+01
  0.81988721E+00  0.75284270E+01
  0.83127454E+00  0.74919979E+01
  0.84266186E+00  0.74595137E+01
  0.85404918E+00  0.74312710E+01
  0.86543650E+00  0.74075236E+01
  0.87682383E+00  0.73884487E+01
  0.88821115E+00  0.73741133E+01
  0.89959847E+00  0.73644500E+01
  0.91098579E+00  0.73592502E+01
  0.92237311E+00  0.73581770E+01
  0.93376044E+00  0.73607940E+01
  0.94514776E+00  0.73666028E+01
  0.95653508E+00  0.73750786E+01
  0.96792240E+00  0.73856991E+01
  0.97930973E+00  0.73979642E+01
  0.99069705E+00  0.74114069E+01
  0.10020844E+01  0.74255979E+01
  0.10134717E+01  0.74401456E+01
  0.10248590E+01  0.74546947E+01
  0.10362463E+01  0.74689234E+01
  0.10476337E+01  0.74825408E+01
  0.10590210E+01  0.74952854E+01
  0.10704083E+01  0.75069241E+01
  0.10817956E+01  0.75172518E+01
  0.10931830E+01  0.75260926E+01
  0.11045703E+01  0.75333001E+01
  0.11159576E+01  0.75387598E+01
  0.11273449E+01  0.75423900E+01
  0.11387322E+01  0.75441432E+01
  0.11387322E+01  0.10715069E+02
  0.11501661E+01  0.10716371E+02
  0.11616000E+01  0.10715824E+02
  0.11730338E+01  0.10713592E+02
  0.11844677E+01  0.10709770E+02
  0.11959016E+01  0.10704408E+02
  0.12073354E+01  0.10697531E+02
  0.12187693E+01  0.10689150E+02
  0.12302032E+01  0.10679265E+02
  0.12416370E+01  0.10667871E+02
  0.12530709E+01  0.10654957E+02
  0.12645048E+01  0.10640509E+02
  0.12759386E+01  0.10624510E+02
  0.12873725E+01  0.10606937E+02
  0.12988064E+01  0.10587765E+02
  0.13102402E+01  0.10566963E+02
  0.13216741E+01  0.10544496E+02
  0.13331080E+01  0.10520321E+02
  0.13445419E+01  0.10494392E+02
  0.13559757E+01  0.10466654E+02
  0.13674096E+01  0.10437047E+02
  0.13788435E+01  0.10405505E+02
  0.13902773E+01  0.10371956E+02
  0.14017112E+01  0.10336326E+02
  0.14131451E+01  0.10298540E+02
  0.14245789E+01  0.10258526E+02
  0.14360128E+01  0.10216220E+02
  0.14474467E+01  0.10171572E+02
  0.14588805E+01  0.10124549E+02
  0.14703144E+01  0.10075143E+02
  0.14817483E+01  0.10023374E+02
  0.14931821E+01  0.99692931E+01
  0.15046160E+01  0.99129813E+01
  0.15160499E+01  0.98545497E+01
  0.15274837E+01  0.97941344E+01
  0.15389176E+01  0.97318913E+01
  0.15503515E+01  0.96679905E+01
  0.15617853E+01  0.96026103E+01
  0.15732192E+01  0.95359317E+01
  0.15846531E+01  0.94681343E+01
  0.15960869E+01  0.93993926E+01
  0.16075208E+01  0.93298736E+01
  0.16189547E+01  0.92597352E+01
  0.16303885E+01  0.91891252E+01
  0.16418224E+01  0.91181809E+01
  0.16532563E+01  0.90470292E+01
  0.16646901E+01  0.89757867E+01
  0.16761240E+01  0.89045603E+01
  0.16875579E+01  0.88334476E+01
  0.16989917E+01  0.87625373E+01
  0.17104256E+01  0.86919102E+01
  0.17218595E+01  0.86216395E+01
  0.17332933E+01  0.85517915E+01
  0.17447272E+01  0.84824260E+01
  0.17561611E+01  0.84135971E+01
  0.17675949E+01  0.83453536E+01
  0.17790288E+01  0.82777396E+01
  0.17904627E+01  0.82107950E+01
  0.18018965E+01  0.81445561E+01
  0.18133304E+01  0.80790563E+01
  0.18247643E+01  0.80143267E+01
  0.18361981E+01  0.79503972E+01
  0.18476320E+01  0.78872977E+01
  0.18590659E+01  0.78250600E+01
  0.18704997E+01  0.77637210E+01
  0.18819336E+01  0.77033289E+01
  0.18933675E+01  0.76439547E+01
  0.19048013E+01  0.75857211E+01
  0.19162352E+01  0.75288775E+01
  0.19276691E+01  0.74740499E+01
  0.19391029E+01  0.74232779E+01
  0.19505368E+01  0.73843305E+01
  0.19619707E+01  0.73689059E+01
  0.19734045E+01  0.73690884E+01
  0.19848384E+01  0.73762321E+01
  0.19962723E+01  0.73877950E+01
  0.20077061E+01  0.74028877E+01
  0.20191400E+01  0.74210447E+01
  0.20305739E+01  0.74419393E+01
  0.20420078E+01  0.74653013E+01
  0.20534416E+01  0.74908905E+01
  0.20648755E+01  0.75184866E+01
  0.20763094E+01  0.75478851E+01
  0.20877432E+01  0.75788957E+01
  0.20991771E+01  0.76113416E+01
  0.21106110E+01  0.76450582E+01
  0.21220448E+01  0.76798929E+01
  0.21334787E+01  0.77156969E+01
  0.21449126E+01  0.76991058E+01
  0.21563464E+01  0.76470568E+01
  0.21677803E+01  0.75953673E+01
  0.21792142E+01  0.75440556E+01
  0.21906480E+01  0.74931358E+01
  0.22020819E+01  0.74426203E+01
  0.22135158E+01  0.73925207E+01
  0.22249496E+01  0.73428476E+01
  0.22363835E+01  0.72936110E+01
  0.22478174E+01  0.72448207E+01
  0.22592512E+01  0.71964858E+01
  0.22706851E+01  0.71486157E+01
  0.22821190E+01  0.71012199E+01
  0.22935528E+01  0.70543083E+01
  0.23049867E+01  0.70078920E+01
  0.23164206E+01  0.69619832E+01
  0.23278544E+01  0.69165964E+01
  0.23392883E+01  0.68717489E+01
  0.23507222E+01  0.68274630E+01
  0.23621560E+01  0.67837675E+01
  0.23735899E+01  0.67407025E+01
  0.23850238E+01  0.66983259E+01
  0.23964576E+01  0.66567272E+01
  0.24078915E+01  0.66160549E+01
  0.24193254E+01  0.65765803E+01
  0.24307592E+01  0.65388680E+01
  0.24421931E+01  0.65043557E+01
  0.24536270E+01  0.64781545E+01
  0.24536270E+01  0.10715069E+02
  0.24650774E+01  0.10717646E+02
  0.24765279E+01  0.10720629E+02
  0.24879784E+01  0.10723982E+02
  0.24994288E+01  0.10727674E+02
  0.25108793E+01  0.10731671E+02
  0.25223297E+01  0.10735943E+02
  0.25337802E+01  0.10740462E+02
  0.25452307E+01  0.10745202E+02
  0.25566811E+01  0.10750139E+02
  0.25681316E+01  0.10755252E+02
  0.25795821E+01  0.10760524E+02
  0.25910325E+01  0.10765940E+02
  0.26024830E+01  0.10771488E+02
  0.26139334E+01  0.10777159E+02
  0.26253839E+01  0.10782944E+02
  0.26368344E+01  0.10788837E+02
  0.26482848E+01  0.10794822E+02
  0.26597353E+01  0.10800845E+02
  0.26711858E+01  0.10806546E+02
  0.26826362E+01  0.10790646E+02
  0.26940867E+01  0.10782506E+02
  0.27055371E+01  0.10794983E+02
  0.27169876E+01  0.10808851E+02
  0.27284381E+01  0.10823369E+02
  0.27398885E+01  0.10838327E+02
  0.27513390E+01  0.10853593E+02
  0.27627894E+01  0.10865375E+02
  0.27742399E+01  0.10873753E+02
  0.27856904E+01  0.10882482E+02
  0.27971408E+01  0.10891587E+02
  0.28085913E+01  0.10901093E+02
  0.28200418E+01  0.10911024E+02
  0.28314922E+01  0.10921400E+02
  0.28429427E+01  0.10932242E+02
  0.28543931E+01  0.10943564E+02
  0.28658436E+01  0.10955381E+02
  0.28772941E+01  0.10967699E+02
  0.28887445E+01  0.10980524E+02
  0.29001950E+01  0.10993854E+02
  0.29116455E+01  0.11007683E+02
  0.29230959E+01  0.11021999E+02
  0.29345464E+01  0.11036787E+02
  0.29459968E+01  0.11052023E+02
  0.29574473E+01  0.11067681E+02
  0.29688978E+01  0.11083729E+02
  0.29803482E+01  0.11100131E+02
  0.29917987E+01  0.11116846E+02
  0.30032492E+01  0.11133833E+02
  0.30146996E+01  0.11151044E+02
  0.30261501E+01  0.11168432E+02
  0.30376005E+01  0.11185948E+02
  0.30490510E+01  0.11203544E+02
  0.30605015E+01  0.11221172E+02
  
  0.00000000E+00  0.11718845E+02
  0.11387322E-01  0.11718352E+02
  0.22774645E-01  0.11717071E+02
  0.34161967E-01  0.11714896E+02
  0.45549290E-01  0.11711534E+02
  0.56936612E-01  0.11705919E+02
  0.68323934E-01  0.11694718E+02
  0.79711257E-01  0.11676077E+02
  0.91098579E-01  0.11652414E+02
  0.10248590E+00  0.11625035E+02
  0.11387322E+00  0.11594368E+02
  0.12526055E+00  0.11560606E+02
  0.13664787E+00  0.11523878E+02
  0.14803519E+00  0.11484292E+02
  0.15942251E+00  0.11441948E+02
  0.17080984E+00  0.11396947E+02
  0.18219716E+00  0.11349390E+02
  0.19358448E+00  0.11299380E+02
  0.20497180E+00  0.11247024E+02
  0.21635913E+00  0.11192434E+02
  0.22774645E+00  0.11135725E+02
  0.23913377E+00  0.11077015E+02
  0.25052109E+00  0.11016430E+02
  0.26190842E+00  0.10954105E+02
  0.27329574E+00  0.10890184E+02
  0.28468306E+00  0.10824826E+02
  0.29607038E+00  0.10758217E+02
  0.30745770E+00  0.10690579E+02
  0.31884503E+00  0.10622199E+02
  0.33023235E+00  0.10553475E+02
  0.34161967E+00  0.10485006E+02
  0.35300699E+00  0.10417748E+02
  0.36439432E+00  0.10353258E+02
  0.37578164E+00  0.10293820E+02
  0.38716896E+00  0.10241739E+02
  0.39855628E+00  0.10197589E+02
  0.40994361E+00  0.10159748E+02
  0.42133093E+00  0.10126012E+02
  0.43271825E+00  0.10094753E+02
  0.44410557E+00  0.10064994E+02
  0.45549290E+00  0.10036176E+02
  0.46688022E+00  0.10007978E+02
  0.47826754E+00  0.99802112E+01
  0.48965486E+00  0.99527629E+01
  0.50104219E+00  0.99255649E+01
  0.51242951E+00  0.98985766E+01
  0.52381683E+00  0.98717749E+01
  0.53520415E+00  0.98451481E+01
  0.54659148E+00  0.98186925E+01
  0.55797880E+00  0.97924095E+01
  0.56936612E+00  0.97663049E+01
  0.58075344E+00  0.97403868E+01
  0.59214076E+00  0.97146659E+01
  0.60352809E+00  0.96891544E+01
  0.61491541E+00  0.96638656E+01
  0.62630273E+00  0.96388140E+01
  0.63769005E+00  0.96140150E+01
  0.64907738E+00  0.95894845E+01
  0.66046470E+00  0.95652388E+01
  0.67185202E+00  0.95412949E+01
  0.68323934E+00  0.95176700E+01
  0.69462667E+00  0.94943813E+01
  0.70601399E+00  0.94714466E+01
  0.71740131E+00  0.94488833E+01
  0.72878863E+00  0.94267093E+01
  0.74017596E+00  0.94049420E+01
  0.75156328E+00  0.93835991E+01
  0.76295060E+00  0.93626977E+01
  0.77433792E+00  0.93422551E+01
  0.78572525E+00  0.93222881E+01
  0.79711257E+00  0.93028131E+01
  0.80849989E+00  0.92838464E+01
  0.81988721E+00  0.92654034E+01
  0.83127454E+00  0.92474996E+01
  0.84266186E+00  0.92301495E+01
  0.85404918E+00  0.92133674E+01
  0.86543650E+00  0.91971667E+01
  0.87682383E+00  0.91815604E+01
  0.88821115E+00  0.91665608E+01
  0.89959847E+00  0.91521795E+01
  0.91098579E+00  0.91384274E+01
  0.92237311E+00  0.91253147E+01
  0.93376044E+00  0.91128509E+01
  0.94514776E+00  0.91010448E+01
  0.95653508E+00  0.90899045E+01
  0.96792240E+00  0.90794373E+01
  0.97930973E+00  0.90696500E+01
  0.99069705E+00  0.90605485E+01
  0.10020844E+01  0.90521382E+01
  0.10134717E+01  0.90444238E+01
  0.10248590E+01  0.90374094E+01
  0.10362463E+01  0.90310986E+01
  0.10476337E+01  0.90254945E+01
  0.10590210E+01  0.90205995E+01
  0.10704083E+01  0.90164157E+01
  0.10817956E+01  0.90129446E+01
  0.10931830E+01  0.90101874E+01
  0.11045703E+01  0.90081444E+01
  0.11159576E+01  0.90068157E+01
  0.11273449E+01  0.90062006E+01
  0.11387322E+01  0.90062978E+01
  0.11387322E+01  0.11718845E+02
  0.11501661E+01  0.11718659E+02
  0.11616000E+01  0.11717795E+02
  0.11730338E+01  0.11716228E+02
  0.11844677E+01  0.11713879E+02
  0.11959016E+01  0.11710281E+02
  0.12073354E+01  0.11700606E+02
  0.12187693E+01  0.11681432E+02
  0.12302032E+01  0.11658323E+02
  0.12416370E+01  0.11632185E+02
  0.12530709E+01  0.11603223E+02
  0.12645048E+01  0.11571570E+02
  0.12759386E+01  0.11537349E+02
  0.12873725E+01  0.11500685E+02
  0.12988064E+01  0.11461710E+02
  0.13102402E+01  0.11420568E+02
  0.13216741E+01  0.11377409E+02
  0.13331080E+01  0.11332395E+02
  0.13445419E+01  0.11285698E+02
  0.13559757E+01  0.11237500E+02
  0.13674096E+01  0.11187990E+02
  0.13788435E+01  0.11137370E+02
  0.13902773E+01  0.11085844E+02
  0.14017112E+01  0.11033623E+02
  0.14131451E+01  0.10980919E+02
  0.14245789E+01  0.10927941E+02
  0.14360128E+01  0.10874889E+02
  0.14474467E+01  0.10821951E+02
  0.14588805E+01  0.10769291E+02
  0.14703144E+01  0.10717051E+02
  0.14817483E+01  0.10665342E+02
  0.14931821E+01  0.10614238E+02
  0.15046160E+01  0.10563784E+02
  0.15160499E+01  0.10513988E+02
  0.15274837E+01  0.10464832E+02
  0.15389176E+01  0.10416272E+02
  0.15503515E+01  0.10368248E+02
  0.15617853E+01  0.10320686E+02
  0.15732192E+01  0.10273505E+02
  0.15846531E+01  0.10226620E+02
  0.15960869E+01  0.10179950E+02
  0.16075208E+01  0.10133413E+02
  0.16189547E+01  0.10086934E+02
  0.16303885E+01  0.10040443E+02
  0.16418224E+01  0.99938782E+01
  0.16532563E+01  0.99471810E+01
  0.16646901E+01  0.99003016E+01
  0.16761240E+01  0.98531954E+01
  0.16875579E+01  0.98058242E+01
  0.16989917E+01  0.97581549E+01
  0.17104256E+01  0.97101600E+01
  0.17218595E+01  0.96618165E+01
  0.17332933E+01  0.96131062E+01
  0.17447272E+01  0.95640151E+01
  0.17561611E+01  0.95145333E+01
  0.17675949E+01  0.94646547E+01
  0.17790288E+01  0.94143766E+01
  0.17904627E+01  0.93636999E+01
  0.18018965E+01  0.93126285E+01
  0.18133304E+01  0.92611694E+01
  0.18247643E+01  0.92093326E+01
  0.18361981E+01  0.91571307E+01
  0.18476320E+01  0.91045787E+01
  0.18590659E+01  0.90516941E+01
  0.18704997E+01  0.89984966E+01
  0.18819336E+01  0.89450080E+01
  0.18933675E+01  0.88912518E+01
  0.19048013E+01  0.88372533E+01
  0.19162352E+01  0.87830390E+01
  0.19276691E+01  0.87286371E+01
  0.19391029E+01  0.86740766E+01
  0.19505368E+01  0.86193874E+01
  0.19619707E+01  0.85646000E+01
  0.19734045E+01  0.85097456E+01
  0.19848384E+01  0.84548554E+01
  0.19962723E+01  0.83999606E+01
  0.20077061E+01  0.83450925E+01
  0.20191400E+01  0.82902817E+01
  0.20305739E+01  0.82355586E+01
  0.20420078E+01  0.81809525E+01
  0.20534416E+01  0.81264923E+01
  0.20648755E+01  0.80722054E+01
  0.20763094E+01  0.80181186E+01
  0.20877432E+01  0.79642570E+01
  0.20991771E+01  0.79106447E+01
  0.21106110E+01  0.78573046E+01
  0.21220448E+01  0.78042585E+01
  0.21334787E+01  0.77515340E+01
  0.21449126E+01  0.77523835E+01
  0.21563464E+01  0.77897661E+01
  0.21677803E+01  0.78277686E+01
  0.21792142E+01  0.78662831E+01
  0.21906480E+01  0.79052129E+01
  0.22020819E+01  0.79444685E+01
  0.22135158E+01  0.79839666E+01
  0.22249496E+01  0.80236296E+01
  0.22363835E+01  0.80633849E+01
  0.22478174E+01  0.81031648E+01
  0.22592512E+01  0.81429059E+01
  0.22706851E+01  0.81825486E+01
  0.22821190E+01  0.82220371E+01
  0.22935528E+01  0.82613188E+01
  0.23049867E+01  0.83003441E+01
  0.23164206E+01  0.83390661E+01
  0.23278544E+01  0.83774402E+01
  0.23392883E+01  0.84154238E+01
  0.23507222E+01  0.84529752E+01
  0.23621560E+01  0.84900535E+01
  0.23735899E+01  0.85266163E+01
  0.23850238E+01  0.85626177E+01
  0.23964576E+01  0.85980029E+01
  0.24078915E+01  0.86326965E+01
  0.24193254E+01  0.86665699E+01
  0.24307592E+01  0.86993238E+01
  0.24421931E+01  0.87298031E+01
  0.24536270E+01  0.87480659E+01
  0.24536270E+01  0.11718845E+02
  0.24650774E+01  0.11716550E+02
  0.24765279E+01  0.11708834E+02
  0.24879784E+01  0.11695747E+02
  0.24994288E+01  0.11677363E+02
  0.25108793E+01  0.11653769E+02
  0.25223297E+01  0.11625067E+02
  0.25337802E+01  0.11591380E+02
  0.25452307E+01  0.11552854E+02
  0.25566811E+01  0.11509654E+02
  0.25681316E+01  0.11461961E+02
  0.25795821E+01  0.11409976E+02
  0.25910325E+01  0.11353913E+02
  0.26024830E+01  0.11294000E+02
  0.26139334E+01  0.11230477E+02
  0.26253839E+01  0.11163595E+02
  0.26368344E+01  0.11093622E+02
  0.26482848E+01  0.11020851E+02
  0.26597353E+01  0.10945664E+02
  0.26711858E+01  0.10868990E+02
  0.26826362E+01  0.10816745E+02
  0.26940867E+01  0.10821418E+02
  0.27055371E+01  0.10827977E+02
  0.27169876E+01  0.10834904E+02
  0.27284381E+01  0.10842105E+02
  0.27398885E+01  0.10849573E+02
  0.27513390E+01  0.10857323E+02
  0.27627894E+01  0.10869065E+02
  0.27742399E+01  0.10884650E+02
  0.27856904E+01  0.10900269E+02
  0.27971408E+01  0.10915849E+02
  0.28085913E+01  0.10931330E+02
  0.28200418E+01  0.10946661E+02
  0.28314922E+01  0.10961797E+02
  0.28429427E+01  0.10976708E+02
  0.28543931E+01  0.10991369E+02
  0.28658436E+01  0.11005765E+02
  0.28772941E+01  0.11019889E+02
  0.28887445E+01  0.11033741E+02
  0.29001950E+01  0.11047327E+02
  0.29116455E+01  0.11060658E+02
  0.29230959E+01  0.11073752E+02
  0.29345464E+01  0.11086628E+02
  0.29459968E+01  0.11099309E+02
  0.29574473E+01  0.11111820E+02
  0.29688978E+01  0.11124188E+02
  0.29803482E+01  0.11136440E+02
  0.29917987E+01  0.11148602E+02
  0.30032492E+01  0.11160703E+02
  0.30146996E+01  0.11172769E+02
  0.30261501E+01  0.11184825E+02
  0.30376005E+01  0.11196896E+02
  0.30490510E+01  0.11209004E+02
  0.30605015E+01  0.11221172E+02
  
  0.00000000E+00  0.11760991E+02
  0.11387322E-01  0.11760018E+02
  0.22774645E-01  0.11755923E+02
  0.34161967E-01  0.11748169E+02
  0.45549290E-01  0.11737423E+02
  0.56936612E-01  0.11724914E+02
  0.68323934E-01  0.11714069E+02
  0.79711257E-01  0.11706823E+02
  0.91098579E-01  0.11700846E+02
  0.10248590E+00  0.11694922E+02
  0.11387322E+00  0.11688719E+02
  0.12526055E+00  0.11682140E+02
  0.13664787E+00  0.11675157E+02
  0.14803519E+00  0.11667764E+02
  0.15942251E+00  0.11659966E+02
  0.17080984E+00  0.11651772E+02
  0.18219716E+00  0.11643190E+02
  0.19358448E+00  0.11634230E+02
  0.20497180E+00  0.11624902E+02
  0.21635913E+00  0.11615215E+02
  0.22774645E+00  0.11605178E+02
  0.23913377E+00  0.11594798E+02
  0.25052109E+00  0.11584081E+02
  0.26190842E+00  0.11573032E+02
  0.27329574E+00  0.11561655E+02
  0.28468306E+00  0.11549949E+02
  0.29607038E+00  0.11537913E+02
  0.30745770E+00  0.11525539E+02
  0.31884503E+00  0.11512818E+02
  0.33023235E+00  0.11499734E+02
  0.34161967E+00  0.11486264E+02
  0.35300699E+00  0.11472379E+02
  0.36439432E+00  0.11458042E+02
  0.37578164E+00  0.11443208E+02
  0.38716896E+00  0.11427824E+02
  0.39855628E+00  0.11411831E+02
  0.40994361E+00  0.11395169E+02
  0.42133093E+00  0.11377776E+02
  0.43271825E+00  0.11359596E+02
  0.44410557E+00  0.11340583E+02
  0.45549290E+00  0.11320703E+02
  0.46688022E+00  0.11299936E+02
  0.47826754E+00  0.11278273E+02
  0.48965486E+00  0.11255718E+02
  0.50104219E+00  0.11232280E+02
  0.51242951E+00  0.11207976E+02
  0.52381683E+00  0.11182822E+02
  0.53520415E+00  0.11156840E+02
  0.54659148E+00  0.11130049E+02
  0.55797880E+00  0.11102470E+02
  0.56936612E+00  0.11074121E+02
  0.58075344E+00  0.11045022E+02
  0.59214076E+00  0.11015192E+02
  0.60352809E+00  0.10984650E+02
  0.61491541E+00  0.10953416E+02
  0.62630273E+00  0.10921509E+02
  0.63769005E+00  0.10888950E+02
  0.64907738E+00  0.10855760E+02
  0.66046470E+00  0.10821963E+02
  0.67185202E+00  0.10787581E+02
  0.68323934E+00  0.10752640E+02
  0.69462667E+00  0.10717167E+02
  0.70601399E+00  0.10681192E+02
  0.71740131E+00  0.10644745E+02
  0.72878863E+00  0.10607859E+02
  0.74017596E+00  0.10570570E+02
  0.75156328E+00  0.10532915E+02
  0.76295060E+00  0.10494935E+02
  0.77433792E+00  0.10456673E+02
  0.78572525E+00  0.10418175E+02
  0.79711257E+00  0.10379492E+02
  0.80849989E+00  0.10340674E+02
  0.81988721E+00  0.10301779E+02
  0.83127454E+00  0.10262866E+02
  0.84266186E+00  0.10223998E+02
  0.85404918E+00  0.10185245E+02
  0.86543650E+00  0.10146677E+02
  0.87682383E+00  0.10108373E+02
  0.88821115E+00  0.10070413E+02
  0.89959847E+00  0.10032885E+02
  0.91098579E+00  0.99958815E+01
  0.92237311E+00  0.99595002E+01
  0.93376044E+00  0.99238452E+01
  0.94514776E+00  0.98890265E+01
  0.95653508E+00  0.98551602E+01
  0.96792240E+00  0.98223685E+01
  0.97930973E+00  0.97907792E+01
  0.99069705E+00  0.97605260E+01
  0.10020844E+01  0.97317471E+01
  0.10134717E+01  0.97045848E+01
  0.10248590E+01  0.96791841E+01
  0.10362463E+01  0.96556910E+01
  0.10476337E+01  0.96342505E+01
  0.10590210E+01  0.96150042E+01
  0.10704083E+01  0.95980876E+01
  0.10817956E+01  0.95836267E+01
  0.10931830E+01  0.95717351E+01
  0.11045703E+01  0.95625103E+01
  0.11159576E+01  0.95560312E+01
  0.11273449E+01  0.95523548E+01
  0.11387322E+01  0.95515147E+01
  0.11387322E+01  0.11760991E+02
  0.11501661E+01  0.11759324E+02
  0.11616000E+01  0.11754369E+02
  0.11730338E+01  0.11746298E+02
  0.11844677E+01  0.11735223E+02
  0.11959016E+01  0.11721649E+02
  0.12073354E+01  0.11710461E+02
  0.12187693E+01  0.11705149E+02
  0.12302032E+01  0.11700235E+02
  0.12416370E+01  0.11694906E+02
  0.12530709E+01  0.11689062E+02
  0.12645048E+01  0.11682682E+02
  0.12759386E+01  0.11675769E+02
  0.12873725E+01  0.11668328E+02
  0.12988064E+01  0.11660368E+02
  0.13102402E+01  0.11651897E+02
  0.13216741E+01  0.11642922E+02
  0.13331080E+01  0.11633452E+02
  0.13445419E+01  0.11623493E+02
  0.13559757E+01  0.11613049E+02
  0.13674096E+01  0.11602126E+02
  0.13788435E+01  0.11590727E+02
  0.13902773E+01  0.11578854E+02
  0.14017112E+01  0.11566509E+02
  0.14131451E+01  0.11553692E+02
  0.14245789E+01  0.11540402E+02
  0.14360128E+01  0.11526637E+02
  0.14474467E+01  0.11512392E+02
  0.14588805E+01  0.11497664E+02
  0.14703144E+01  0.11482446E+02
  0.14817483E+01  0.11466731E+02
  0.14931821E+01  0.11450509E+02
  0.15046160E+01  0.11433770E+02
  0.15160499E+01  0.11416503E+02
  0.15274837E+01  0.11398696E+02
  0.15389176E+01  0.11380333E+02
  0.15503515E+01  0.11361399E+02
  0.15617853E+01  0.11341879E+02
  0.15732192E+01  0.11321757E+02
  0.15846531E+01  0.11301014E+02
  0.15960869E+01  0.11279635E+02
  0.16075208E+01  0.11257604E+02
  0.16189547E+01  0.11234904E+02
  0.16303885E+01  0.11211521E+02
  0.16418224E+01  0.11187445E+02
  0.16532563E+01  0.11162665E+02
  0.16646901E+01  0.11137175E+02
  0.16761240E+01  0.11110970E+02
  0.16875579E+01  0.11084050E+02
  0.16989917E+01  0.11056416E+02
  0.17104256E+01  0.11028074E+02
  0.17218595E+01  0.10999030E+02
  0.17332933E+01  0.10969294E+02
  0.17447272E+01  0.10938877E+02
  0.17561611E+01  0.10907793E+02
  0.17675949E+01  0.10876054E+02
  0.17790288E+01  0.10843677E+02
  0.17904627E+01  0.10810678E+02
  0.18018965E+01  0.10777073E+02
  0.18133304E+01  0.10742879E+02
  0.18247643E+01  0.10708115E+02
  0.18361981E+01  0.10672800E+02
  0.18476320E+01  0.10636953E+02
  0.18590659E+01  0.10600595E+02
  0.18704997E+01  0.10563746E+02
  0.18819336E+01  0.10526428E+02
  0.18933675E+01  0.10488664E+02
  0.19048013E+01  0.10450480E+02
  0.19162352E+01  0.10411899E+02
  0.19276691E+01  0.10372948E+02
  0.19391029E+01  0.10333657E+02
  0.19505368E+01  0.10294053E+02
  0.19619707E+01  0.10254169E+02
  0.19734045E+01  0.10214036E+02
  0.19848384E+01  0.10173689E+02
  0.19962723E+01  0.10133163E+02
  0.20077061E+01  0.10092496E+02
  0.20191400E+01  0.10051726E+02
  0.20305739E+01  0.10010893E+02
  0.20420078E+01  0.99700397E+01
  0.20534416E+01  0.99292089E+01
  0.20648755E+01  0.98884453E+01
  0.20763094E+01  0.98477951E+01
  0.20877432E+01  0.98073059E+01
  0.20991771E+01  0.97670267E+01
  0.21106110E+01  0.97270078E+01
  0.21220448E+01  0.96873009E+01
  0.21334787E+01  0.96479591E+01
  0.21449126E+01  0.96090369E+01
  0.21563464E+01  0.95705903E+01
  0.21677803E+01  0.95326766E+01
  0.21792142E+01  0.94953551E+01
  0.21906480E+01  0.94586862E+01
  0.22020819E+01  0.94227323E+01
  0.22135158E+01  0.93875574E+01
  0.22249496E+01  0.93532277E+01
  0.22363835E+01  0.93198108E+01
  0.22478174E+01  0.92873765E+01
  0.22592512E+01  0.92559968E+01
  0.22706851E+01  0.92257451E+01
  0.22821190E+01  0.91966970E+01
  0.22935528E+01  0.91689288E+01
  0.23049867E+01  0.91425178E+01
  0.23164206E+01  0.91175389E+01
  0.23278544E+01  0.90940602E+01
  0.23392883E+01  0.90721253E+01
  0.23507222E+01  0.90516843E+01
  0.23621560E+01  0.90321107E+01
  0.23735899E+01  0.90078613E+01
  0.23850238E+01  0.89746486E+01
  0.23964576E+01  0.89398831E+01
  0.24078915E+01  0.89051827E+01
  0.24193254E+01  0.88708911E+01
  0.24307592E+01  0.88373436E+01
  0.24421931E+01  0.88056807E+01
  0.24536270E+01  0.87857998E+01
  0.24536270E+01  0.11760991E+02
  0.24650774E+01  0.11758262E+02
  0.24765279E+01  0.11754095E+02
  0.24879784E+01  0.11749456E+02
  0.24994288E+01  0.11744507E+02
  0.25108793E+01  0.11739317E+02
  0.25223297E+01  0.11733934E+02
  0.25337802E+01  0.11728397E+02
  0.25452307E+01  0.11722736E+02
  0.25566811E+01  0.11716972E+02
  0.25681316E+01  0.11711123E+02
  0.25795821E+01  0.11705201E+02
  0.25910325E+01  0.11699210E+02
  0.26024830E+01  0.11693154E+02
  0.26139334E+01  0.11687029E+02
  0.26253839E+01  0.11680830E+02
  0.26368344E+01  0.11674547E+02
  0.26482848E+01  0.11668169E+02
  0.26597353E+01  0.11661679E+02
  0.26711858E+01  0.11655062E+02
  0.26826362E+01  0.11648298E+02
  0.26940867E+01  0.11641367E+02
  0.27055371E+01  0.11634244E+02
  0.27169876E+01  0.11626908E+02
  0.27284381E+01  0.11619332E+02
  0.27398885E+01  0.11611492E+02
  0.27513390E+01  0.11603361E+02
  0.27627894E+01  0.11592289E+02
  0.27742399E+01  0.11578296E+02
  0.27856904E+01  0.11564055E+02
  0.27971408E+01  0.11549610E+02
  0.28085913E+01  0.11535005E+02
  0.28200418E+01  0.11520283E+02
  0.28314922E+01  0.11505480E+02
  0.28429427E+01  0.11490634E+02
  0.28543931E+01  0.11475775E+02
  0.28658436E+01  0.11460933E+02
  0.28772941E+01  0.11446131E+02
  0.28887445E+01  0.11431390E+02
  0.29001950E+01  0.11416726E+02
  0.29116455E+01  0.11402152E+02
  0.29230959E+01  0.11387677E+02
  0.29345464E+01  0.11373306E+02
  0.29459968E+01  0.11359041E+02
  0.29574473E+01  0.11344882E+02
  0.29688978E+01  0.11330826E+02
  0.29803482E+01  0.11316867E+02
  0.29917987E+01  0.11302999E+02
  0.30032492E+01  0.11289213E+02
  0.30146996E+01  0.11275500E+02
  0.30261501E+01  0.11261851E+02
  0.30376005E+01  0.11248253E+02
  0.30490510E+01  0.11234697E+02
  0.30605015E+01  0.11221172E+02
  
  0.00000000E+00  0.11764728E+02
  0.11387322E-01  0.11763406E+02
  0.22774645E-01  0.11761672E+02
  0.34161967E-01  0.11760189E+02
  0.45549290E-01  0.11758610E+02
  0.56936612E-01  0.11756803E+02
  0.68323934E-01  0.11754716E+02
  0.79711257E-01  0.11752311E+02
  0.91098579E-01  0.11749552E+02
  0.10248590E+00  0.11746405E+02
  0.11387322E+00  0.11742842E+02
  0.12526055E+00  0.11738834E+02
  0.13664787E+00  0.11734358E+02
  0.14803519E+00  0.11729394E+02
  0.15942251E+00  0.11723925E+02
  0.17080984E+00  0.11717938E+02
  0.18219716E+00  0.11711422E+02
  0.19358448E+00  0.11704368E+02
  0.20497180E+00  0.11696771E+02
  0.21635913E+00  0.11688626E+02
  0.22774645E+00  0.11679930E+02
  0.23913377E+00  0.11670685E+02
  0.25052109E+00  0.11660891E+02
  0.26190842E+00  0.11650553E+02
  0.27329574E+00  0.11639676E+02
  0.28468306E+00  0.11628268E+02
  0.29607038E+00  0.11616343E+02
  0.30745770E+00  0.11603915E+02
  0.31884503E+00  0.11591003E+02
  0.33023235E+00  0.11577632E+02
  0.34161967E+00  0.11563833E+02
  0.35300699E+00  0.11549641E+02
  0.36439432E+00  0.11535102E+02
  0.37578164E+00  0.11520267E+02
  0.38716896E+00  0.11505194E+02
  0.39855628E+00  0.11489946E+02
  0.40994361E+00  0.11474591E+02
  0.42133093E+00  0.11459192E+02
  0.43271825E+00  0.11443809E+02
  0.44410557E+00  0.11428492E+02
  0.45549290E+00  0.11413276E+02
  0.46688022E+00  0.11398186E+02
  0.47826754E+00  0.11383232E+02
  0.48965486E+00  0.11368413E+02
  0.50104219E+00  0.11353722E+02
  0.51242951E+00  0.11339148E+02
  0.52381683E+00  0.11324675E+02
  0.53520415E+00  0.11310290E+02
  0.54659148E+00  0.11295977E+02
  0.55797880E+00  0.11281725E+02
  0.56936612E+00  0.11267522E+02
  0.58075344E+00  0.11253360E+02
  0.59214076E+00  0.11239231E+02
  0.60352809E+00  0.11225130E+02
  0.61491541E+00  0.11211054E+02
  0.62630273E+00  0.11197002E+02
  0.63769005E+00  0.11182974E+02
  0.64907738E+00  0.11168974E+02
  0.66046470E+00  0.11155004E+02
  0.67185202E+00  0.11141070E+02
  0.68323934E+00  0.11127179E+02
  0.69462667E+00  0.11113339E+02
  0.70601399E+00  0.11099560E+02
  0.71740131E+00  0.11085853E+02
  0.72878863E+00  0.11072229E+02
  0.74017596E+00  0.11058701E+02
  0.75156328E+00  0.11045284E+02
  0.76295060E+00  0.11031991E+02
  0.77433792E+00  0.11018840E+02
  0.78572525E+00  0.11005844E+02
  0.79711257E+00  0.10993022E+02
  0.80849989E+00  0.10980390E+02
  0.81988721E+00  0.10967966E+02
  0.83127454E+00  0.10955767E+02
  0.84266186E+00  0.10943810E+02
  0.85404918E+00  0.10932115E+02
  0.86543650E+00  0.10920697E+02
  0.87682383E+00  0.10909575E+02
  0.88821115E+00  0.10898766E+02
  0.89959847E+00  0.10888286E+02
  0.91098579E+00  0.10878153E+02
  0.92237311E+00  0.10868383E+02
  0.93376044E+00  0.10858990E+02
  0.94514776E+00  0.10849990E+02
  0.95653508E+00  0.10841398E+02
  0.96792240E+00  0.10833227E+02
  0.97930973E+00  0.10825490E+02
  0.99069705E+00  0.10818199E+02
  0.10020844E+01  0.10811366E+02
  0.10134717E+01  0.10805002E+02
  0.10248590E+01  0.10799116E+02
  0.10362463E+01  0.10793718E+02
  0.10476337E+01  0.10788816E+02
  0.10590210E+01  0.10784417E+02
  0.10704083E+01  0.10780529E+02
  0.10817956E+01  0.10777156E+02
  0.10931830E+01  0.10774304E+02
  0.11045703E+01  0.10771977E+02
  0.11159576E+01  0.10770178E+02
  0.11273449E+01  0.10768911E+02
  0.11387322E+01  0.10768175E+02
  0.11387322E+01  0.11764728E+02
  0.11501661E+01  0.11764831E+02
  0.11616000E+01  0.11764661E+02
  0.11730338E+01  0.11764086E+02
  0.11844677E+01  0.11763094E+02
  0.11959016E+01  0.11761682E+02
  0.12073354E+01  0.11759836E+02
  0.12187693E+01  0.11757538E+02
  0.12302032E+01  0.11754770E+02
  0.12416370E+01  0.11751511E+02
  0.12530709E+01  0.11747741E+02
  0.12645048E+01  0.11743441E+02
  0.12759386E+01  0.11738595E+02
  0.12873725E+01  0.11733188E+02
  0.12988064E+01  0.11727204E+02
  0.13102402E+01  0.11720632E+02
  0.13216741E+01  0.11713462E+02
  0.13331080E+01  0.11705684E+02
  0.13445419E+01  0.11697290E+02
  0.13559757E+01  0.11688274E+02
  0.13674096E+01  0.11678631E+02
  0.13788435E+01  0.11668356E+02
  0.13902773E+01  0.11657446E+02
  0.14017112E+01  0.11645899E+02
  0.14131451E+01  0.11633713E+02
  0.14245789E+01  0.11620888E+02
  0.14360128E+01  0.11607425E+02
  0.14474467E+01  0.11593324E+02
  0.14588805E+01  0.11578589E+02
  0.14703144E+01  0.11563222E+02
  0.14817483E+01  0.11547227E+02
  0.14931821E+01  0.11530609E+02
  0.15046160E+01  0.11513375E+02
  0.15160499E+01  0.11495530E+02
  0.15274837E+01  0.11477082E+02
  0.15389176E+01  0.11458040E+02
  0.15503515E+01  0.11438412E+02
  0.15617853E+01  0.11418209E+02
  0.15732192E+01  0.11397441E+02
  0.15846531E+01  0.11376118E+02
  0.15960869E+01  0.11354250E+02
  0.16075208E+01  0.11331847E+02
  0.16189547E+01  0.11308920E+02
  0.16303885E+01  0.11285476E+02
  0.16418224E+01  0.11261523E+02
  0.16532563E+01  0.11237066E+02
  0.16646901E+01  0.11212108E+02
  0.16761240E+01  0.11186652E+02
  0.16875579E+01  0.11160698E+02
  0.16989917E+01  0.11134244E+02
  0.17104256E+01  0.11107287E+02
  0.17218595E+01  0.11079825E+02
  0.17332933E+01  0.11051854E+02
  0.17447272E+01  0.11023369E+02
  0.17561611E+01  0.10994368E+02
  0.17675949E+01  0.10964850E+02
  0.17790288E+01  0.10934812E+02
  0.17904627E+01  0.10904257E+02
  0.18018965E+01  0.10873186E+02
  0.18133304E+01  0.10841605E+02
  0.18247643E+01  0.10809519E+02
  0.18361981E+01  0.10776936E+02
  0.18476320E+01  0.10743869E+02
  0.18590659E+01  0.10710327E+02
  0.18704997E+01  0.10676326E+02
  0.18819336E+01  0.10641880E+02
  0.18933675E+01  0.10607007E+02
  0.19048013E+01  0.10571724E+02
  0.19162352E+01  0.10536051E+02
  0.19276691E+01  0.10500007E+02
  0.19391029E+01  0.10463613E+02
  0.19505368E+01  0.10426890E+02
  0.19619707E+01  0.10389860E+02
  0.19734045E+01  0.10352545E+02
  0.19848384E+01  0.10314965E+02
  0.19962723E+01  0.10277144E+02
  0.20077061E+01  0.10239102E+02
  0.20191400E+01  0.10200860E+02
  0.20305739E+01  0.10162440E+02
  0.20420078E+01  0.10123861E+02
  0.20534416E+01  0.10085144E+02
  0.20648755E+01  0.10046308E+02
  0.20763094E+01  0.10007373E+02
  0.20877432E+01  0.99683559E+01
  0.20991771E+01  0.99292753E+01
  0.21106110E+01  0.98901485E+01
  0.21220448E+01  0.98509924E+01
  0.21334787E+01  0.98118234E+01
  0.21449126E+01  0.97726575E+01
  0.21563464E+01  0.97335102E+01
  0.21677803E+01  0.96943966E+01
  0.21792142E+01  0.96553317E+01
  0.21906480E+01  0.96163300E+01
  0.22020819E+01  0.95774059E+01
  0.22135158E+01  0.95385735E+01
  0.22249496E+01  0.94998469E+01
  0.22363835E+01  0.94612402E+01
  0.22478174E+01  0.94227675E+01
  0.22592512E+01  0.93844433E+01
  0.22706851E+01  0.93462823E+01
  0.22821190E+01  0.93083000E+01
  0.22935528E+01  0.92705133E+01
  0.23049867E+01  0.92329413E+01
  0.23164206E+01  0.91956075E+01
  0.23278544E+01  0.91585455E+01
  0.23392883E+01  0.91218160E+01
  0.23507222E+01  0.90855764E+01
  0.23621560E+01  0.90505638E+01
  0.23735899E+01  0.90224366E+01
  0.23850238E+01  0.90056033E+01
  0.23964576E+01  0.89927850E+01
  0.24078915E+01  0.89825163E+01
  0.24193254E+01  0.89746584E+01
  0.24307592E+01  0.89692501E+01
  0.24421931E+01  0.89663777E+01
  0.24536270E+01  0.89661530E+01
  0.24536270E+01  0.11764728E+02
  0.24650774E+01  0.11764903E+02
  0.24765279E+01  0.11765706E+02
  0.24879784E+01  0.11766179E+02
  0.24994288E+01  0.11766168E+02
  0.25108793E+01  0.11765617E+02
  0.25223297E+01  0.11764491E+02
  0.25337802E+01  0.11762763E+02
  0.25452307E+01  0.11760409E+02
  0.25566811E+01  0.11757410E+02
  0.25681316E+01  0.11753747E+02
  0.25795821E+01  0.11749407E+02
  0.25910325E+01  0.11744379E+02
  0.26024830E+01  0.11738655E+02
  0.26139334E+01  0.11732233E+02
  0.26253839E+01  0.11725115E+02
  0.26368344E+01  0.11717306E+02
  0.26482848E+01  0.11708818E+02
  0.26597353E+01  0.11699668E+02
  0.26711858E+01  0.11689875E+02
  0.26826362E+01  0.11679466E+02
  0.26940867E+01  0.11668469E+02
  0.27055371E+01  0.11656920E+02
  0.27169876E+01  0.11644856E+02
  0.27284381E+01  0.11632317E+02
  0.27398885E+01  0.11619346E+02
  0.27513390E+01  0.11605988E+02
  0.27627894E+01  0.11594913E+02
  0.27742399E+01  0.11586121E+02
  0.27856904E+01  0.11576960E+02
  0.27971408E+01  0.11567405E+02
  0.28085913E+01  0.11557432E+02
  0.28200418E+01  0.11547019E+02
  0.28314922E+01  0.11536146E+02
  0.28429427E+01  0.11524795E+02
  0.28543931E+01  0.11512951E+02
  0.28658436E+01  0.11500604E+02
  0.28772941E+01  0.11487743E+02
  0.28887445E+01  0.11474365E+02
  0.29001950E+01  0.11460469E+02
  0.29116455E+01  0.11446059E+02
  0.29230959E+01  0.11431142E+02
  0.29345464E+01  0.11415729E+02
  0.29459968E+01  0.11399838E+02
  0.29574473E+01  0.11383488E+02
  0.29688978E+01  0.11366705E+02
  0.29803482E+01  0.11349518E+02
  0.29917987E+01  0.11331961E+02
  0.30032492E+01  0.11314070E+02
  0.30146996E+01  0.11295886E+02
  0.30261501E+01  0.11277455E+02
  0.30376005E+01  0.11258824E+02
  0.30490510E+01  0.11240045E+02
  0.30605015E+01  0.11221172E+02
  
